99c9244c-71c1-477a-84d4-a4e5fe047f43,234969963,2020-12-12T16:01:09.626Z,2020-12-12T16:01:09.626Z,1,我記得大社好像也有泰餃情欸 我應該沒記錯啦,0,F
97283ecb-fb0c-40a2-86fc-8066841a6851,234969963,2020-12-12T16:51:35.992Z,2020-12-12T16:51:35.992Z,2,B1 大社有喔 剛開幕沒多久,0,M
c96bba12-f484-4cd6-837a-fbeba6f54e3c,234966312,2020-12-12T03:04:34.833Z,2020-12-12T03:04:34.833Z,1,喔 所以呢？,0,M
f441fb2f-e0a4-401f-a74c-6c88e5b7c4d8,234966312,2020-12-12T03:06:51.285Z,2020-12-12T03:06:51.285Z,2,"B1 
https://i.imgur.com/ifDwVpF.jpg",0,M
a298a304-f3a9-48a2-8eca-ade2c5054e52,234966312,2020-12-12T03:22:38.777Z,2020-12-12T03:22:38.777Z,3,B2 不要理他 讓他尷尬,1,F
896aff47-1557-442c-87c3-3af9f0872def,234966312,2020-12-12T03:33:08.469Z,2020-12-12T03:33:08.469Z,4,可憐啊 女朋友出來護航 可惜了 枯草插在牛糞上,0,M
6b5c8952-0fc5-4221-83b5-6af1ddb17002,234966312,2020-12-12T03:35:11.200Z,2020-12-12T03:35:11.200Z,5,B4 不認識他 這張圖的梗本來就是這樣 你是不是看不懂😂,0,F
fa3c1fbd-95d4-488b-87a7-4a4aa715b960,234966312,2020-12-12T03:35:24.079Z,2020-12-12T03:35:24.079Z,6,B4 wait!我不認識你我也不認識她欸～你今天是不是心情不好啊這位先生？,0,M
2316b0bc-49b0-4998-8369-61c4978a54f8,234966312,2020-12-12T03:37:07.237Z,2020-12-12T03:37:07.237Z,7,B5 看來他今天心情不太好，就算了吧。,0,M
ba6d7d0c-152b-4a76-b4a7-03cf9d498564,234966312,2020-12-12T03:55:44.200Z,2020-12-12T03:55:44.200Z,8,沒錢買車 拍別人的？ 你問過了嗎？ 可憐 家教何在,0,M
124f500f-abdf-46da-908e-e17457de6042,234966312,2020-12-12T03:57:05.834Z,2020-12-12T03:57:05.834Z,9,B8 其中一台是我的車啊灰色那台是我的啊,0,M
54b7537d-7a2f-4aa1-9793-b145f6194d4c,234966312,2020-12-12T03:57:50.143Z,2020-12-12T04:03:17.149Z,10,B8 我的車我還要經過自己的允許嗎🤔啊還是說你藍色那台的車主呢？,0,M
2b3845e8-78f1-4751-8eb4-013b8e981f5e,234966312,2020-12-12T06:10:56.548Z,2020-12-12T06:10:56.548Z,11,灰色那台不是我的嗎...,0,M
ce088ae8-cab2-4ec3-b1b5-a1020b83c386,234966312,2020-12-12T08:08:23.563Z,2020-12-12T08:08:23.563Z,12,B11 come on！！別讓人誤會啊！！這位先生,0,M
83156fbe-16c3-40c4-aa73-3bf279546df5,234966312,2020-12-12T08:51:47.659Z,2020-12-12T08:51:47.659Z,13,印度生鏽車,0,M
51a68a1a-875b-4fcd-98ca-c9a4fe6608e3,234964780,2020-12-12T12:51:48.170Z,2020-12-12T12:51:48.170Z,1,"順便問一下 
其他的都發完了嗎",0,M
e06a3243-c2bf-4e2c-b651-4c8783e528ce,234962953,2020-12-11T12:30:04.280Z,2020-12-11T12:30:04.280Z,1,"白癡學生
交通安全規則就說機車=汽車
還在那邊沒有機車臨停的條例
我檢舉的啦 活該違停仔",1,M
bde61898-20db-4f4f-80d0-29e75ca33ef1,234962953,2020-12-11T14:11:04.022Z,2020-12-11T14:11:04.022Z,2,？,0,M
5a3f613a-1c67-4a42-a8ce-e209f9b53375,234962953,2020-12-11T14:41:31.521Z,2020-12-11T14:41:31.521Z,3,"B2 
大致上是一個樹德ㄉ學生停學校對面的待轉格
結果被檢舉 然後就說不知道那裡不能臨停
甚至不知道那裡是待轉區
然後被嗆 就刪文ㄌ
本來還想轉到校版讓大家知道",0,F
245074a4-f840-4ea7-aad6-d23b40674f22,234962953,2020-12-11T14:49:54.584Z,2020-12-11T14:49:54.584Z,4,B3 汽車⋯？,0,M
c30d67bb-303d-40e3-a93c-0144b0608673,234962953,2020-12-11T14:52:20.571Z,2020-12-11T14:52:20.571Z,5,B4 機車ㄛ,0,F
040a6919-d04d-4b4e-9fa3-0007ebd313e0,234962297,2020-12-11T10:13:16.808Z,2020-12-11T10:13:16.808Z,1,太棒了 手牽手去買票！,0,F
5aa2fef4-3ba2-417d-8497-90687ef78de5,234962297,2020-12-11T11:45:16.823Z,2020-12-11T11:45:16.823Z,2,bravo！！耳朵整個懷12胞胎～～✨,0,F
e9c2a16c-db9b-4567-99c7-201d1d596bb6,234961697,2020-12-11T16:53:42.885Z,2020-12-11T16:53:42.885Z,1,"說真的 
妳這樣一講 
拔了跟沒拔一樣⋯沒用🤣
大家都知道在哪裡了！",1,M
189df026-4aa0-462c-b809-26068da019ca,234961697,2020-12-11T17:23:30.460Z,2020-12-11T17:23:30.460Z,2,"B1  是沒錯 但我那時候沒想那麼多 只是想說 拔起來才不會沒電 不然一直插著也不好
所以才把他的鑰匙放在安全帽下的",0,F
39515a35-70bb-4718-ab57-5e31451b856b,234961697,2020-12-11T17:25:09.274Z,2020-12-11T17:25:09.274Z,3,我是車主 謝謝妳🥺 還好我們時間沒隔太久,1,M
3edce0b6-dd3b-46e6-a383-f644f3d9341a,234961697,2020-12-11T17:32:10.566Z,2020-12-11T17:32:10.566Z,4,B3 不會不會～下次記得拔鑰匙 跟關電門哦,1,F
ff8002f4-dc93-45df-a404-d2adfb86d96f,234960458,2020-12-11T08:39:15.847Z,2020-12-11T08:39:15.847Z,1,高雄殯儀館,0,M
e212764b-36a3-43df-8b33-084c0063cd39,234954628,2020-12-10T08:13:57.732Z,2020-12-10T08:13:57.732Z,1,那就是不能叫阿哈囉？？？,4,F
d80daedd-290f-4c52-ad0e-243d08ef48bd,234954628,2020-12-10T08:28:54.709Z,2020-12-10T08:28:54.709Z,2,是在哈囉？,3,F
2633c8aa-0f59-4d50-a953-50b6bd9ad295,234954628,2020-12-10T09:29:15.880Z,2020-12-10T09:29:15.880Z,3,把你外送的地點換成市區就可以叫很多很多東西囉,3,M
ea716036-ea0e-401f-9e83-9447fe0e60f0,234954628,2020-12-10T14:51:20.940Z,2020-12-10T14:51:43.973Z,4,可是聽說這樣外送員有權利不經過同意就把你的食物吃掉誒，而且還不用賠償B3,0,F
7c91ff58-7b2c-4628-881c-6101dbf0cbfb,234954628,2020-12-10T16:12:24.744Z,2020-12-10T16:12:24.744Z,5,B4 依照熊貓公司規定，超過外送範圍我們外送員是可以回報取消單的哦～ 並不是不經過你們同意就能取消吃掉好嗎。,1,M
d14e9b12-d94b-44f8-b08b-c973fa3afb9a,234954628,2020-12-11T04:28:52.019Z,2020-12-11T04:28:52.019Z,6,淺略的了解了B5,0,F
3f726fe1-d85e-4eaa-8688-555283480e43,234954628,2020-12-11T08:52:27.281Z,2020-12-11T08:52:27.281Z,7,學店,0,M
d2144503-18c5-4e07-aabb-6aab857b9d93,234954628,2020-12-11T11:59:29.031Z,2020-12-11T11:59:29.031Z,8,我幫你送啊 1000塊,0,M
209d5eca-8b94-4b8d-aa04-a40ad9da501a,234954360,2020-12-10T07:16:47.851Z,2020-12-10T07:16:47.851Z,1,死人,1,M
91ff03a8-bd24-4df5-a7a0-81f37606b26d,234954360,2020-12-10T07:22:43.965Z,2020-12-10T07:22:43.965Z,2,B1 骨頭,0,M
e3193e4d-9294-4ac9-b4d6-c010fa95234c,234954360,2020-12-10T07:26:17.372Z,2020-12-10T07:26:17.372Z,3,B2 cum inside,1,M
b24f5ff6-ab99-483b-a9e5-ef57cd078497,234954360,2020-12-10T08:07:17.087Z,2020-12-10T08:07:17.087Z,4,0,1,M
22732291-db28-491a-82a6-880541c4772f,234954360,2020-12-10T08:51:44.530Z,2020-12-10T08:51:44.530Z,5,1,1,M
d02c26a5-79bc-4649-8a44-6be075f7714a,234954360,2020-12-10T09:05:01.624Z,2020-12-10T09:05:09.470Z,6,早,1,M
37bd73c1-2f82-4f4d-8c2a-264d5a1fdb5a,234954360,2020-12-10T09:05:14.016Z,2020-12-10T09:05:14.016Z,7,2,0,M
e533fcf0-046b-4a36-b4f3-f44a7774035c,234954360,2020-12-10T11:06:17.233Z,2020-12-10T11:06:17.233Z,8,3,0,M
80bbc652-05ce-47d4-9551-563e7027bc72,234954360,2020-12-10T11:06:26.972Z,2020-12-10T11:06:26.972Z,9,斷,0,M
82f81c07-63cd-47ed-8257-79eaffa285ea,234954360,2020-12-10T15:18:16.895Z,2020-12-10T15:18:16.895Z,10,4,0,M
1922a4f7-7211-4432-8dad-3e2ef205295a,234954360,2020-12-11T08:52:36.962Z,2020-12-11T08:52:36.962Z,11,5,0,M
548a442c-8110-4945-b5ce-5c0841cd181a,234954360,2020-12-11T08:52:52.812Z,2020-12-11T08:52:52.812Z,12,77,0,M
747f4dc2-31ee-4405-bf80-9543553b79a8,234948786,2020-12-10T06:26:12.530Z,2020-12-10T06:26:12.530Z,1,女生辦的話，可以考慮參加,0,M
b77e7a11-0390-4e5c-8778-56a9123cd99c,234948786,2020-12-10T09:36:51.130Z,2020-12-10T09:36:51.130Z,2,等你越長越大，你就不會相信友情了,0,M
57dcaf67-b39e-4640-b627-85dd95540d07,234948786,2020-12-10T10:59:55.749Z,2020-12-10T10:59:55.749Z,3,"B1 傻孩子，我們社群都女生。
B2 又長了一些年紀，開始回頭尋找友情了：)",0,M
dd2c0f06-6ef1-41cc-a846-17376809e658,234947485,2020-12-09T08:30:08.249Z,2020-12-09T08:30:08.249Z,1,推起來！我想要曲面螢幕！！,0,M
5186655e-f3a6-412f-a5bd-d03a340ce027,234947485,2020-12-09T08:33:08.903Z,2020-12-09T08:33:08.903Z,2,推起來👍,0,F
e0060e94-d2d3-4d10-af06-9e4531996388,234947485,2020-12-09T10:24:12.727Z,2020-12-09T10:24:12.727Z,3,推,0,M
18384122-7ad4-4bf4-8e5c-dbc88354fd91,234945705,2020-12-09T09:05:59.760Z,2020-12-09T09:05:59.760Z,1,還有那種很喜歡帶別人進房間待到凌晨兩三點還很吵的⋯🙄️,1,F
73582767-9810-4d01-94b1-8a940f606803,234945705,2020-12-09T09:27:24.389Z,2020-12-09T09:27:24.389Z,2,B1 我說的那些人平常就會這樣，但昨天直接吵的5點我真的是^^*,0,F
bb83a4e1-9247-43f7-a2bc-9bf7726316d9,234945694,2020-12-08T22:45:54.135Z,2020-12-08T22:45:54.135Z,1,"https://i.imgur.com/9wQlGJY.jpg
我也沒注意到時間也沒去到，不過單子上面是這樣寫只佔15%",0,M
e584b7ba-dc3e-4427-91d7-c2e7eb66c775,234945694,2020-12-09T00:33:00.372Z,2020-12-09T00:33:13.107Z,2,,,
bbf5fe07-44f0-4ddc-aa66-4ce9fb80bedf,234945694,2020-12-09T00:33:18.929Z,2020-12-09T00:34:51.098Z,3,如果不清楚可以直接到課服組找霞霞姐,0,F
675fc430-d43d-4477-945c-a397d40e8bc5,234945694,2020-12-09T01:22:07.527Z,2020-12-09T01:22:07.527Z,4,60分就會過了，除非你沒去服務實作，或是服務實作不認真分數被打很低,0,M
b563d4b2-3d7a-4829-948f-0bb94463f974,234945317,2020-12-08T23:30:01.695Z,2020-12-08T23:30:01.695Z,1,學校網站查就有了🤨,0,M
0957f7df-e12c-418a-95ab-323bec065002,234945317,2020-12-09T04:15:46.385Z,2020-12-09T04:16:05.271Z,2,"1.有 跟學貸一起辦的
2.是
3.ㄧ學期
4.我記得最高可以到13000（這不確定
以上這些上網查就有 請搜尋學貸",2,F
3415fcfd-b52d-42fd-8dad-bebe9c5ffc8f,234945317,2020-12-09T07:19:49.533Z,2020-12-09T07:19:49.533Z,3,我記得政府好像有青年租屋補助的樣子,1,F
354b1bd0-b9a3-4890-91c1-3e63b6284040,234944722,2020-12-08T17:22:59.214Z,2020-12-08T17:22:59.214Z,1,"不打算拍
聽說這屆畢聯會一堆問題",4,M
5f2bba90-6a8a-43da-aeb9-d41928b4d7bd,234944722,2020-12-08T17:31:43.591Z,2020-12-08T17:31:43.591Z,2,B1 真的  超多的 傻眼,0,M
52b1dbb6-934a-494e-a27d-8d44919757ba,234944722,2020-12-08T17:38:49.853Z,2020-12-08T17:38:49.853Z,3,私立的學校不會好到哪裡去菈哈哈,0,M
bb103375-db04-4786-abf9-7ec5551a71aa,234944722,2020-12-08T18:51:36.363Z,2020-12-08T18:51:36.363Z,4,"要拍證件格式的話
好像要另外收錢",0,M
f4eed01c-47c8-4657-8b75-ffe3e8855b8a,234944722,2020-12-09T01:18:12.813Z,2020-12-09T01:18:12.813Z,5,B1 我也有聽說欸一直狂出包,0,M
d58a0a65-d152-4402-88a8-24549a606c4b,234944722,2020-12-09T01:18:46.802Z,2020-12-09T01:18:46.802Z,6,B4 謝謝我知道了🙏,0,M
a6098344-c0bd-472c-a993-3ee3b50a2012,234942568,2020-12-09T04:40:39.268Z,2020-12-09T04:40:39.268Z,1,請問方便看屋內照片嗎～謝謝,0,F
dd8f31ec-6301-4281-818b-55c0bae460a0,234942568,2020-12-09T18:20:32.937Z,2020-12-09T18:20:32.937Z,2,B1方便呀方便呀~但是要怎麼給你看呢🤔？,0,F
d1287b3f-4bc2-4b1d-b283-b2dc720f3d67,234941743,2020-12-08T08:48:42.655Z,2020-12-08T08:48:42.655Z,1,有照片地址嗎,1,M
5ad8a336-567f-47a7-bc4f-421b6d9d1636,234941743,2020-12-08T08:51:26.590Z,2020-12-08T08:52:07.215Z,2,,,
d88d4944-8853-40e3-b660-7535c0a7b118,234941743,2020-12-08T08:52:17.144Z,2020-12-10T07:03:24.007Z,3,,,
d140bdb2-7bb8-456c-b236-8009242fd0f4,234940467,2020-12-08T06:02:22.142Z,2020-12-08T06:02:22.142Z,1,看起來很欠參加欸,3,F
458ce8b1-e32a-4c1e-860d-d338a82bfce7,234940467,2020-12-08T06:46:55.635Z,2020-12-08T06:46:55.635Z,2,超欠的餒 一起參加一起參加B1,2,F
5b2d353f-0b61-4a4f-a4e1-017bd1aca85e,234940467,2020-12-08T08:49:02.388Z,2020-12-08T08:49:02.388Z,3,幼稚無趣,0,M
b46691ec-d3c0-4aff-8ea6-297e5dde592d,234940467,2020-12-08T15:01:06.893Z,2020-12-08T15:01:06.893Z,4,還是要參加一下的吧～,2,F
b0596b92-bbf5-40b2-9c5a-03f847c552a4,234940467,2020-12-08T18:28:20.343Z,2020-12-08T18:28:20.343Z,5,最近有什麼好玩的活動嗎？,2,F
7c7a1560-4012-405a-87f3-0b63f39e427b,234940467,2020-12-08T18:29:13.511Z,2020-12-08T18:29:13.511Z,6,主持社好像有辦聖誕節活動 可是不知道內容有什麼B5,1,F
d709bbe7-e6fc-45f6-8778-e93094c7b333,234940467,2020-12-08T19:10:29.430Z,2020-12-08T19:11:08.707Z,7,,,
0426a694-e26f-43bc-8006-7ca2fba4d7c7,234940467,2020-12-08T19:11:26.767Z,2020-12-08T19:11:26.767Z,8,"B5 
https://i.imgur.com/UY86eFq.jpg

這個好像很不錯～我們社團今天有幫他們宣傳～聽說有電影票可以抽！好像還有湯圓可以吃到飽的樣子",1,F
93953d20-0b4e-4e9d-abbd-f9e1bb4cd209,234940467,2020-12-08T19:43:33.574Z,2020-12-08T19:44:07.728Z,9,"B6 謝謝 那個我有看到但是內容打得不清不楚 就不想去了
B8謝謝 我超想去 但是活動那天人不在高雄😭",1,F
a4124784-0879-4511-bdc8-8b26e67088fa,234940467,2020-12-08T19:47:26.429Z,2020-12-08T19:47:26.429Z,10,"B9 
我也是很剛好沒有辦法去，但我們社團跟他們好像還不錯～所以我們也是幫他們推廣推廣～",1,F
7847196a-e7d2-424b-824a-5e522e829022,234940467,2020-12-09T00:51:18.449Z,2020-12-09T00:51:18.449Z,11,怎麼看到一堆自打臉的社團在那邊說自己的活動好像不錯 可是又說不知道內容？,0,M
a2e0dbf8-2b5e-4417-8000-156bb1bb92f1,234940467,2020-12-09T00:51:47.567Z,2020-12-09T00:51:47.567Z,12,B11 可能對自己的社團沒自信吧XD,0,M
89fbb0bf-8ed0-402c-adcc-18870c43ee89,234940467,2020-12-09T01:14:08.168Z,2020-12-09T01:14:08.168Z,13,感覺上面都同社團ㄉ在對話哈哈哈笑死,2,F
8158139e-5e52-4858-b701-dcd5e29b0bb7,234940467,2020-12-09T02:41:44.002Z,2020-12-09T02:42:08.915Z,14,拍謝齁 我是在迪卡上看到有辦活動但沒寫內容 不是來推廣的喔B11,0,F
8d0e3640-bd7d-49f4-b80f-558a578405d2,234940467,2020-12-09T05:39:41.101Z,2020-12-09T05:39:41.101Z,15,有跨年舞會,1,F
27a9d8f8-a4db-4c4d-9551-5f6dd287759c,234940467,2020-12-09T08:14:18.946Z,2020-12-09T08:14:24.470Z,16,,,
41614462-077d-484c-8680-bd4a8c1f0770,234940467,2020-12-09T08:35:30.540Z,2020-12-09T08:35:30.540Z,17,"之前都會寫內容 宣傳也會講會有什麼活動什麼鬼的 
現在跟我們玩猜謎 我連參加都不想了！",1,M
ceebf461-ce42-4970-8fe1-b829028372b0,234940467,2020-12-09T10:22:04.359Z,2020-12-09T10:22:04.359Z,18,B17 真的！可能覺得這樣方式會引起好奇更有吸引力吧！ 想揪朋友人家問那這個活動要幹嘛，也不知道要說什麼,0,F
29297fd8-a454-488c-b243-55f9c37c800a,234940312,2020-12-08T04:28:20.998Z,2020-12-08T04:28:20.998Z,1,會看就不會坐那了啊🙄🙄,1,M
54ebe0cc-9d0f-4020-9638-c2a074302ee2,234940312,2020-12-08T09:56:16.419Z,2020-12-08T09:56:16.419Z,2,"我以為這是台灣人的習性ㄟ
看到隊伍會自覺的往那邊開始排隊",0,M
324dd62d-bb5f-445d-92d4-9f6470418f8d,234936266,2020-12-07T13:14:03.194Z,2020-12-07T13:14:03.194Z,1,不會ㄚ 學校的電腦好像也是曲面的吧，上課也沒怪怪的感覺，不太懂你怪怪的意思，但我自己在家就算調到舒服的角度使用CAD，直線也不會因為螢幕看起來變彎的xD,1,F
27d69c26-e829-43db-9dde-0bd03d0557d4,234936266,2020-12-07T20:58:58.611Z,2020-12-07T20:58:58.611Z,2,五樓教室的電腦就是曲面的ㄛ,1,F
d10dcd92-7b88-49dd-8737-563fdd1e8b07,234936266,2020-12-08T06:21:31.805Z,2020-12-08T06:21:31.805Z,3,了解，謝謝你的回答，我會這樣問是因為有業者說過那都是因人而異，他用過一次就再也不用了，所以才想說來問問看年輕人適應的如何 哈哈哈B1,1,M
4bfeb4f5-7db4-4d8e-9603-f362d057f211,234936266,2020-12-08T06:21:42.240Z,2020-12-08T06:21:42.240Z,4,我知道👍🏻B2,0,M
5801402c-0da5-47c9-8df6-ccd3095e1eff,234936266,2020-12-08T16:10:32.431Z,2020-12-08T16:10:32.431Z,5,用曲面畫Cad才好畫啊，螢幕夠大,1,M
7202e1bb-5368-443a-88bd-e32a94d600c6,234936266,2020-12-08T16:12:31.370Z,2020-12-08T16:12:31.370Z,6,了解 我會參考 謝啦🤘🏻B5,0,M
2d9c747e-8a3e-40d0-9b4b-160c10607a91,234935910,2020-12-07T10:59:35.484Z,2020-12-07T10:59:35.484Z,1,請問現在已經開始申請下學期的減免了嗎😱,0,F
fb25de88-3d6a-404f-af17-a06043cdd37b,234935910,2020-12-07T11:46:54.595Z,2020-12-07T11:46:54.595Z,2,"B1 ㄜ 對 不然我怎麼會po這個
我是覺得妳可以先試試看啦，如果跟我一樣點減免類別都沒辦法申請 那也沒用",0,F
e445f010-65af-4638-ad4d-c92e6d8a5010,234935910,2020-12-07T14:33:52.309Z,2020-12-07T14:33:52.309Z,3,+1,0,M
2f8d912f-10e4-43bf-b5eb-95fe944000a5,234935910,2020-12-07T14:40:39.223Z,2020-12-07T14:40:39.223Z,4,真的我的也是 期限到12月18日的說,0,F
8a258fe0-211a-4470-89d5-45e27bbf8898,234935910,2020-12-07T14:42:05.277Z,2020-12-07T14:42:05.277Z,5,我的也是,0,F
e9e2ced7-efef-4ffe-8e3a-0d3946acf43b,234935910,2020-12-07T15:50:23.314Z,2020-12-07T15:50:23.314Z,6,"我的也是ಠ_ಠ
還以為只有我",0,F
1f9ca8e5-da94-43bd-a91e-9456751f200c,234935910,2020-12-08T01:22:06.729Z,2020-12-08T01:22:23.740Z,7,"B1 b2 b3 b4 b5 b6 今天正常了歐！
我剛有申請 成功存檔了！",0,F
82481557-ebd6-47ae-a095-22db0046b126,234935910,2020-12-08T01:24:36.809Z,2020-12-08T01:24:36.809Z,8,謝謝 B7 ヾ(･ω･*)ﾉ,0,F
2095e1ce-edd6-4d30-88ce-e1fc0c46b6e2,234935910,2020-12-08T01:27:29.235Z,2020-12-08T01:27:29.235Z,9,"問個
這學期是只要交申請表嗎～？",0,F
00e016e9-0937-4cd0-adb8-2b16041df3b1,234935910,2020-12-08T01:32:40.795Z,2020-12-08T01:32:40.795Z,10,B8 ㄣˇ免ㄎㄟˋkey♪(´ε｀ ),0,F
5bab5991-b604-4a0a-9ddc-49c47bb6340e,234933959,2020-12-07T03:44:40.766Z,2020-12-07T03:44:40.766Z,1,去語文中心 跟他說要更改就會幫你消掉就可以重新送一份,0,F
c85f4e31-a214-4e4a-8643-3afba25b0ebb,234933959,2020-12-07T03:45:59.393Z,2020-12-07T03:45:59.393Z,2,"B1 那請問我能之後考過畢業門檻的時候 再去更改嗎？
畢竟我這次沒考過😭",0,F
929f41d6-9468-429f-81ab-49999f41d112,234933959,2020-12-07T03:46:30.263Z,2020-12-07T03:46:30.263Z,3,可以,0,F
b4744333-3962-4eda-93da-c93373f060d5,234933959,2020-12-07T03:46:56.377Z,2020-12-07T03:46:56.377Z,4,B3  好 謝謝你～,0,F
4fa40539-ce99-4b9e-ba76-eb88ccf9a90d,234933959,2020-12-07T03:49:04.674Z,2020-12-07T03:49:04.674Z,5,B4 不客氣,0,F
bf8be7c2-50c9-4d65-b1b9-4b1ee7ad217a,234930750,2020-12-08T04:17:40.063Z,2020-12-08T04:17:40.063Z,1,幽默？,0,M
084e7ead-a97a-41ad-a11c-554a4b69a3e4,234930750,2020-12-09T06:33:18.897Z,2020-12-09T06:33:18.897Z,2,我的🙏,0,F
872c898c-b997-4a44-bf03-1e2c91f27fef,234930750,2020-12-09T12:28:17.801Z,2020-12-09T12:28:17.801Z,3,B1 羨慕？,1,M
84fad09e-56ac-4b79-9a2a-3e6080998bdb,234930750,2020-12-09T12:28:52.173Z,2020-12-09T12:28:52.173Z,4,B2 怎麼給妳呢,0,M
f804eee3-df9b-46c9-bdd8-22871cafc260,234930750,2020-12-10T06:24:42.480Z,2020-12-10T06:24:42.480Z,5,自以為幽默 好可憐,0,M
a00a1bb6-f028-4f1a-8c04-ce349d425aff,234930750,2020-12-10T10:40:32.913Z,2020-12-10T10:40:32.913Z,6,B5 沒朋友(?),1,M
2657d4c9-7fc6-496a-9cf6-d249d8b2f7f8,234930750,2020-12-10T10:41:06.128Z,2020-12-10T10:41:06.128Z,7,B4 我不需要了😂重瓣過了,0,F
a96dc58b-9f35-40d0-8994-36229f5ebf0a,234930750,2020-12-10T10:42:12.240Z,2020-12-10T10:42:12.240Z,8,B7 好的 所以請問我怎麼處理比較ok,0,M
7c9815e9-1912-4fc6-8cc7-de9ba3c2def9,234924810,2020-12-07T01:33:14.545Z,2020-12-07T01:33:14.545Z,1,可養寵物嗎,0,M
066681ad-f86b-4f91-a20b-a8d052f0faea,234924810,2020-12-07T10:42:46.179Z,2020-12-07T10:42:46.179Z,2,B1 不行 ಥ_ಥ,0,F
1f4bff33-be70-4cf7-948e-74657fc66473,234924810,2020-12-07T16:36:39.458Z,2020-12-07T16:36:39.458Z,3,有照片嗎,0,F
c3b39318-2639-42bb-910e-53d91620252e,234924810,2020-12-08T05:27:07.625Z,2020-12-08T05:27:07.625Z,4,B3 已轉租樓,0,F
195b0940-ecef-4c91-8550-9f81c8a645a9,234924361,2020-12-05T10:08:35.866Z,2020-12-05T10:08:35.866Z,1,我一天沒騎在「禁行機車」這四個字上就覺得渾身不對勁，不知道會不會被三民ㄧ分局的刑警依公共危險送辦,8,M
04df143f-470b-497b-8079-a40f69d8cf7c,234924361,2020-12-05T13:04:52.986Z,2020-12-05T13:04:52.986Z,2,"B0 12/18 博愛 裕誠 路口 待轉大富翁
抗爭沒有是不影響人民的 
讓全高雄人知道 機車不被平權對待以及待轉的愚蠢 加油",2,M
a6597b88-aaa4-4167-9f66-69462342f158,234924361,2020-12-05T13:31:09.464Z,2020-12-05T13:31:09.464Z,3,B2 什麼時候有消息了，促進會裡怎麼沒看到,0,M
7be13ec7-7230-4bbf-be0d-f0581484ccad,234924361,2020-12-05T15:12:19.053Z,2020-12-05T15:12:19.053Z,4,"騎沒關係 我是覺得不要騎在禁行機車又很慢擋我路
我都ok",3,M
a9ed80f6-d5ae-43be-8ff6-4ff62471e1af,234924361,2020-12-05T16:12:03.561Z,2020-12-05T16:12:45.820Z,5,"哀 現在路邊違停的轎車他媽一堆 
現在的機車道像在考直線七秒一樣",7,M
edefc911-b23a-4d19-8d1a-45c5cbcb6fda,234924361,2020-12-05T19:50:22.593Z,2020-12-05T19:50:22.593Z,6,"沒關係 
今天他檢舉了機車
明天死的是他爸媽

違規停車不檢舉真是妓女",1,M
fa4c9f14-9517-44b0-b464-ecd96373ad40,234924361,2020-12-06T06:01:38.009Z,2020-12-06T06:02:02.675Z,7,看他車的畫面484咖啡色有毛的布然後有洞洞的,0,M
bf256846-7077-4bd0-bd3e-928ad3436b7e,234924361,2020-12-06T10:48:04.255Z,2020-12-06T10:48:04.255Z,8,"B3 
https://i.imgur.com/Trd0CWu.jpg
似乎不是促進會的活動",0,M
80006d91-dae3-4acc-8642-5c5926aa6dd5,234924361,2020-12-06T11:04:29.494Z,2020-12-06T11:04:29.494Z,9,B8 挺 12/18幾點,0,M
163b0265-2e2c-453a-b7e9-971ba5d8239b,234924361,2020-12-06T12:12:45.479Z,2020-12-06T12:12:45.479Z,10,幹嘛生氣 他搞不好也是不小心拍到的啊  >_0,0,M
9e55036f-b185-468a-a547-e660e35a430a,234924361,2020-12-06T16:03:18.521Z,2020-12-06T16:03:18.521Z,11,"B10 
不小心拍到 
不小心打開影片編輯軟體 
不小心把幾個小時中的一個畫面擷取下來 
不小心打開檢舉網站 不小心把檔案傳上去
我懂☺️",0,M
1031c545-773d-436c-8cd3-b0d18bd0946c,234924361,2020-12-06T17:23:29.473Z,2020-12-06T17:23:29.473Z,12,B2要不要一起衝一波,0,M
e31c52b2-24a1-48c7-929a-12c1f8570034,234924361,2020-12-07T08:07:07.935Z,2020-12-07T08:07:07.935Z,13,超爽 違規被檢舉 活該,0,M
64a28083-0ea6-47a3-a437-1e1954462174,234924361,2020-12-08T04:18:04.932Z,2020-12-08T04:18:04.932Z,14,違規就違規 在那邊不小心？,0,M
392137ea-177b-4f12-adf1-7ac6ddf4f24b,234924361,2020-12-08T06:15:26.089Z,2020-12-08T06:15:26.089Z,15,"往學校那條就真的很難騎啊
如果不用閃一堆大車 
根本不會有人想要騎在禁行機車車道上面吧...",0,F
5ab67bbb-55fe-42de-aa3c-1b34fd3cb993,234924361,2020-12-09T00:56:21.498Z,2020-12-09T00:57:54.114Z,16,自己違規詛咒別人什麼意思啊🙄️,1,F
996d2115-5f38-453e-b3da-2cd2fbf2d4fb,234924241,2020-12-05T10:10:42.610Z,2020-12-05T10:10:42.610Z,1,屌媽拉咪,0,M
92c47bd7-b3fa-441f-9eed-394655c4e541,234924241,2020-12-05T11:59:27.324Z,2020-12-05T11:59:27.324Z,2,好帥,0,F
2879ab9f-b2d2-42c5-ad53-c42c467f172d,234924241,2020-12-05T15:19:16.728Z,2020-12-05T15:19:16.728Z,3,哈哈是我啦,1,M
26111238-d0cd-499c-95a1-a76b363d3a04,234924241,2020-12-05T16:06:32.387Z,2020-12-05T16:06:32.387Z,4,哈哈是我啦,0,M
4cc27c71-cef0-4c96-b4a4-9745a1df166d,234924241,2020-12-05T18:24:48.309Z,2020-12-05T18:24:48.309Z,5,我只看到屌媽啦咪~,0,F
38d3576a-fe6d-44cd-9227-b5957a978631,234924241,2020-12-06T03:52:31.232Z,2020-12-06T03:52:31.232Z,6,"他朋友本人在此

嘿各位 屌媽拉咪",0,M
98a6bc27-e16d-408a-8f74-54bd019a02bf,234924241,2020-12-07T08:06:23.207Z,2020-12-07T08:06:23.207Z,7,有我ㄝ，我是那台小阿魯,1,M
c7fa0f52-b7a5-4754-aa3d-0bcb8b45bd42,234923881,2020-12-05T11:26:44.715Z,2020-12-05T11:26:44.715Z,1,我覺得大社還不錯 吃的都方便,0,F
5c601ddc-e0aa-4f4c-8ea6-de38f3be3269,234923464,2020-12-05T15:20:20.765Z,2020-12-05T15:20:20.765Z,1,在幹嘛的..,2,M
9e017454-192c-499f-8e28-4a4ede1ad295,234923464,2020-12-07T14:15:06.134Z,2020-12-07T14:15:06.134Z,2,B1 我們這次活動是有闖關遊戲呦！,0,M
3c123468-eff8-4d95-9f47-45effa319eed,234920046,2020-12-04T13:12:43.557Z,2020-12-04T13:12:43.557Z,1,跟我說吧，我願意做你的傾聽垃圾桶,0,M
5483d6cc-23da-4c7b-8be5-a8f46cc6e6b7,234920046,2020-12-04T13:25:27.530Z,2020-12-04T13:25:27.530Z,2,在哪個定點啊？  我想避開😂,1,F
59ae1f9b-2aa7-4bd9-9ced-668b71eebc01,234920046,2020-12-04T13:31:37.261Z,2020-12-04T13:32:50.747Z,3,B2 我之前在圖資要往管院那邊有遇到，她來假裝問路，但我那時候趕時間、又很累，臉應該蠻臭的，我跟她說完她就沒繼續講了，所以遇到的話臉臭一點應該就沒事了(≧∇≦),2,F
da0b9139-5079-4325-8493-a893d05e1b93,234920046,2020-12-04T13:32:09.618Z,2020-12-04T13:32:09.618Z,4,B2 今天一直在文薈館那邊,2,F
84136e6e-1b63-41b3-bc6b-bfdfee6a7f28,234920046,2020-12-04T13:32:47.996Z,2020-12-04T13:32:47.996Z,5,今天有遇到在五宿前面，有時候是在圖資前面...,1,F
40f07974-d38c-4a71-b146-05bfab0afc19,234920046,2020-12-04T14:20:13.520Z,2020-12-04T14:20:13.520Z,6,我上禮拜在校外711被攔截¯\_(ツ)_/¯,0,F
cdd4c9d9-1cb6-451b-a185-cd8a5347cc21,234920046,2020-12-04T17:38:47.159Z,2020-12-04T17:38:47.159Z,7,在圖資附近遇過好多次,2,F
cbbff59a-2cb5-47dc-b586-534960e563c7,234920046,2020-12-05T00:50:24.056Z,2020-12-05T00:50:24.056Z,8,我是B2  謝謝樓上的大大我要避開了😂,0,F
b094858a-98cc-4711-807c-6f2dee2dda92,234920046,2020-12-05T03:38:56.742Z,2020-12-05T03:38:56.742Z,9,可以跟校安中心講啊,3,F
bcbe3cc2-793d-4c7b-bac4-4355e661c566,234920046,2020-12-05T08:56:31.933Z,2020-12-05T08:56:31.933Z,10,警衛&校安,3,F
1afd25a7-c99b-4ec5-a991-e349df9b0353,234920046,2020-12-06T09:48:35.700Z,2020-12-06T09:48:35.700Z,11,"五宿有被攔截過
餘光就看見有人斜走過來嚇死⋯^_^",1,F
30c6bcdd-2552-4b03-bde7-bf9966ad03da,234920046,2020-12-06T11:46:07.789Z,2020-12-06T11:46:07.789Z,12,之前打給校安中心過，然後就有消失一陣子,1,F
2e1bdc06-7424-4c54-b25b-8704bb01af0f,234920046,2020-12-06T19:12:33.371Z,2020-12-06T19:12:33.371Z,13,回來看留言，被攔截的怎麼都女生👀～,0,F
bdd0e182-0f06-4c93-bd99-abf3b1bbed74,234920046,2020-12-07T02:51:31.840Z,2020-12-07T02:51:31.840Z,14,"我上次也有遇到 他問我有沒有空
我說沒空 急著買飯 我就走了🤣
下次一律說我還沒吃飯急著走就好",1,F
1a3268bf-4d55-4985-a49c-25042af48d89,234920046,2020-12-09T14:07:08.685Z,2020-12-09T14:07:08.685Z,15,你也可以問他什麼單位，怎麼進來的，再去舉報學校,0,F
82fc19c0-3aea-4425-a087-8c3351311b63,234920016,2020-12-04T14:45:31.456Z,2020-12-04T14:45:31.456Z,1,"我買完覺得很好吃耶～
原潑是放到今天才吃嗎？",0,F
acd301ca-93f9-4e17-9e5b-8db0749b53aa,234920016,2020-12-04T14:46:38.790Z,2020-12-04T14:46:38.790Z,2,當天吃了一半 放到今天才吃完,0,M
ded8b65c-0673-4c08-8038-1c2237cc7f20,234920016,2020-12-06T13:57:23.635Z,2020-12-06T13:57:23.635Z,3,不好吃+1,0,F
84008a62-8cce-40c5-a574-39f99e2109c0,234919968,2020-12-05T10:44:27.319Z,2020-12-05T10:44:27.319Z,1,請問在大社哪裡？一個月多少？有聯絡方式嗎,0,F
c3c50655-d76b-4c19-9b61-e61e036f3e2a,234919968,2020-12-05T10:48:48.764Z,2020-12-05T10:49:58.219Z,2,,,
8efdc209-6eba-4999-b064-0dfbc1968666,234919400,2020-12-04T11:36:15.865Z,2020-12-04T11:36:15.865Z,1,你可以去生輔組尋問看看,0,F
629efeaa-43ae-4962-ba55-dd6da353cb16,234919400,2020-12-07T10:08:50.946Z,2020-12-07T10:08:50.946Z,2,如果有去7-11影印的話也可以去7-11問問看,0,F
c3514c37-bb2b-418d-9086-e2aed2974e42,234919400,2020-12-07T10:28:00.164Z,2020-12-07T10:28:00.164Z,3,B1 B2謝謝您們的建議,0,M
7e9995e5-7489-4e53-b9c7-d91aefd3ea98,234919400,2020-12-07T10:36:21.718Z,2020-12-07T10:36:21.718Z,4,不客氣～學務處第一個門右轉 工讀生的位置就是詢問處ㄛ(⁎⁍̴̛ᴗ⁍̴̛⁎),0,F
268ffb1a-8d69-4919-a572-a4b56c155009,234918956,2020-12-04T09:54:24.373Z,2020-12-04T09:54:24.373Z,1,關了,2,F
164a5278-375e-4233-a6a1-c069cf38eeae,234918956,2020-12-04T10:46:24.407Z,2020-12-04T10:46:24.407Z,2,B1 真的倒了喔…,1,M
0a539741-c4a5-4fd9-8b65-7ecf6a5bf349,234918956,2020-12-06T11:46:55.066Z,2020-12-06T11:46:55.066Z,3,關了 之後應該換TK喔（我也是看外面那台販賣機,0,F
52499ba4-4dbc-457d-b491-2c8f1dc274cf,234917018,2020-12-04T09:16:59.272Z,2020-12-04T09:16:59.272Z,1,有人要轉租！樹德版第一篇,0,F
b3487558-75b3-4fad-a1a2-6a46a28c2061,234917018,2020-12-04T12:47:13.458Z,2020-12-04T12:47:13.458Z,2,請問是1月初就要租了嗎,1,F
48498233-4a89-4521-a439-fc750e4fd74b,234917018,2020-12-04T16:19:30.413Z,2020-12-04T16:19:30.413Z,3,HiHi 短租的話我手上有一間 需要嗎,1,F
a5013665-a857-436c-9a1d-a92fe526d4d8,234917018,2020-12-05T04:16:14.844Z,2020-12-05T04:34:43.951Z,4,在哪，方便加個賴嗎？B3,0,F
e05cf60c-01dc-44e1-9b32-244bddde9e90,234917018,2020-12-05T04:16:26.087Z,2020-12-05T04:34:18.302Z,5,是的，請問方便加賴嗎？B2,0,F
fdad51e1-375b-4545-ae87-84a605c69240,234917003,2020-12-04T03:29:39.054Z,2020-12-04T03:29:39.054Z,1,他會自己關掉,1,F
928f1181-eb42-4824-a0a2-41b64191234f,234917003,2020-12-04T06:27:42.242Z,2020-12-04T06:27:42.242Z,2,"如果立中柱又沒熄火的話就會一直亮下去
如果有好心人願意順手幫忙可以過去把側柱踢下來就會自動斷電了
以前常忘記熄火搞到隔天只能牽車去換電QQ",8,M
58b751fb-1952-4072-8f48-2f6b49a90571,234915200,2020-12-03T15:35:01.194Z,2020-12-03T15:35:01.194Z,1,人美心善,0,M
d229aa6d-5d97-45ec-af31-c6fc6564280d,234914929,2020-12-03T20:02:52.077Z,2020-12-03T20:02:52.077Z,1,"他是躲旁邊ㄉ違停才跨雙黃ㄉ
他是這樣留言ㄉ",0,F
f3cd65e7-23d3-4a1b-a2a3-6d8c6c599bd8,234914929,2020-12-08T07:20:58.544Z,2020-12-08T07:20:58.544Z,2,人家都道歉你還要在那邊吵話題你也很無聊,0,M
2c960f19-9e50-4027-aa41-c01ec43e14d2,234914929,2020-12-08T07:28:08.665Z,2020-12-08T07:28:08.665Z,3,B2 認同 人家那時候再留言下面都說原因了然後也道歉你是在哭喔沒腦就不要讀大學好不好= =,0,M
01e776ce-992a-4fc7-b30c-f086debd156b,234913750,2020-12-03T17:43:45.405Z,2020-12-03T17:43:45.405Z,1,不好意思 請問只有撿到單耳嗎🙏,0,M
ac124845-9bb4-4865-ad99-26852f1117de,234913750,2020-12-03T17:45:18.336Z,2020-12-03T17:45:18.336Z,2,對的B1,0,M
0e2b761b-db7d-4a79-a73e-22b91abab352,234913750,2020-12-03T17:48:30.926Z,2020-12-03T17:48:30.926Z,3,好的感謝🙏,0,M
b4aab06a-7992-4e16-89bb-3dcde31f666e,234913434,2020-12-03T10:37:40.591Z,2020-12-03T10:37:40.591Z,1,至少不是皮包不見都還好,0,M
71c2994a-2093-49a1-b439-13d01632387c,234913434,2020-12-03T10:45:13.001Z,2020-12-03T10:45:13.001Z,2,B1 你是那個錢包學生證跟健保卡不見那個嗎🤣🤣,0,M
490d3458-4ce5-48ad-9cd8-9b69d5d72f30,234913434,2020-12-03T11:01:20.030Z,2020-12-03T11:01:20.030Z,3,B2 yes😂,0,M
c763ace1-a22f-47fc-af08-f1dbf039ea04,234913434,2020-12-03T11:25:03.968Z,2020-12-03T11:25:03.968Z,4,"https://i.imgur.com/YrEPuMe.jpg
同學是這張嗎 是的話請攜帶相關證件到華輝認領哦",0,M
0e339625-fc93-4d44-849b-a007a59fcf2d,234913434,2020-12-03T11:34:30.558Z,2020-12-03T11:34:30.558Z,5,B4 ！！！！好！！！,0,M
a1ef8299-d9d1-4f0f-bd6c-b351487fbd43,234912804,2020-12-03T08:54:40.690Z,2020-12-03T08:54:40.690Z,1,真的沒有想過後面排隊人的感受,2,F
8acdb554-9c21-468c-8e98-39ca185c4383,234912804,2020-12-03T15:07:34.406Z,2020-12-03T15:07:34.406Z,2,跟你講你直接插回去讓他知道,1,M
03c27a89-72b1-463c-ad28-9a52b1557f8c,234912804,2020-12-03T16:13:23.601Z,2020-12-03T16:13:23.601Z,3,B1 真的不知道他們被叫住還能往前走上車，臉皮到底多厚,0,M
d4363179-0af3-437a-a4bc-201e4083b8db,234912804,2020-12-03T16:14:05.668Z,2020-12-03T16:14:05.668Z,4,B2 這樣我就變成剛他們一樣的人 母湯,0,M
d0c18ad9-77c1-489a-9db9-b19561a995c7,234912804,2020-12-03T16:14:58.093Z,2020-12-03T16:15:09.804Z,5,B4對啊…氣鼠人,0,F
6601e7f1-934c-4648-b6ef-694dbbf40e82,234912804,2020-12-07T21:02:01.110Z,2020-12-07T21:02:01.110Z,6,插他女朋友⋯⋯的隊(｡･ω･｡),0,F
bfb865f4-4564-4aa4-99a2-d7b92661b1cd,234912252,2020-12-03T06:41:51.885Z,2020-12-03T06:41:51.885Z,1,請妳跟總務處反應,6,F
ecff7883-0f3a-4d11-849e-99fc55d94eed,234912252,2020-12-03T06:48:25.873Z,2020-12-03T06:48:25.873Z,2,B0好心疼,2,M
68b987d9-003c-43be-9f22-a3e3d70ca4d0,234912252,2020-12-03T14:21:02.435Z,2020-12-03T14:21:02.435Z,3,睡我家吧熱水很多！,2,M
eb5de4e3-fd0e-432b-b852-987cb6656aab,234912252,2020-12-03T15:29:38.192Z,2020-12-03T15:29:38.192Z,4,"好好笑有問題去寫信去反應啊
妳以為處室的人都很閒每天上來巡邏喔==",2,F
161463b7-efe1-4a46-a2c4-6a97ad261776,234912252,2020-12-03T17:17:57.591Z,2020-12-03T17:17:57.591Z,5,B3 我可以嗎,0,M
bd09f9c9-284e-4045-9308-a97760366a4e,234912252,2020-12-03T23:06:38.788Z,2020-12-03T23:06:38.788Z,6,B5 可啦哪次不可,0,M
2b20115e-e01d-4f94-8aff-0793c1aa0458,234912252,2020-12-04T06:56:04.638Z,2020-12-04T06:56:04.638Z,7,咦但我怎麼洗到熱水阿，燙死了,0,M
c6dcc609-151b-44e4-912d-74f26169663b,234912229,2020-12-03T06:54:20.858Z,2020-12-03T06:54:20.858Z,1,示範賽欸好酷 幫推,0,M
514c9c17-dd1b-462a-b584-f3b43cf8e102,234912229,2020-12-03T07:18:39.911Z,2020-12-03T07:18:39.911Z,2,幫推！,0,M
94d40117-002c-4171-8bb6-562970d77eaa,234912229,2020-12-03T08:30:03.701Z,2020-12-03T08:30:03.701Z,3,幫推！,0,F
26a16f74-b6ce-49a0-8bf8-40e6974fc476,234912229,2020-12-03T08:39:55.801Z,2020-12-03T08:39:55.801Z,4,推推,0,F
31e792f7-3b4d-4648-a7b2-4d9ede35bbdc,234912229,2020-12-03T11:22:58.284Z,2020-12-03T11:22:58.284Z,5,推推,0,F
c404efb5-9b41-478b-89b3-90786c051645,234912229,2020-12-04T05:39:48.416Z,2020-12-04T05:39:48.416Z,6,推爆,0,F
25cce482-4626-47cc-a16a-c64525929585,234912229,2020-12-04T07:28:28.517Z,2020-12-04T07:28:28.517Z,7,"謝謝各位頂起來～
有問題都可以敲敲粉專喔^ᴗ^",0,F
275bfc4e-39e3-44c0-a08b-ab8bb25371b0,234912229,2020-12-04T07:37:46.993Z,2020-12-04T07:37:46.993Z,8,快來看大神們比賽啊！,0,F
003f10e2-7cc0-4c70-9f2f-5251b1d03e78,234911870,2020-12-07T07:25:25.359Z,2020-12-07T07:25:25.359Z,1,謝謝您！已到生輔認領了,0,F
5f4159d1-338e-4717-91a1-03491d41acb4,234911085,2020-12-03T02:46:03.805Z,2020-12-03T02:46:03.805Z,1,什麼鬼東西,0,M
c8960b95-ff5e-484b-901b-0195d0646f34,234911085,2020-12-03T02:48:53.140Z,2020-12-03T02:48:53.140Z,2,？,0,M
c71eee52-aa15-4e34-925a-ff221900807b,234911085,2020-12-03T02:49:12.917Z,2020-12-03T02:49:12.917Z,3,B1 外人就看戲8,0,F
30f7b8a9-7acd-4e69-bf9b-1a002ac86628,234911085,2020-12-03T02:50:34.530Z,2020-12-03T02:50:34.530Z,4,沒4,0,F
6a323433-7e1f-4d89-bcb3-a870481c837c,234911085,2020-12-03T03:07:40.511Z,2020-12-03T03:07:40.511Z,5,真的蠻幼稚的：）,0,F
37b20e5b-94b8-4a31-81cc-5907347a501e,234911085,2020-12-03T06:52:12.261Z,2020-12-03T06:52:12.261Z,6,真無聊,0,F
1a12c9d7-228b-49c9-a138-4af68e8a375a,234911085,2020-12-03T08:00:19.076Z,2020-12-03T08:00:19.076Z,7,哈哈哈哈一個群組可以搞成這樣,0,M
37066bde-4e4a-450e-9ee5-e9a54a98a85a,234911085,2020-12-03T08:01:14.985Z,2020-12-03T08:01:14.985Z,8,哈哈哈哈哈 笑死內鬨,0,M
aa88774c-8492-4ec5-a727-01d531a26627,234911085,2020-12-03T08:07:34.288Z,2020-12-03T08:07:34.288Z,9,哈囉外人 如果單純看戲的話請出去,0,F
64cb0edf-0f10-449b-a13b-fe778ff350a9,234911085,2020-12-03T08:16:01.782Z,2020-12-03T08:16:01.782Z,10,ㄔˉ女群,0,F
0e6c53e3-7468-48c1-a59d-c760760dea7e,234911085,2020-12-03T08:16:27.165Z,2020-12-03T08:16:27.165Z,11,B10 留點口德吧,0,F
a0884625-6fd0-400d-a9b8-76d94f4f3cf8,234911085,2020-12-03T08:17:22.632Z,2020-12-03T08:17:22.632Z,12,B11 還以為妳們國中生勒，笑死,0,F
79467099-51af-485b-a7c6-bd4512b53137,234911085,2020-12-03T08:18:03.585Z,2020-12-03T08:18:03.585Z,13,"B9 
https://i.imgur.com/sk4eWXM.jpg
他怎麼這樣做事啊
我還有很多帳號還在群裡喔
名稱怎麼把帥哥刪掉了",0,M
52f8d0f1-3183-4f51-8571-6a188f8add49,234911085,2020-12-03T08:23:17.053Z,2020-12-03T08:23:17.053Z,14,B13 哈囉4y小姐 請別再用男生帳號發回應了,0,F
3927227b-ccd8-40b2-bcc9-79b9a19699b2,234911085,2020-12-03T08:51:35.685Z,2020-12-03T08:51:54.753Z,15,"B14 還在誤會他喔 哈哈哈哈哈
看戲真爽",0,M
7b237198-77e9-4e6d-9de5-154197360da0,234911085,2020-12-04T19:41:33.512Z,2020-12-04T19:41:33.512Z,16,"我前幾天看到群組招人，怎麼文章刪了？
我沒加進群組，好奇問一下XD
謝謝：）",0,F
b61cc769-723f-42ac-96eb-171112f72a52,234911039,2020-12-03T06:59:34.179Z,2020-12-03T06:59:34.179Z,1,我一毛錢都沒收到 我也一直在等..,0,M
430f23cd-9c4e-4acb-bef1-ed120e3c3c02,234911039,2020-12-03T09:53:41.535Z,2020-12-03T09:53:41.535Z,2,我去網路查好像12/4下午開始會有新的退費到7號的樣子 因為我也在等ಥ_ಥ,0,F
262f4aee-6ffe-4758-aa6c-1e015953e312,234911039,2020-12-09T14:13:27.334Z,2020-12-09T14:13:27.334Z,3,現在還沒有下來是正常的嗎,0,M
30478707-2099-4b0e-ad27-55361e1c72e1,234911039,2020-12-11T02:43:11.814Z,2020-12-11T02:43:48.819Z,4,B3 你要不要去總務處問看看～因為我4號下午大概快4點就領到了,0,F
9faa9646-593c-4241-8bc9-279801456321,234910918,2020-12-03T08:00:36.689Z,2020-12-03T08:00:36.689Z,1,看你帥啊 寶貝,3,M
0818377e-456b-4666-b029-d1be0ffe5204,234910918,2020-12-03T10:53:26.632Z,2020-12-03T10:53:26.632Z,2,有在兇的有人要約輸贏嗎,0,M
363ad496-c5e3-4e4a-805c-41b10c60faa9,234910918,2020-12-03T19:16:29.824Z,2020-12-03T19:16:29.824Z,3,我看你像joker 征服宇宙,0,M
5b164528-e6ca-4d01-a736-019f68763258,234907458,2020-12-02T11:44:54.068Z,2020-12-02T11:44:54.068Z,1,你是未來人ㄇ今天才12/2,0,F
dfda3ba0-44f2-4a65-ab04-bdb78dea48a3,234907458,2020-12-02T13:31:57.975Z,2020-12-02T13:31:57.975Z,2,你可以去生輔組問看看,0,F
8ae66d46-6b4d-4bd6-9078-8f43a52c9e68,234906694,2020-12-02T10:18:58.320Z,2020-12-02T10:18:58.320Z,1,大社蠻多剛蓋好的 可以搜尋,2,M
3a072070-b546-4e70-bc9e-033c324375ed,234906694,2020-12-02T10:53:32.769Z,2020-12-02T10:53:32.769Z,2,"大社蠻便宜的我租3000
7坪。◕‿◕｡。◕‿◕｡比宿舍棒多了",2,M
8de42f6b-55ab-49b4-b64e-1b6debe76bd6,234906694,2020-12-02T11:13:08.018Z,2020-12-02T11:13:08.018Z,3,B1 B2 謝謝！,0,F
2b15af3e-a972-4523-ab26-3d2ab063917b,234906694,2020-12-02T13:18:39.219Z,2020-12-02T13:18:39.219Z,4,大社 跟室友合租 我一個月繳2200（含電）,3,F
fbe48ef6-8bdb-44c8-bb64-352ec9a3fc4c,234906694,2020-12-02T13:33:56.858Z,2020-12-02T13:33:56.858Z,5,B2 ！！！！！在哪裡,0,F
e0561d90-d20a-455d-bf07-041b707b1084,234906694,2020-12-02T15:27:49.169Z,2020-12-02T15:27:49.169Z,6,B4 好👌🏻,0,F
f4828419-01c3-4857-9351-62de43d38f93,234906694,2020-12-03T02:18:49.181Z,2020-12-03T02:18:49.181Z,7,"楠梓交通比較方便
但也比較貴",1,M
a517154a-98d2-42b6-b4f3-6bcf5e3576a6,234906694,2020-12-03T16:08:49.186Z,2020-12-03T16:08:49.186Z,8,大社，學校超近～有人要來一起睡覺嗎？,0,M
00f0f912-7c63-4dd8-93ba-efe0a4f0a56f,234906694,2020-12-03T16:09:34.102Z,2020-12-03T16:09:39.246Z,9,B8 我,0,M
9c8dce6d-3df6-4875-a451-71cd313bcccc,234906694,2020-12-03T16:43:06.806Z,2020-12-03T16:43:06.806Z,10,B7 好的！,0,F
04220f78-34ce-4c00-9b39-6bc04d068824,234906694,2020-12-03T21:46:58.582Z,2020-12-03T21:47:19.614Z,11,"我也租大社 一個月算下來大概5000
大家都租的好便宜喔😔",0,M
b8d1f644-f288-4c1b-acfc-468983c9eb1f,234906694,2020-12-06T16:07:39.533Z,2020-12-06T16:07:39.533Z,12,燕欽居有人租嗎,0,F
3e260c35-0a9e-4024-a74a-8802c972fda5,234904938,2020-12-02T07:48:21.251Z,2020-12-02T07:48:21.251Z,1,啊不就很會虐,0,M
d73849c5-af10-4914-b62b-3cd03991b994,234904938,2020-12-02T10:19:16.508Z,2020-12-02T10:19:16.508Z,2,先屌虐我好嗎,0,M
465a2643-1d6b-4d9d-b693-f50f6c310c74,234904938,2020-12-03T01:55:00.858Z,2020-12-03T01:55:00.858Z,3,屌好臭 我不要,0,M
e528cd37-c328-47dc-ba04-48fc240ee673,234904938,2020-12-06T03:19:30.120Z,2020-12-06T03:19:30.120Z,4,沒大師來參加比賽都會直接下去,0,M
70b24308-1ad4-40d8-bad8-2fa249d2934d,234903679,2020-12-01T19:30:49.858Z,2020-12-01T19:30:49.858Z,1,"很多往北操的都這樣阿
先闖紅燈假待轉再直接過去
既然要違規了
為什麼不選安全一點的轉ㄋ",0,M
0a4a2b10-0528-4b21-ad5a-54e2cedda02c,234903679,2020-12-02T01:27:47.399Z,2020-12-02T01:27:47.399Z,2,想看,0,F
72bcee61-1874-4f18-869d-d4de4f56658d,234902707,2020-12-01T15:00:58.310Z,2020-12-01T15:00:58.310Z,1,好沒品,6,F
c3f9192d-dd34-4432-ad8b-e7216caf4f50,234902707,2020-12-01T17:34:58.748Z,2020-12-01T17:35:35.302Z,2,"時間到了應該要準時走吧⋯⋯
要是我 拖到個五分鐘我都覺得不好意思了",7,F
8c63fc2e-eda9-4d23-8353-71cfdd2b21ba,234902707,2020-12-01T17:47:09.677Z,2020-12-01T17:48:49.881Z,3,"好沒品
時間到了就該走了，還在那邊拖時間，當討論室他們的嗎？
再說本來就要還原環境是在那邊嫌什麼好煩？自己弄亂就該自己整理",1,F
17720565-d929-4006-83c2-6cc629784c76,234902707,2020-12-01T18:00:34.227Z,2020-12-01T18:00:34.227Z,4,舉發他，這種人不要有權限借比較好,0,F
2857a5da-d6e4-4f1c-a113-532f2354c575,234902707,2020-12-01T21:11:15.804Z,2020-12-01T21:11:15.804Z,5,沒品超沒品 我大概知道是誰了,0,M
94bb54c9-711c-4447-8c4e-a9c6ec7f73cf,234902707,2020-12-01T21:16:16.724Z,2020-12-01T21:16:16.724Z,6,不好意思請告訴我時間哪個討論室我可以幫忙檢舉或是他是哪個系的也可以,0,M
05009a11-0813-4307-8582-aa6e38d37bad,234902707,2020-12-02T04:41:46.059Z,2020-12-02T04:41:46.059Z,7,"B4 B6 
已經有跟圖書館的人員反應過了
只是真的很傻眼遇到這種人🙄",0,F
88ff3177-3e6c-413a-8a7d-ad4f9066549e,234902707,2020-12-02T04:50:48.764Z,2020-12-02T04:50:48.764Z,8,"通報 📢
好像有人對這篇文章有新想法唷，快來去看看！
  https://www.dcard.tw/f/stu/p/234905534",1,D
29c2025e-6d31-4860-8576-d767237a9eff,234902707,2020-12-02T08:48:48.452Z,2020-12-02T08:48:48.452Z,9,女生還是男生 好扯,0,F
5a2300fd-176a-4edd-9c99-574d95c2e564,234902707,2020-12-02T08:50:05.964Z,2020-12-02T08:50:05.964Z,10,B9 男生跟女生都有欸😂,0,F
8ae43881-931f-4d81-ae1d-aa21db16c2cf,234902314,2020-12-01T14:51:28.211Z,2020-12-01T14:51:28.211Z,1,"這邊🙋 位於楠梓
我跟1男2女合租大樓3房1廳，因為近期有些事需要搬離楠梓，室友都很好相處，有興趣可以詳談唷😁",0,M
a4b3efde-41d8-4c06-be68-db5552ea424f,234902314,2020-12-01T21:06:41.452Z,2020-12-01T21:06:41.452Z,2,B1 價位會很高嗎～,0,F
c5503705-6a35-4fa7-8f37-8b60e4ebffd4,234902314,2020-12-01T23:45:04.485Z,2020-12-01T23:45:04.485Z,3,B1 想要詳細了解～,0,F
a192d0bc-c367-4ec0-a0bb-965597c6ca21,234902314,2020-12-02T02:07:55.481Z,2020-12-02T02:07:55.481Z,4,"月租6300,水電瓦斯依帳單4人平分
如果想看照片我可以回去拍，然後約學校看照片跟詳談喔",0,M
b50a3c8e-4ca5-4212-85b8-4bce47fb9327,234902314,2020-12-02T12:13:54.658Z,2020-12-02T12:13:54.658Z,5,B2 我我我 位於大社 有興趣都可以聊聊喔,0,F
e9c4bfb8-6389-40b7-b714-769c7a16e844,234902314,2020-12-02T15:29:17.209Z,2020-12-02T15:29:17.209Z,6,"月租3300（含水費100）
電不一定，最便宜有兩塊多的最貴不超過五塊
缺點就是沒有電梯（共四樓）orz",0,F
079ec2e2-6f0e-4c23-9670-c95a75047150,234902314,2020-12-02T15:40:38.831Z,2020-12-02T15:40:38.831Z,7,"B4 有點超出預算了😭
B5 請問租金？是套房還是合租呢？
B6 房間在四樓嗎？想看一下圖片",0,F
ec97aa9e-4d27-43d6-ab69-01dd24f98348,234902314,2020-12-02T15:41:25.422Z,2020-12-02T15:55:21.788Z,8,B7 我是b5 4500（含水費、網路、第四台）套房,0,F
742ed1d6-be8d-4965-84b4-81f98fd73163,234902314,2020-12-02T15:52:55.234Z,2020-12-02T15:52:55.234Z,9,B7  我是b6，在三樓，套房但不大大概5坪,0,F
3f010d34-ceb9-4da9-94b6-5923073bcf9a,234902314,2020-12-03T02:17:57.169Z,2020-12-03T02:17:57.169Z,10,"B7 好哦~ 
對了 如果房東有報稅，而妳又是外縣市，可以去申請單身租屋補助，一個月2600到租約滿😁😁",0,M
2eaf99c7-7ef1-451e-80b4-817dc87cc35b,234902314,2020-12-03T02:30:44.532Z,2020-12-03T02:30:44.532Z,11,"B8 請問在幾樓？方便詳細聊聊嗎？
B9 想看一下圖片～
B10 謝謝你～可惜我不是外縣市🥲",0,F
7c418fcb-22b4-4345-a1c0-5704fd931318,234902314,2020-12-03T06:48:49.055Z,2020-12-03T06:48:49.055Z,12,B11  我是b9我該怎麼傳照片給你？,0,F
824fcab3-6f9f-426d-b553-681c22c5cd0f,234902314,2020-12-03T12:27:53.434Z,2020-12-03T12:27:53.434Z,13,B11 我是b8 在二樓 我們要怎麼聊聊呢,0,F
c1b3f9de-7a0e-4fcf-9cc3-5114b3f92cbb,234902314,2020-12-03T12:31:37.856Z,2020-12-03T12:31:37.856Z,14,"B12 
B13 
11_life_07 這是我的ig 麻煩這邊傳給我謝謝🙏🏻",0,F
c9fc968b-bf02-4e17-a00d-199049578ea9,234902314,2020-12-03T12:33:13.502Z,2020-12-03T12:33:13.502Z,15,B14 看到了！我是b12,0,F
906713d8-20b0-4824-b821-074a84036104,234902314,2020-12-03T12:41:07.539Z,2020-12-03T12:41:07.539Z,16,B15 好的！,0,F
5fa4a8fb-f252-46d9-8185-c4d1da9b76bf,234902314,2020-12-04T16:04:52.728Z,2020-12-04T16:04:52.728Z,17,B5 還有嗎！,0,F
f269a1d3-5bae-4781-bcda-cb644c9f2708,234902314,2020-12-04T16:07:58.937Z,2020-12-04T16:17:56.331Z,18,,,
526c8592-b6a0-4999-addd-c7f59acd6f69,234902314,2020-12-04T16:18:08.619Z,2020-12-04T16:18:08.619Z,19,B17 我是b5 還有喔,0,F
21a3da2d-299a-4daa-9f2f-fc539a8ebf4a,234902314,2020-12-04T16:34:41.735Z,2020-12-04T16:34:41.735Z,20,B19 可以聯絡你嗎,0,F
76cee200-d6e9-43d2-8d6e-96951ba4d845,234902314,2020-12-04T16:45:20.058Z,2020-12-04T16:54:01.830Z,21,,,
6d2ac729-ea0b-4776-afda-aa383c2edadc,234902314,2020-12-04T16:53:33.739Z,2020-12-04T16:54:05.334Z,22,,,
ce9586bd-dd9d-404c-a6f3-92e280b2c8bd,234902314,2020-12-05T06:26:11.028Z,2020-12-05T06:26:11.028Z,23,https://megapx-assets.dcard.tw/images/2aca8f69-0478-411b-8f61-5e4a57dad7f3/1280.jpeg隨時可入住，4房一廳二陽台二衛，真的超好...而且比哪間都便宜，帶衣服還有床單枕頭棉被就可以過來睡，還有超大衣櫃，床墊也全都是新的,0,F
6291a16c-4f43-4d74-8367-f6dfae724bdb,234902314,2020-12-06T10:28:01.369Z,2020-12-06T10:28:01.369Z,24,B6 可以傳圖片給我嗎？,0,F
c16b6c69-3f5c-47b0-8fe8-dbd8f65cfe5c,234902314,2020-12-07T11:09:19.964Z,2020-12-07T11:09:19.964Z,25,"嗨嗨👋👋我這邊是大社
租金一個月4700（含網路跟第四台）
有電梯、室內停車、垃圾處理，房間還有小陽台，有興趣都可以聊聊❤️",0,F
3fbe5358-f666-4ea8-9876-e7675167367c,234900510,2020-12-04T12:53:15.176Z,2020-12-04T12:53:15.176Z,1,"通報 📢
好像有人對這篇文章有新想法唷，快來去看看！
  https://www.dcard.tw/f/stu/p/234919968",0,D
896a0e2b-9e81-4bf7-9d4e-b8db78489764,234900510,2020-12-04T14:14:21.245Z,2020-12-04T14:14:21.245Z,2,想詢問,0,F
ec914869-d322-4073-afeb-8befe82e5430,234900510,2020-12-04T14:17:20.919Z,2020-12-04T14:17:20.919Z,3,B2 Hi 你想知道什麼呢 😊,0,F
96cf4b74-d634-4c9e-8b4a-591a9fbcc72c,234900510,2020-12-04T14:18:11.389Z,2020-12-04T14:18:11.389Z,4,有環境照片可以看嗎？,0,F
483145b5-fdc1-4a68-87b6-3d11df0b4f26,234900510,2020-12-04T14:18:53.713Z,2020-12-04T14:20:38.153Z,5,,,
15a16ba3-3ee0-49da-9857-973a2a4c7b55,234900510,2020-12-04T14:20:45.992Z,2020-12-04T14:22:59.416Z,6,,,
fd3c5625-9497-4543-937f-b2e83d40f110,234900510,2020-12-04T14:23:23.742Z,2020-12-04T14:23:23.742Z,7,B4 你有看到我傳的嗎？,0,F
f53c4456-398f-423a-9f1f-6a5062fdba3e,234900510,2020-12-04T14:24:53.390Z,2020-12-04T14:24:53.390Z,8,B7 沒有喔！,0,F
29a73f61-284d-4aad-bc34-d0606078186e,234900510,2020-12-04T14:25:36.999Z,2020-12-04T14:27:13.413Z,9,,,
dc3b6425-e9de-47b0-9f4e-b0aa9a2e7bd4,234900510,2020-12-04T14:27:03.741Z,2020-12-04T14:27:33.145Z,10,,,
10978537-b1f3-4625-b8ff-977bbd23e94d,234900496,2020-12-01T08:16:04.119Z,2020-12-01T08:16:04.119Z,1,https://i.imgur.com/oZJ4zIZ.jpg,1,M
0574feb9-9d0a-441c-98af-eaf7a7eddfcb,234900496,2020-12-01T08:57:44.012Z,2020-12-01T08:57:44.012Z,2,https://i.imgur.com/vs5623w.jpg,0,M
e4a00257-d189-42c0-9fdd-4a651ccbea28,234899111,2020-12-01T03:32:29.160Z,2020-12-01T03:32:29.160Z,1,推！,1,F
a0a01863-9bf3-452b-a719-4d90eeb2f702,234899111,2020-12-01T04:25:41.257Z,2020-12-01T04:25:41.257Z,2,0528掉的吧,0,M
1f46a519-4e15-4554-ba02-dffd21347797,234899111,2020-12-01T04:26:04.771Z,2020-12-01T04:26:04.771Z,3,好像是我的欸⋯,0,M
0220810a-2b3b-4d7a-945a-ac4cebf0ab9f,234899111,2020-12-01T04:31:24.748Z,2020-12-01T04:35:52.179Z,4,"B2 不知道門牌是530

B3 那要不要約個時間地點確定一下是不是你的？",0,F
ad0b4438-dc83-4457-b53d-11077acbab1f,234899111,2020-12-01T04:49:04.616Z,2020-12-01T04:49:04.616Z,5,🤷🏻‍♀️,0,F
8df7e0c2-7771-4224-aca6-b0ad7cb8146d,234899111,2020-12-01T07:38:51.552Z,2020-12-01T07:38:51.552Z,6,"帶倉鼠來學校上課∠( ᐛ 」∠)＿？
學校這麼吵路程那麼晃⋯",3,F
40792eb2-6b04-4afd-a297-b3b5ea9749c3,234898780,2020-12-01T02:40:20.646Z,2020-12-01T02:40:20.646Z,1,"公假證明要印下來，給承辦單位或老師蓋章之後掃描上傳才會過
上次也遇到一樣問題，每次上去看都是申請中，過幾天再看就變不通過，然後寄信箱通知我也沒看到😭整個超慘ㄟ",0,F
b4a74c13-5b60-45c1-ab48-3a2399d2ee76,234898780,2020-12-01T02:41:24.009Z,2020-12-01T02:41:24.009Z,2,B1 拍照回傳不可以嗎 因為我朋友請公假他是拍照回傳而已,0,M
5444e4a4-6268-473f-b5d0-78b0d4c3c29b,234898780,2020-12-01T02:43:49.570Z,2020-12-01T02:44:06.327Z,3,"有問題建議直接到處室做詢問不是比較快嗎
12月每個處室都很忙所以可能會審比較慢啊
負責人又不是只有審假單一件事要做🤣",0,F
f38932ab-285f-497e-9bf9-8a54e1e0eb9e,234898780,2020-12-01T02:47:01.253Z,2020-12-01T02:47:01.253Z,4,"B2 這次公假申請程序有改，我遇到的情況是沒蓋章所以沒過🥲
如果有另外的情況還是跟 B3說的一樣，去處事問老師最準確喔！",0,F
1b709e99-7c3a-436a-8b01-5b743e875fce,234897611,2020-12-01T16:13:56.043Z,2020-12-01T16:13:56.043Z,1,Bar我們回來了 也不錯😆便宜還有桌遊可以玩,1,M
c1b31c1b-7f0a-461b-b0e7-c5a73cccc446,234897611,2020-12-01T20:06:29.751Z,2020-12-01T20:06:29.751Z,2,有地址嗎,1,M
1edcb678-8fd4-4459-b354-5909566caf16,234897611,2020-12-02T02:46:08.875Z,2020-12-02T02:46:08.875Z,3,B1 感覺不錯欸 看來可以去看看(⁎⁍̴̛ᴗ⁍̴̛⁎),0,F
dd534ee3-731e-486e-82a8-ae61afdb3623,234897611,2020-12-02T02:48:19.621Z,2020-12-02T02:48:19.621Z,4,B2 高雄市大社區三民路348-1號 旁邊是健身房,0,F
670d1eaa-adbb-44da-a1c4-714be1ec095f,234897611,2020-12-02T13:21:17.994Z,2020-12-02T13:21:17.994Z,5,我的天 大社終於出這種桌遊店了,2,M
17b34b82-ecdd-4809-b4ce-af05f30dbcc5,234896686,2020-12-04T03:52:25.482Z,2020-12-04T03:52:25.482Z,1,"已轉達, 感謝你",0,M
3f104a43-ce26-4161-878d-305a4ce74a63,234895360,2020-11-30T12:38:23.702Z,2020-11-30T12:38:23.702Z,1,北操欸 小題大作,7,F
3acac6fa-f755-4a7a-9242-0c6dbc514df5,234895360,2020-11-30T12:50:42.004Z,2020-11-30T12:50:42.004Z,2,"B1
北操就不能好好停車？
沒位置跟身心障礙我不怪他",2,M
e5cc0dcd-ad9d-4e1a-9bd0-a0abdf2e0a5c,234895360,2020-11-30T15:47:43.909Z,2020-11-30T15:47:43.909Z,3,這句話有歧視身心障礙的感覺....,4,F
be37e0bf-67da-4feb-85da-88fa9aa38af9,234895360,2020-11-30T16:11:31.324Z,2020-11-30T16:11:51.881Z,4,"B3
不是這個意思
沒有歧視身心障礙的意思",0,M
92afe723-23f2-46b7-a910-a151e3db013a,234895360,2020-11-30T16:41:39.676Z,2020-11-30T16:41:39.676Z,5,你感覺比較像身心障礙人士，因為它對面也有停車啊，怎麼不去說？？？？？,0,M
385ef673-c348-4143-a5dd-55634ec209fa,234895360,2020-11-30T17:20:43.688Z,2020-11-30T17:20:43.688Z,6,"B5
對面只是兩台，這邊是三台",0,M
949ea858-b1d2-4be8-829f-0f893ae72522,234895360,2020-11-30T17:31:08.102Z,2020-11-30T17:31:08.102Z,7,"這樣停車也很有勇氣
刮到旁邊那台檔車就好笑了",0,M
e6bb0854-434e-428c-8c4c-eed6a6298bbe,234895360,2020-11-30T17:44:24.937Z,2020-11-30T17:44:24.937Z,8,"B7
 沒錯
而且檔車是左邊上車的
他是想檔車的上車時刮到或撞到他的車",0,M
af9f447b-d9f5-4052-a88c-09a7ed3da8a0,234895360,2020-12-01T05:47:14.763Z,2020-12-01T05:47:14.763Z,9,遇到這種的我都直接把他牽到路中間欸  不然就是移到最後面,2,M
757e0c00-094e-41e6-95ee-f3ece9d786a6,234895360,2020-12-01T06:16:23.793Z,2020-12-01T06:16:23.793Z,10,B1 台女閉嘴北七,0,M
32c3ceba-9dd0-4b3d-8413-fd75d5037907,234895360,2020-12-01T06:23:21.445Z,2020-12-01T06:23:48.988Z,11,"北操本來就是洞夠大就能塞啊
又不是停太出來擋到車道 小題大作",0,M
98def10d-2bad-4571-bd45-97972cd00c19,234895360,2020-12-01T06:41:43.534Z,2020-12-01T06:41:43.534Z,12,北操機車格早就被劃掉了 還在那邊一車一格,1,F
2ccd1d95-b57c-403d-8e7a-8c2ce3f1890b,234895360,2020-12-01T08:20:46.609Z,2020-12-01T10:14:50.426Z,13,B10 大家都學店 為何要自相殘殺呢,1,F
7335acbe-e300-48b3-a6ea-d2751cce2d73,234895360,2020-12-01T08:24:45.037Z,2020-12-01T08:24:45.037Z,14,B13 誰跟妳自相殘殺 單純針對妳這低能兒 妳對樹德認知就只有學店真的有夠可憐 什麼心態說什麼話 唉,1,M
747f25b4-4d65-4d5d-b788-94e83f7aea8c,234895360,2020-12-01T08:59:09.078Z,2020-12-01T08:59:09.078Z,15,劃掉？黃線的顏色還這麼清楚,0,M
efb1c698-6aee-42eb-80ca-6be45ee8a208,234895360,2020-12-01T09:00:06.297Z,2020-12-01T09:00:06.297Z,16,"B13
沒救的心態
你把學校當學店，不等於我們把學校當學店",0,M
512468af-e70f-45f7-844c-8ee1ca217968,234895360,2020-12-01T09:01:14.294Z,2020-12-01T09:01:14.294Z,17,"B9
下次我會這樣做
對這種沒品的人
就不用跟他客氣",0,M
1342eed5-b9fb-46b6-81fa-ce31bb8017e4,234895360,2020-12-01T09:03:00.458Z,2020-12-01T09:03:00.458Z,18,難道樹德不是學店嗎🙁⋯？,0,F
92179546-c7f0-47b6-a84d-6d819ea4b032,234895360,2020-12-01T10:12:10.040Z,2020-12-01T10:12:10.040Z,19,就是學店啊 那又如何  反正修養在個人,0,M
6afcb251-289b-4145-aec3-10dd402e7e21,234895360,2020-12-01T10:16:02.459Z,2020-12-01T10:18:12.141Z,20,"先罵人台女北七的修養能好到哪裡去😅
後面又一個罵人沒救 素質真差🤣",1,F
610e98b0-b932-4b0a-b74f-3ae8abd433ca,234895360,2020-12-01T10:17:56.952Z,2020-12-01T10:18:05.763Z,21,B20 論述事實而已 妳跟我談休養會不會太好笑,1,M
7a7c62b9-2a3c-4a85-bf41-4fa326951e97,234895360,2020-12-01T10:18:45.654Z,2020-12-01T10:19:14.384Z,22,"B21 是修喔～
而且是樓上先談的呦",0,F
66094354-7f93-4aa8-a9bf-3585a0760f46,234895360,2020-12-01T10:22:04.618Z,2020-12-01T10:22:04.618Z,23,B22 選字選錯 台女又在小題大作？,0,M
ca5d93dd-b079-4560-8f94-789504d79410,234895360,2020-12-01T10:38:56.797Z,2020-12-01T10:38:56.797Z,24,B15 那我想你是新生 沒看過原來的樣子吧,0,F
dc84f512-0e49-4245-8e73-ae09a9f875a4,234895360,2020-12-01T10:45:55.829Z,2020-12-01T10:45:55.829Z,25,B15 他上面有一條灰色的線這麼明顯 應該沒有色盲吧,0,F
8a35bc27-4c96-4816-82ad-5f1e51ff5250,234895360,2020-12-01T13:05:50.093Z,2020-12-01T13:05:50.093Z,26,B24 沒看過，但想看妳的樣子❤️,0,M
c4dc403e-804d-4880-9bde-dc1019bc1fd8,234895360,2020-12-01T16:15:43.608Z,2020-12-01T16:15:43.608Z,27,都是你們把素質拉低吧.....一群可撥仔,0,M
84d2635d-46ec-4327-b771-483726568822,234895360,2020-12-02T18:43:41.950Z,2020-12-02T18:43:41.950Z,28,B13  不要亂引戰 我很多讀樹德的原住民朋友 都沒去報名臺大而已,0,M
f697cc3f-c288-4950-bb6a-1206559199f9,234892461,2020-11-30T01:54:08.946Z,2020-11-30T01:54:08.946Z,1,https://docs.google.com/forms/d/e/1FAIpQLSfu2wOisMebPvyFxVuXuI2g-aEf1ayAzTydvy4wvbg2_ebsvA/viewform?vc=0&c=0&w=1&flr=0,0,F
01066e79-f197-4c11-915b-524c7379b396,234890430,2020-11-30T02:56:03.227Z,2020-11-30T02:56:03.227Z,1,謝謝,0,M
f242bd7b-6df0-4719-b180-f2a7f4d03827,234890430,2020-11-30T05:11:14.576Z,2020-11-30T05:11:14.576Z,2,哩係勒靠北 金罵瓦哇嘎哩共,0,M
07e59c15-e52d-4848-914a-fe776a77f720,234888903,2020-11-29T09:47:19.887Z,2020-11-29T09:47:19.887Z,1,"把她內褲脫下來
（我是說頭上的",7,F
07773b7a-1c76-4632-b225-a567f4e6b626,234888903,2020-11-29T10:01:41.424Z,2020-11-29T10:01:41.424Z,2,"B1 
大推，同學你也太有才",0,M
61d64341-8afd-4c0c-a080-f2a9437f39f3,234888903,2020-11-29T10:33:46.888Z,2020-11-29T10:33:46.888Z,3,你繼續對著你電腦螢幕魯吧,0,M
c549a35a-ac9b-4aeb-88b6-24866bbc2cf5,234888903,2020-11-29T11:34:54.910Z,2020-11-29T11:35:24.134Z,4,,,
9ff400af-b4d3-4eb3-b8c6-7acdf65f13bf,234888903,2020-11-29T11:47:52.363Z,2020-11-29T11:47:52.363Z,5,還在幻想是嗎,0,M
b735e9a2-2d1f-45a4-8848-b971336df217,234888903,2020-11-29T12:18:23.939Z,2020-11-29T12:18:23.939Z,6,你累了...,0,M
bbf0d5fa-ae99-491e-a763-c3c8d4a840d6,234888903,2020-11-29T12:21:40.487Z,2020-11-29T12:21:40.487Z,7,你應該睡醒,0,M
af1bc81e-da0d-4d76-bdc7-6b4a36b40814,234888903,2020-11-29T12:34:24.774Z,2020-11-29T12:34:24.774Z,8,安安你好，老兄，雖然你希望每天早上叫醒你的是夢想，但是你的夢想就跟大多數台灣人一樣見光死，雖說會被嘲笑的夢想才有實現的價值，但是我知道你的夢想是有個妹妹，阿宅醒醒吧！你沒有妹妹！！,1,M
c7d6870e-98c1-47c4-8936-7c8d6f2fd05d,234888903,2020-11-29T12:54:10.435Z,2020-11-29T12:54:10.435Z,9,是跟誰玩真心話大冒險輸了嗎？,2,M
452cc025-fc61-4e04-a3ba-4463dcdc1aa1,234888903,2020-11-29T14:56:20.732Z,2020-11-29T14:56:20.732Z,10,該醒了,0,M
d06aa7bf-e4ff-4956-a0ef-386afe21ec63,234888903,2020-11-29T16:16:46.776Z,2020-11-29T16:16:46.776Z,11,別把老二幻想成妹妹好嗎,1,M
d421f801-eabf-4e3f-820b-8c01237da1ea,234888903,2020-11-29T16:50:44.346Z,2020-11-29T16:51:19.737Z,12,,,
455e790b-6652-45cd-87dd-36fdb71de0a8,234888903,2020-11-29T16:51:44.537Z,2020-11-29T16:52:03.076Z,13,,,
bcf5bf02-4c3e-4d1c-9468-03404ce11ef3,234888903,2020-11-29T16:52:10.984Z,2020-11-29T16:52:10.984Z,14,"你可以教她別的日文阿，例如：o jin jin daisuki ~
她可能就不會每天說同樣的話了",0,M
3b3b07bf-b708-4136-b566-310fd9ef83f9,234888903,2020-11-29T19:21:55.109Z,2020-11-29T19:21:55.109Z,15,笑死😂😂😂👍👍這你自己想出來的嗎😳😳很厲害欸😎😎 哈哈是我啦你是不是很懂嘻哈啊skrskr🤙🤙🤙😎😎😎👊👊👊🖕🖕🖕🖖🖖🖖 peace 笑死😂😂😂👍👍這你自己想出來的嗎😳😳很厲害欸😎😎 哈哈是我啦你是不是很懂嘻哈啊skrskr🤙🤙🤙😎😎😎👊👊👊🖕🖕🖕🖖🖖🖖 peace,0,M
30541e42-3679-47ce-a17b-62cf844ecc6a,234888903,2020-11-30T03:52:52.472Z,2020-11-30T03:52:52.472Z,16,德國骨科好刺激唷～,0,M
d79053cf-b391-4097-9254-974f1bb0e572,234888903,2020-11-30T06:29:08.079Z,2020-11-30T06:29:08.079Z,17,頭殼洨嘎吧蕊,0,M
bbc2fcc6-179d-4cfc-88cf-7fbf4415e5ed,234888903,2020-12-01T02:11:12.764Z,2020-12-01T02:11:12.764Z,18,笑死😂😂😂👍👍這你自己想出來的嗎😳😳很厲害欸😎😎 哈哈是我啦你是不是很懂嘻哈啊skrskr🤙🤙🤙😎😎😎👊👊👊🖕🖕🖕🖖🖖🖖 peace 笑死😂😂😂👍👍這你自己想出來的嗎😳😳很厲害欸😎😎 哈哈是我啦你是不是很懂嘻哈啊skrskr🤙🤙🤙😎😎😎👊👊👊🖕🖕🖕🖖🖖🖖 peace,0,M
ccf5c1d3-77f2-413f-93ca-4d1f03f20c72,234888903,2020-12-01T06:48:06.708Z,2020-12-01T06:48:06.708Z,19,能在夢中死去，是多麼的幸福呀,0,M
604bc47b-9694-4191-be8f-2ad606b90853,234888903,2020-12-01T07:10:00.702Z,2020-12-01T07:10:00.702Z,20,醒,1,F
aa1cb099-e854-4567-a00e-7ad28bcb21e2,234888903,2020-12-01T16:06:40.569Z,2020-12-01T16:06:40.569Z,21,"戴頭上？
https://i.imgur.com/3BoZnPi.jpg",0,M
470c269a-d282-497d-932d-4a15309098db,234888903,2020-12-02T05:21:21.281Z,2020-12-02T05:21:21.281Z,22,別睡了,0,F
718529e0-3ba9-463d-91e8-bb3795b8c4e8,234888903,2020-12-02T13:20:19.822Z,2020-12-02T13:20:19.822Z,23,我的妹妹不可能這麼可愛,0,F
1897b3cc-2853-434d-ae60-5c482e5e392f,234886406,2020-11-29T15:05:30.174Z,2020-11-29T15:05:30.174Z,1,謝謝🙏 今天有去拿了 太太感謝你,1,F
2d36f348-d2c6-423e-8149-fb354ce36d27,234886406,2020-12-03T01:47:40.931Z,2020-12-03T01:47:40.931Z,2,B1 不客氣 太太,0,M
be51bc46-5d80-464b-9431-30851747556a,234882472,2020-11-28T08:11:39.530Z,2020-11-28T08:11:39.530Z,1,當這解迷版？,0,M
715c1c8d-299b-4af2-9e76-cb1f3e85dc27,234882472,2020-11-28T11:48:40.245Z,2020-11-28T11:48:40.245Z,2,"中間有個人臉 這象徵著一個怨氣的存在
而旁邊有些文字隱約透出來 這可能是他想表達的內心情感
右邊全黑的設計可能是想告訴你他內心的黑暗面
總之這整張紙想和你傳達的意思就是



我是一張廢紙
丟了吧",4,F
b7009f89-db8c-49d0-879c-3f6070b7b3c6,234882472,2020-11-28T11:55:11.645Z,2020-11-28T11:55:11.645Z,3,哈哈,0,M
240de88e-ecdb-440a-bdb9-ca302bbcf389,234882472,2020-11-29T11:25:23.434Z,2020-11-29T11:25:23.434Z,4,這啥,0,M
c8889303-60ed-49f0-be15-f61bb0f418f2,234882472,2020-11-29T12:18:54.701Z,2020-11-29T12:18:54.701Z,5,這一題我選B,0,M
cc94ef05-e91d-46f8-b907-2459a9350ad8,234882472,2020-11-30T12:15:31.138Z,2020-11-30T12:15:31.138Z,6,好可怕,0,F
027591b6-50fb-4d5f-920e-ef69d2a5b434,234879975,2020-11-27T16:06:37.812Z,2020-11-27T16:06:37.812Z,1,真善美,0,M
0d4d814e-b070-4306-be59-116a7fd76051,234879975,2020-11-27T23:17:23.452Z,2020-11-27T23:17:23.452Z,2,志銘音樂坊,0,M
abfe6802-60ac-49ae-b633-9e798c40cf61,234879469,2020-11-27T15:04:55.473Z,2020-11-27T15:04:55.473Z,1,"寫郵件去問
只要是合理事由基本上都會讓你補或者詢問",0,F
eeeee62a-a727-4ede-93f4-8b4c50af8574,234878072,2020-11-27T12:11:26.157Z,2020-11-27T12:11:26.157Z,1,我的也遺失 還跟你同款QQ,1,M
03cf92d6-d311-4c8e-89a7-54e022f865c3,234878072,2020-11-27T12:16:27.792Z,2020-11-27T12:16:27.792Z,2,B1 原來是遇到同路人呀QWQ,0,M
8d5b77d3-02ef-41bb-8f49-3e69785b3ce1,234877927,2020-11-27T08:49:01.666Z,2020-11-27T08:49:01.666Z,1,哈哈是我啦,3,M
07da8a47-2e08-4d54-8a1f-49cd083ac4eb,234877927,2020-11-27T08:51:09.112Z,2020-11-27T08:51:09.112Z,2,是我啦哈哈,3,M
57782f6f-c404-435a-873b-7273a47eeda8,234877927,2020-11-27T08:51:36.629Z,2020-11-27T08:51:36.629Z,3,B1 ...不要鬧我會怕,1,M
ca5bbc9d-0aab-439b-91f6-e56958c18328,234877927,2020-11-27T08:52:46.080Z,2020-11-27T08:53:16.502Z,4,,,
2e516e21-91c6-41f8-abc7-85b1a7af5e97,234877927,2020-11-27T09:28:22.678Z,2020-11-27T09:28:22.678Z,5,你帥嗎,1,M
e19a15ad-aeab-4b53-b59e-9cab8dc19587,234877927,2020-11-27T10:31:22.969Z,2020-11-27T10:31:22.969Z,6,你可以不要自我感覺良好嗎？,10,M
fce6f3cf-bc2f-4c74-8a09-0176a616bbc8,234877927,2020-11-27T10:40:22.350Z,2020-11-27T10:40:22.350Z,7,哈哈是我啦,1,M
d5bac536-90c5-45b3-a782-c2a7a76f0c9b,234877927,2020-11-27T10:54:02.886Z,2020-11-27T10:54:02.886Z,8,討厭啦 被發現惹,1,M
f0d4d118-902d-4a8a-80cc-6f3f1f1ee4b6,234877927,2020-11-27T10:56:19.893Z,2020-11-27T10:56:19.893Z,9,"哈哈是我拉，我只是覺得
為什麼會有人長這麼醜",2,M
dbdb3564-1d8f-41b7-bbc7-cc343fd2274a,234877927,2020-11-27T14:04:31.908Z,2020-11-27T14:04:31.908Z,10,樓上的別鬧，其實是我啦,1,M
9b3caae8-9173-4514-b303-551ff5ad53f7,234877927,2020-11-27T16:30:31.180Z,2020-11-27T16:30:31.180Z,11,哇 我好驚訝你居然會上狄卡PO文🤣 找我有什麼事嗎？😂,3,F
e1c0cb4f-d3d4-4691-ba21-c3c66a1d025e,234877927,2020-11-27T17:20:00.900Z,2020-11-27T17:20:00.900Z,12,B11 找你唱歌三多等你,1,M
03915571-b9df-4361-809b-5bd1c4dabbbb,234877927,2020-11-27T18:21:48.101Z,2020-11-27T18:21:48.101Z,13,B11 你真的是本人嗎😂太多人來亂我有點搞不清楚,1,M
55d91f18-ee44-4db2-a126-775544c59195,234877927,2020-11-27T19:04:09.651Z,2020-11-27T19:04:09.651Z,14,哈哈是我啦,1,F
7bc35bc1-3890-4c7b-92cc-896f3a726633,234877927,2020-11-27T19:59:37.290Z,2020-11-27T19:59:37.290Z,15,B14 你是 B11嗎,1,M
a0591834-6b98-43f5-a419-a5120043e288,234877927,2020-11-27T20:00:05.309Z,2020-11-27T20:00:05.309Z,16,B15 哈哈不是,1,F
0f8bfe15-e569-4049-ab1e-8313328dc1de,234877927,2020-11-27T20:00:24.104Z,2020-11-27T20:00:24.104Z,17,B16 ...到底是誰啊啊啊啊啊,1,M
ef58f781-66d0-411e-9f43-7971faf2dfcd,234877927,2020-11-27T20:00:48.699Z,2020-11-27T20:00:48.699Z,18,B17 有緣自會相見,1,F
1545ea5f-8c1b-4cbc-89da-b9ed891052df,234877927,2020-11-27T20:01:05.988Z,2020-11-27T20:01:05.988Z,19,B18 說的也是,1,M
1f24c344-cd8c-4b6f-a97b-acc2817d69f9,234877927,2020-11-28T03:24:07.405Z,2020-11-28T03:24:07.405Z,20,https://i.imgur.com/9GrTNaJ.jpg,5,M
1309db09-5fa7-4f5d-a82d-be358ca3539a,234877927,2020-11-28T04:35:20.117Z,2020-11-28T04:35:20.117Z,21,是不是想騙人家尿尿地方,2,M
6aa3ad07-a7bd-42c0-8c96-4d3ef3b4b697,234877927,2020-11-28T04:38:20.158Z,2020-11-28T04:38:20.158Z,22,哇 我好驚訝你居然會上狄卡PO文🤣 找我有什麼事嗎？😂,1,M
dfcecf7d-da1e-406e-85fa-f60699d512e4,234877927,2020-11-28T04:55:11.706Z,2020-11-28T04:55:11.706Z,23,其實她是在看紅綠燈吧,2,M
72e90709-8ca4-41cb-941e-ac4f5a1bd837,234877927,2020-11-28T05:10:14.693Z,2020-11-28T05:10:14.693Z,24,找我嗎  我那個時候戴假髮😘,2,M
adec12a5-428b-4a99-a44d-68d9a9a0730c,234877927,2020-11-28T05:17:05.259Z,2020-11-28T05:17:05.259Z,25,你想太多是我男扮女裝,2,M
f5a0c04c-d2c0-465b-b979-85ab5249457a,234877927,2020-11-28T05:55:51.261Z,2020-11-28T05:55:51.261Z,26,下次再見到的時候再說吧～,3,F
d26fe8a2-ca71-4de8-b7ad-7488ca61402c,234877927,2020-11-28T08:01:15.241Z,2020-11-28T08:01:15.241Z,27,找我女友有什麼事嗎？,3,M
c9e74443-649b-44ad-8d47-1ebfb2e0578f,234877927,2020-11-28T08:55:08.473Z,2020-11-28T08:55:08.473Z,28,...？找我怎麼了嗎,3,F
b42f5929-1686-4ed7-82db-851481b3946f,234877927,2020-11-28T09:09:05.563Z,2020-11-28T09:09:20.905Z,29,,,
04313108-9cfc-4055-89a3-69794d815256,234877927,2020-11-28T10:21:29.172Z,2020-11-28T10:21:29.172Z,30,哈哈是我啦,2,F
b5bdc60b-4657-4a99-80cb-bdb5235186a8,234877927,2020-11-28T10:22:23.863Z,2020-11-28T10:22:23.863Z,31,你是說韓國的魚嗎？,0,M
deba6d0b-e78c-4c4c-ac75-3707b9b5ad8f,234877927,2020-11-28T10:29:02.482Z,2020-11-28T10:29:02.482Z,32,其實是我啦,0,F
830ea08f-55e0-4282-b186-229e86ee11a8,234877927,2020-11-28T11:07:58.659Z,2020-11-28T11:07:58.659Z,33,"跟你對看的男人不好了嗎？
你這是性別歧視喔！
你懂男女憑拳嗎？",1,M
388e3f82-f0d8-4e3e-bf5b-1c09cfc41e77,234877927,2020-11-28T11:10:56.832Z,2020-11-28T11:10:56.832Z,34,盆栽要剪 女人要扁,1,M
1ba4d0e2-bb44-48ab-b5cd-ea63f3ddbdb7,234877927,2020-11-28T11:31:58.254Z,2020-11-28T11:31:58.254Z,35,B22 小壞壞 你居然複製我的留言😳,0,F
bc1b7576-eae8-460a-960e-ce2883800bb9,234877927,2020-11-28T12:23:36.459Z,2020-11-28T12:23:36.459Z,36,B22 小壞壞 你居然複製我的留言😳,0,F
c6faff56-dfc8-444c-9a9d-c5937a9abece,234877927,2020-11-28T15:11:44.108Z,2020-11-28T15:11:44.108Z,37,B22 小壞壞 你居然複製我的留言😳,2,M
07583209-ddf4-4916-a172-9a182f7d8726,234877927,2020-11-28T16:07:37.457Z,2020-11-28T16:07:37.457Z,38,留言會笑死哈哈哈,0,F
ddd33566-ac9c-4e9d-8844-5a0afd6cbe46,234877927,2020-11-28T16:18:10.103Z,2020-11-28T16:18:10.103Z,39,B22 小壞壞 你居然複製我的留言😳,0,F
28f152b1-18e5-4be2-a6a2-385d576bb3b1,234877927,2020-11-28T20:14:35.743Z,2020-11-28T20:14:35.743Z,40,女人，給我妳的IG,0,M
92296d6f-caff-4c2b-98b1-51dbfb4222b0,234877927,2020-11-28T21:40:49.079Z,2020-11-28T21:40:49.079Z,41,B40 男人，你個臭雞雞,2,F
cb6737e3-ba32-4dae-9985-aba18a03aa51,234877927,2020-11-29T11:45:26.173Z,2020-11-29T11:45:26.173Z,42,"直接問她加個賴吧～不就解決了。
有講就有一半的機會YES or NO
幾十歲的人還要我教，真是的。",1,M
921b2f07-415b-44b6-9faf-88a6215e2221,234877927,2020-11-30T19:54:15.974Z,2020-11-30T19:54:15.974Z,43,笑🐭，好好笑找到到真的笑死奇蹟發生,0,F
af587193-9dda-4450-823f-579dd3e53230,234877927,2020-11-30T19:55:02.063Z,2020-11-30T19:55:02.063Z,44,你應該發騎什麼車的帶什麼顏色的安全帽,0,F
e551965f-d6ea-4e08-a48b-9cfd03c939d1,234877927,2020-12-01T14:08:42.421Z,2020-12-01T14:08:42.421Z,45,乾好好笑，奇文共賞,0,M
a0c29b6b-061e-4991-aa27-cc2bf7f8fae0,234876606,2020-11-27T14:14:20.574Z,2020-11-27T14:14:20.574Z,1,下輩子就記得不會怕曬太陽了,0,M
b9c6eebe-8c1b-4d88-81b3-186514cdec41,234876606,2020-11-28T07:03:08.544Z,2020-11-28T07:03:08.544Z,2,被壓扁之後他下次再也不會這樣做了,0,M
f41874f4-4ca5-42d6-b513-361509c82b7d,234876606,2020-11-28T09:49:29.239Z,2020-11-28T09:49:29.239Z,3,好險我都開車,0,M
27ff5028-1efd-44ad-9649-3a40fc2ccd94,234876506,2020-11-27T04:18:52.641Z,2020-11-27T04:18:52.641Z,1,大約早上10.15左右,0,M
6b37cf75-8478-4f9f-9f99-69665d87a59a,234873885,2020-11-27T02:52:06.936Z,2020-11-27T02:52:06.936Z,1,因為你發文時間晚上11點，他們都撤回家休息惹,0,M
17e7d15f-55f8-4a5a-b03f-da3eb97e3d27,234873885,2020-11-27T10:28:21.755Z,2020-11-27T10:28:21.755Z,2,因為學餐抗議他們搶走了學餐的生意所以很多熟食都不能賣了,3,F
8960f006-016a-4312-bcf6-5115cb91ad36,234873885,2020-11-27T10:35:38.913Z,2020-11-27T10:35:38.913Z,3,B2 靠真的假的？,1,M
66254458-0721-42eb-80a7-58c7bf499ec7,234873885,2020-11-27T15:45:11.130Z,2020-11-27T15:45:11.130Z,4,因為疫情關係 禁熱食（聽農夫市集阿姨說的,1,F
a37431da-c300-44fa-8440-af6086e2cdc0,234873885,2020-11-27T16:22:50.915Z,2020-11-27T16:22:50.915Z,5,飲料也禁了QAQ,0,F
59847202-8ea3-45ed-abe1-1c2ff700b34b,234873885,2020-11-28T02:53:07.631Z,2020-11-28T02:53:07.631Z,6,主要是要飲料回來！！！！！,1,F
d864227b-2046-4a28-ab84-4490c4f1f448,234873885,2020-11-28T17:19:48.537Z,2020-11-28T17:19:48.537Z,7,之前有好喝的牛奶和包子之後也沒了🥺,1,F
0c155081-5564-46ab-ae87-cc849224566e,234873885,2020-12-02T17:23:04.688Z,2020-12-02T17:23:04.688Z,8,B2 可是學餐一堆人就不想走過去啊啊,1,F
99bdf675-77ee-4b08-b318-c7a4f2dd8627,234873693,2020-11-27T08:35:09.637Z,2020-11-27T08:35:09.637Z,1,不是它離奇失蹤 是被你的小腦袋瓜丟了,3,M
c328d6cc-d068-4376-9b90-165063fde064,234873693,2020-11-27T12:16:56.172Z,2020-11-27T12:16:56.172Z,2,B1 我承認我真的很容易掉東掉西ಥ_ಥ,0,M
78e08376-3f9a-4609-90d7-b54f430d6bad,234873693,2020-11-29T11:36:30.852Z,2020-11-29T11:36:30.852Z,3,重新辦一張學生證吧，越快越好，不然被拿去嘿嘿嘿就...,0,M
233ec093-2f14-4706-80e3-7df08b00409f,234873450,2020-11-26T14:10:38.844Z,2020-11-26T14:10:38.844Z,1,超煩 好不容易今天沒課可以休息結果一直敲==,2,F
8a99d7c0-bc98-4a30-a42b-2effb8807463,234873450,2020-11-26T14:30:12.235Z,2020-11-26T14:34:26.993Z,2,個人覺得白天敲還可以體諒，但是現在也不早了，自己不休息不代表別人也不用休息,0,M
6d177655-e14b-4ad1-9cc5-49615222562e,234867946,2020-11-25T18:08:46.405Z,2020-11-25T18:08:46.405Z,1,我自己是看那學期有沒有我想參加的活動，如果沒有就沒繳，如果有我就會繳。,1,F
23a0d60a-5fb3-43d1-b049-3f50cc937802,234867946,2020-11-26T06:55:40.614Z,2020-11-26T06:55:40.614Z,2,我之前是系副會長，系學會費要不要繳是自己決定的，既然不參加活動就不要繳費，浪費錢，如果學長姊或系學會幹部要求一定要，可以和師長溝通處理，但雖然應該是不會有逼迫繳費的問題，這東西本來就是想繳就繳，不想繳就不要繳，沒有任何理由能去逼迫一個人繳費。,0,M
1d2bc385-8764-4cf6-8a18-3e045286a870,234867946,2020-11-26T07:00:16.259Z,2020-11-26T07:00:16.259Z,3,"我是 B2
對了，如果是分期繳，如果真的不想在繼續繳費了，那就真的不要繳，用不到為什麼要繳費，問問你自己，何必把錢花在用不到的地方，如果真的決定好沒有要參加活動不想繳費了，那就不要繳費了，至於之前付的費用，看妳要不要討回來還是和系學會溝通，怕丟臉或惹麻煩就不要討當學教訓，因為這本來就是不能強迫的，系學會是指系上的學生會，應該保障系上學生的各項權益，既然學生不要就不能強迫，可以和系學會談談相關事宜，希望我的解答有幫到妳。",0,M
2a6fd083-3121-443a-9412-956733ee160d,234867946,2020-11-26T18:51:47.664Z,2020-11-26T18:51:47.664Z,4,本系沒有繳畢不了業：）,0,F
fbff0eae-184e-40e8-8157-769fbf56238e,234867946,2020-11-26T22:06:42.579Z,2020-11-26T22:06:42.579Z,5,B4 這算威脅了欸... 台灣學生都不敢反抗😓,0,M
3d297ed1-1086-4f19-8764-2789407937e3,234867946,2020-11-27T06:56:37.004Z,2020-11-27T06:56:37.004Z,6,B4 去和學校反應，系學會費這筆費用的金額通常也不小，每個系大概都有2000以上，沒有經濟能力的學生，或者就算有再打工賺錢，這對學生來講都是一筆負擔，如果是系學會講說沒繳不能畢業，請先和系上主任或院上討論協調，如果真的要你繳，你不想繳，就去跟學校反應看看。,0,M
85a6cfea-d981-415d-8723-b5cf8cf1cb5a,234867946,2020-11-29T13:40:30.520Z,2020-11-29T13:40:30.520Z,7,"B4 妳是哪個系啊？
如果是真的建議蒐集證據，
用看能不能跟學校反應，
好像能用校務資訊系統的即時反應教學意見反應，
我已經畢業了不能幫妳試，
若不行或沒用跟教育部申訴，
這個真的太扯。",0,M
6e1d471e-62d4-4a8a-bc49-22db3d8036c0,234866095,2020-11-25T13:03:48.468Z,2020-11-25T13:03:48.468Z,1,"待轉格很難ㄇ？？
拜託考到別上路謝謝🤣",10,F
08bb3df8-c4a3-4c9a-a40a-04d99f026b33,234866095,2020-11-25T13:16:33.363Z,2020-11-25T13:16:33.363Z,2,"不代轉就不難了啊
只要可以正確的直接左轉
遠比待在代撞區還要安全",5,M
0e3387e8-dcf1-4e2b-b6e8-c7aa777e6022,234866095,2020-11-25T13:39:17.332Z,2020-11-25T13:39:17.332Z,3,考試的時候你就直接轉就過了👌🏿👌🏿,1,M
6897a9b9-f631-469e-bb07-516f1f7b2747,234866095,2020-11-25T15:04:37.455Z,2020-11-25T15:04:37.455Z,4,可是我看到很多人都卡在待轉區wwww,0,F
4b298927-7be6-4016-833c-bb89c0536395,234866095,2020-11-25T15:09:28.197Z,2020-11-25T15:09:28.197Z,5,每年學校考場的待轉格都很難轉啊 可以跟交管隊建議喔~,2,F
7be835de-e6a9-4be7-9706-df202cf046e3,234866095,2020-11-25T15:54:41.037Z,2020-11-25T15:54:41.037Z,6,什麼時候考我想去加油,1,M
38aacb46-80c8-42ac-9523-40e7be9e0aad,234866095,2020-11-25T16:26:46.926Z,2020-11-25T16:26:46.926Z,7,"B6 你可以去加油站（？😂
好像是晚上7：00路考吧
不太確定",0,F
15653411-fe30-45c7-828b-cd63ed314756,234866095,2020-11-25T17:43:33.585Z,2020-11-25T17:43:33.585Z,8,"我也好想學騎車
不想整天被家裡雇用的司機載來學校",2,M
9bfa5129-35ab-42bf-abe7-710fdad1abed,234866095,2020-11-26T04:16:11.611Z,2020-11-26T04:16:11.611Z,9,B8 真是委屈你了😢,0,M
7c13da27-caf7-4510-94fb-af191d141103,234866095,2020-11-28T02:34:44.508Z,2020-11-28T02:34:44.508Z,10,b8 好好喔有專門司機接送,0,F
33a3b6fe-637a-44dc-b2ec-f5930babe511,234866095,2020-11-28T11:50:19.416Z,2020-11-28T11:50:19.416Z,11,直接買黃牌 不要代轉了,0,F
239d3305-41ec-45a5-87a6-4da57728a867,234866095,2020-11-28T11:50:53.537Z,2020-11-28T11:50:53.537Z,12,"反正學校的考試專出雞腿
隨便考考隨便過
上次有一個人壓線騎完不是一樣過了
擔憂",0,F
dc418095-e39a-4089-bca5-d5dc0861280a,234865785,2020-11-25T12:18:35.434Z,2020-11-25T12:18:35.434Z,1,"我是覺得可以繳
學生會會幫同學辦活動跟演講
沒一次的活動都可能會有小禮物
而且我這次參加演講的小禮物很實用
環保餐具跟杯套小型電風扇環保杯一個
而且很多活動是免費的，我覺得值得",1,M
c28a5e1e-f7e6-4c61-b1cb-1be15c442de0,234865785,2020-11-25T15:01:48.357Z,2020-11-25T15:02:44.448Z,2,就是花錢買回憶，並沒有強迫一定要繳交,2,F
e9a7ca60-7f9b-41ce-8f54-eecf98012976,234865785,2020-11-28T21:37:32.581Z,2020-11-28T21:37:32.581Z,3,B1 好了解喔 好想知道你是誰 這麼貼心🥰,1,M
982c417f-c79d-44d0-9688-4c563daac6aa,234865785,2020-11-29T00:30:00.232Z,2020-11-29T00:30:00.232Z,4,哈哈認真知道嗎哈哈,0,M
8b55a74b-d8cd-461e-be84-404340ab1439,234864608,2020-11-25T09:36:32.287Z,2020-11-25T09:36:32.287Z,1,是有個鯊魚吊飾的嗎,0,F
d84ae518-19db-40a0-9e34-3075e979fc65,234864608,2020-11-25T09:50:59.311Z,2020-11-25T09:50:59.311Z,2,對對,0,M
a8641745-ce4e-4ee7-b039-64509ea8cc16,234864608,2020-11-25T09:52:02.228Z,2020-11-25T09:52:02.228Z,3,B1 請問在學校嗎🙏,0,M
4c29e9cc-baf5-4964-979f-46b8f4b3e0f1,234864608,2020-11-25T09:53:28.087Z,2020-11-25T09:53:28.087Z,4,我6:30才會到學校，可以約在圖資地下一樓那邊嗎,0,F
feff4f2b-4e7b-4f3d-837b-fabe0bef52b0,234864608,2020-11-25T09:54:27.236Z,2020-11-25T09:54:27.236Z,5,B4 👌,0,M
20dec341-ce02-4c4b-b9ac-0ae9ffb8293c,234864495,2020-11-25T09:30:29.345Z,2020-11-25T09:30:29.345Z,1,"感覺好好吃🤤
BY 檸檬姊",2,F
25939fac-63d9-454c-bada-f7a3c384d742,234864495,2020-11-25T11:06:04.172Z,2020-11-25T11:06:04.172Z,2,不買會後悔，手刀下單了🤟🏻,1,F
3ecba1a6-b373-4adb-9b2c-6204250d9726,234864495,2020-11-25T15:08:28.155Z,2020-11-25T15:08:28.155Z,3,B1 是檸檬姐姐❤❤我是吉,2,F
ac847640-98c4-4072-bf8c-1987cf24a515,234864495,2020-11-26T04:56:33.378Z,2020-11-26T04:56:33.378Z,4,想捧場 但禮拜四沒課😭😭,1,F
9ee67684-3066-405b-83e9-70cd353e9570,234864495,2020-11-26T10:16:07.075Z,2020-11-26T10:16:07.075Z,5,這次有冬季限定款，錯過真的太可惜了QQ,1,F
bbeb3728-a2bb-40de-9aa1-6dfb38fe948f,234864495,2020-11-27T06:50:58.333Z,2020-11-27T06:50:58.333Z,6,"打開皮包。

嗯，我是小孩

蓋上。",1,M
0389d131-1cd6-4390-a18f-3c4da82b86f5,234864495,2020-11-27T11:23:35.249Z,2020-11-27T11:23:35.249Z,7,看別人吃，最後可能又忍不住打開了XD,1,F
67ef05ff-d835-4a3c-9961-ca15ed8ceba7,234863770,2020-11-25T06:08:42.000Z,2020-11-25T06:08:42.000Z,1,"哈哈我也想要,他們都很高餒XD",5,M
b3682862-bf60-418e-9967-172e06e3bd2e,234863770,2020-11-25T06:43:36.467Z,2020-11-25T06:43:36.467Z,2,服務是真的好👍🏼,3,F
be242c18-e52c-4f23-9d27-6fe256f4e9c0,234863770,2020-11-25T07:10:12.947Z,2020-11-25T07:10:12.947Z,3,我要最高的那個(⁎⁍̴̛ᴗ⁍̴̛⁎),4,F
6257f713-cf7f-4620-8de7-ed8431f5d30d,234863770,2020-11-25T07:24:35.528Z,2020-11-25T07:24:35.528Z,4,我也要🌚B3,1,F
26b805b2-4f9b-4c43-b187-b8cf018df20f,234863770,2020-11-25T07:50:00.557Z,2020-11-25T07:50:00.557Z,5,"我其實沒在記誰高...感覺差不多呀
我下次結帳留意一下好了
最高的 姓什麼...",3,M
f9a6b29f-4e5a-4f0f-9961-2c110f766c51,234863770,2020-11-25T07:57:24.798Z,2020-11-25T07:57:24.798Z,6,我記得有一位新來的哥哥吧（昨天在學的哈哈，那位可以XD但忘記名字,0,M
979d79f7-734b-466d-81a3-72570b48025e,234863770,2020-11-25T08:28:57.861Z,2020-11-25T08:28:57.861Z,7,B5 很有禮貌的那個XDD 他超可愛,5,F
061df8c6-7e9a-4a63-b1ab-0a5c6fa319e3,234863770,2020-11-26T05:04:56.377Z,2020-11-26T05:04:56.377Z,8,為什麼以前在學時沒有啦🤣🤣🤣,1,F
8f8e1b00-6980-4f9d-a2ab-d3c79232db7f,234863770,2020-11-26T12:37:27.055Z,2020-11-26T13:12:03.773Z,9,,,
b995cdb6-284e-4a8b-bd8a-6f9aef97aa2a,234863770,2020-11-28T20:24:14.732Z,2020-11-28T20:24:14.732Z,10,身為同一個大學 為什麼我不知道你們說什麼,1,M
