5b9f3e6e-6beb-42a7-815c-101c15f6db79,234969885,2020-12-12T16:41:06.862Z,2020-12-12T16:41:06.862Z,1,推 良心賣家,0,M
5f689b46-b380-477c-a73a-71a63904b46c,234969885,2020-12-12T18:20:52.177Z,2020-12-12T18:20:52.177Z,2,買這麼貴 我一本收一千,0,M
75323fc0-b591-4f10-89c6-c29934e6e435,234954920,2020-12-10T16:28:53.359Z,2020-12-10T16:28:53.359Z,1,雷嘉納？,0,F
528b2977-eb3c-4b54-acea-cfb8edaaa11c,234954920,2020-12-11T18:10:26.571Z,2020-12-11T18:10:26.571Z,2,對是他,0,M
686f3695-d300-49ae-9eb0-d2fadfd61e87,234953769,2020-12-10T06:23:23.640Z,2020-12-10T06:23:23.640Z,1,錄影啊放靠北開南,0,M
758d42f6-6290-46ae-9ae6-3b45bfbd23c1,234953769,2020-12-10T13:43:18.330Z,2020-12-11T05:41:45.178Z,2,,,
e363eb6a-1a7e-4bfe-b151-2d278716fda1,234952958,2020-12-10T07:17:09.515Z,2020-12-10T07:17:09.515Z,1,這麼好😆我是新生怎麼沒有收到,0,M
1ae65945-e0e3-4cba-b529-d4f7d9683050,234952958,2020-12-10T07:25:04.778Z,2020-12-10T07:25:04.778Z,2,B1 我也不知道(´･_･`),0,F
c0abd1ac-18ab-4c4f-8468-5c5d0eafd273,234952958,2020-12-11T10:35:11.368Z,2020-12-11T10:35:11.368Z,3,可以去出納組問問 在S棟,0,F
e7c30246-eb90-4d67-a9cb-dafcfe0a407c,234952958,2020-12-12T04:42:42.909Z,2020-12-12T04:42:42.909Z,4,B3 那我禮拜一去問一下🤩謝謝你！,0,F
657a47dc-da44-44e9-b886-7e365bd4f782,234935393,2020-12-07T10:25:41.751Z,2020-12-07T10:25:41.751Z,1,丹古,0,M
c48e2c04-0aee-49f1-9f38-06fadd75918b,234935393,2020-12-07T15:47:02.139Z,2020-12-07T15:47:02.139Z,2,喵日子,1,M
f582c674-ab61-4789-9b64-c68c6349d51b,234935393,2020-12-08T10:23:27.756Z,2020-12-08T10:23:27.756Z,3,"B1 
B2 
謝謝",1,F
9fa1d6d8-9989-4f55-a315-3cfd206352c5,234913582,2020-12-03T12:55:26.414Z,2020-12-03T12:55:26.414Z,1,到中壢火車站附近的公車總站，我記得那邊的新竹客運有專門達到開南大學,0,M
7e9881aa-f018-4a40-ad9e-ef8fc9ecb646,234913582,2020-12-03T12:56:07.164Z,2020-12-03T12:56:07.164Z,2,"B1 真假 我都不知道
搞到我每次到坐火車到桃園再轉公車",0,M
9f1d3354-9ec8-4a07-b8b7-d061385d2c77,234913582,2020-12-03T12:56:18.672Z,2020-12-03T12:56:18.672Z,3,真的,0,M
3a1551a6-4724-43e2-bba5-aab997f2f090,234913582,2020-12-03T12:58:15.483Z,2020-12-03T12:58:15.483Z,4,但是建議你先去確認一下,0,M
d39975e6-73f6-4446-a9e9-399f280d7848,234913582,2020-12-03T12:58:34.236Z,2020-12-03T12:58:34.236Z,5,好沒問題明天去看看B4,0,M
9201a118-5875-4364-9c54-6e0dda12c05f,234913582,2020-12-03T13:00:02.934Z,2020-12-03T13:00:02.934Z,6,總之中壢火車站附近不是很多客運嗎？都先去看看，你就知道我說的是哪裡了，希望有幫到你,0,M
6f5ece65-de71-454e-a605-39a11387b8e7,234913582,2020-12-03T14:01:50.430Z,2020-12-03T14:01:50.430Z,7,中壢已經沒有專車到開南大學了。,0,F
63be37cd-0241-437d-b43f-43cb2816af1f,234913582,2020-12-03T17:21:28.165Z,2020-12-03T17:21:28.165Z,8,沒有,0,M
1465c03d-e79e-4e4a-8973-a01588a8bcd9,234913582,2020-12-05T22:36:01.569Z,2020-12-05T22:36:01.569Z,9,"我通常會搭170或5087到高鐵站，轉206
時間大概是四十分鐘左右
有幾台206也會直接開進學校裡面",0,F
1587a6e5-c3ad-43ce-b6a5-f6b9ffbc2bee,234913582,2020-12-07T04:30:46.575Z,2020-12-07T04:30:46.575Z,10,"呃...我還以為下雨天有車的都會想開車欸
個人認為下雨天濕答答還要擠公車很不舒服",0,M
24f6ae2a-534c-46a0-973a-39ea3a8689c7,234911749,2020-12-03T11:30:00.605Z,2020-12-03T11:30:00.605Z,1,之前看到飛鏢社不知現在還有沒有,1,M
5236c167-f268-42ff-bec5-859040a2319f,234911749,2020-12-03T13:58:29.942Z,2020-12-03T13:58:29.942Z,2,"在開南玩社團好像蠻浪費時間的
做再多 別人也不會感謝你",3,M
743bb2d5-ff9a-462c-b689-c5202670adec,234911749,2020-12-05T15:29:22.828Z,2020-12-05T15:29:22.828Z,3,身為開南某社團元老前幹部經驗分享 玩社團不如自己私底下幾個同好自己玩就好 搞社團浪費時間自己還要犧牲練習的時間教人 最後沒人感謝你 社團也收掉,2,M
243d6cae-2136-4776-97db-b8e0d4f1b281,234911749,2020-12-06T13:36:42.629Z,2020-12-06T13:36:42.629Z,4,我都去中原參加他們學校的社團😂,0,M
16e6f1ce-8a9e-4dcf-a800-f0a307ac447e,234911749,2020-12-07T14:57:01.455Z,2020-12-07T14:57:01.455Z,5,鋼琴社不錯,0,F
b5f2ac2f-9171-4bcb-a0f0-9eafb5a492a1,234911749,2020-12-11T02:28:19.496Z,2020-12-11T02:28:19.496Z,6,體冒社,1,M
5a2307da-dbfa-47d7-bcbb-27def03883df,234906416,2020-12-06T11:28:48.571Z,2020-12-06T11:28:48.571Z,1,不用修了。來不及了。下學期重修就好,0,M
441dc275-d5e5-4a9b-a5a9-0e1478e7d1f8,234905242,2020-12-03T12:07:39.387Z,2020-12-03T12:07:39.387Z,1,我也是圖書館志工欸 亂掰的就好了吧,0,F
bfcdcac6-c529-4a9b-aa5c-e8f88e2b3438,234881426,2020-11-28T12:37:28.896Z,2020-11-28T12:37:28.896Z,1,"學校不是學期末才會寄學期總成績單嗎
期中考的成績單應該不會寄吧
寒假在家攔截就好了啊",0,M
3d018b5f-3e78-4b4e-88bb-fc9b6b4f4923,234881426,2020-11-28T17:39:17.003Z,2020-11-28T17:39:17.003Z,2,"去教務系統改通訊地址
把資料印下來給家長系助簽名然後送去教務處
另外承辦人會要求告知你家人喔",0,F
83f028d9-2fb6-4348-b7f7-1470ab4a9dc4,234881426,2020-11-28T17:40:41.835Z,2020-11-28T17:40:41.835Z,3,B2 改完一定要送到教務處嗎？如果直接改然後沒印下來送出就等於沒用嗎,0,F
aa5dfb54-06ae-4a00-aab3-097945e84f7c,234881426,2020-12-01T05:15:41.651Z,2020-12-01T05:15:41.651Z,4,B3 對呀～改完還是要送去教務處這樣才會更改成功唷,0,F
a1618703-bbf0-4db0-a989-471b5c8b7f97,234877072,2020-12-01T10:19:49.395Z,2020-12-01T10:19:49.395Z,1,等不起哦白癡,0,M
77734247-1c48-4de9-b96a-56f2859cc3a7,234877072,2020-12-01T10:45:18.740Z,2020-12-01T10:45:18.740Z,2,"是也沒有
但上面貼9點 常常等很久都沒開門算等不起的一種嗎",1,M
8e0d7cf8-8b5f-4c2b-8c9f-cb069138f0b2,234857447,2020-11-26T15:46:17.125Z,2020-11-26T15:46:17.125Z,1,尷尬,0,M
e8e48fa6-acac-4986-849f-08e4c9beaea0,234857447,2020-11-27T18:23:02.618Z,2020-11-27T18:23:02.618Z,2,我們有80幾人群組 下次開五星蛋直接到現場問，應該有人在群組,0,M
833cab87-4890-4f8f-87b0-61b04c827556,234849831,2020-11-23T02:23:01.560Z,2020-11-23T02:23:01.560Z,1,甲,0,M
86695197-a61b-4632-81c2-f2540fd426b2,234849831,2020-11-23T04:11:25.712Z,2020-11-23T04:11:25.712Z,2,有ig嗎？,0,M
87621ccb-b662-4208-b57e-b6b943f397a0,234849831,2020-11-23T04:13:57.176Z,2020-11-23T04:13:57.176Z,3,peikaikao,0,M
2804a731-decf-4793-9b7c-9d5fb92e0e2d,234849831,2020-11-27T03:51:37.765Z,2020-11-27T03:51:37.765Z,4,好想認識他喔... 戴帽子開車上高速公路很帥欸,0,M
86234bba-e00b-4756-9cd0-c5eb9cc8b1cc,234849804,2020-11-23T02:24:41.867Z,2020-11-23T02:24:41.867Z,1,同感,1,F
b39e4f6b-d0e8-43d1-8e8a-69d890e6ee40,234849804,2020-11-23T15:58:32.380Z,2020-11-23T15:58:32.380Z,2,阿姨我不想努力了😂,0,M
2d79083f-cefe-405c-bf70-d43bca404126,234849804,2020-11-28T00:13:08.529Z,2020-11-28T00:13:08.529Z,3,深表同感,0,F
20ed11d8-75b6-4298-8ea4-b0d6eaffba3f,234832301,2020-11-21T04:40:19.999Z,2020-11-21T04:40:19.999Z,1,你是用mac的嗎如果是mac我有檔案,0,M
a27aeb24-beb6-4cc8-808e-ed51d2949a43,234832301,2020-11-24T09:10:57.678Z,2020-11-24T09:10:57.678Z,2,B1 我是Windows.......,0,F
3e8c4db2-0934-4770-8f80-54f3e9982b07,234832301,2020-11-26T04:07:16.642Z,2020-11-26T04:07:16.642Z,3,要連學校網路 連了就可以下載 Adobe CC網路上也有很多破解版,0,M
fbc28139-761d-4a9b-aa81-451fa65c4963,234832301,2020-11-26T12:40:43.985Z,2020-11-26T12:40:43.985Z,4,B3 我就是連了學校網路FTP有個txt檔直接寫因為都在電腦教室電腦裡不開放個人下載orz..........,0,F
0c377fdc-89c9-4cfc-a37a-a811435362e0,234832301,2020-11-28T00:18:24.712Z,2020-11-28T00:18:24.712Z,5,"要下載軟體到自己電腦，最好帶一個外接硬碟去系辦，然後把系辦電腦的軟體資料夾存進去就好了！
用硬碟比較快，之後再把硬碟裡的檔案存進電腦就可以了！（硬碟存進電腦速度也比較快！
沒有硬碟可以跟系上借喔！",0,F
8fd65387-692c-4ed0-803d-a6451fe6d066,234827490,2020-11-19T08:14:11.191Z,2020-11-19T08:14:11.191Z,1,都有吧(　ﾟдﾟ),0,M
0eee7bd0-9ede-4525-9d2d-9c9f0136843e,234827490,2020-11-20T03:27:08.578Z,2020-11-20T03:27:08.578Z,2,只有總成績,0,F
9ff7dcf3-e42e-4f6a-9065-d957c3f59c41,234821156,2020-11-24T22:30:01.328Z,2020-11-24T22:30:01.328Z,1,希望牛奶回家：（,0,F
ec0b42e3-0101-4088-965f-1fc24ea92986,234821156,2020-11-26T04:09:48.864Z,2020-11-26T04:09:48.864Z,2,"每次都趴在代轉格不怕被撞
狗界三寶",4,M
be766312-1a66-4d19-86fd-5a3fdc76f961,234801117,2020-11-15T22:49:54.022Z,2020-11-15T22:49:54.022Z,1,什麼顏色,1,M
47e13c82-a7a3-434e-99d2-ad396fea6459,234801117,2020-11-15T22:57:43.222Z,2020-11-15T22:57:43.222Z,2,白色,0,M
9d81c194-0461-4cea-b9ee-8de3f29fe88e,234801117,2020-11-16T04:22:06.572Z,2020-11-16T04:22:06.572Z,3,B1,0,M
a09d2ec7-7f31-4ec1-ba7e-4e338c83fe87,234795079,2020-11-13T20:32:20.031Z,2020-11-13T20:32:20.031Z,1,不能。,11,F
cb7ef64f-2267-46ac-81a7-5e778965046b,234795079,2020-11-14T06:07:23.945Z,2020-11-14T06:07:23.945Z,2,條件這麼好。沒辦法破處的可能，我唯一能想到的可能是你的個性。,2,M
325d1783-021a-4822-ad6e-f0adc9c99d58,234795079,2020-11-14T07:04:43.619Z,2020-11-14T07:04:43.619Z,3,建議加入棒球隊,1,M
9feee6a1-9f30-41bd-8777-63a71de4d985,234795079,2020-11-14T12:52:00.835Z,2020-11-14T12:52:09.178Z,4,"你跟這位是同個人吧
https://www.dcard.tw/f/knu/p/234775937?cid=F1AD0D96-B749-4C92-BBAB-AE771D8EF6FF",1,F
b0003c62-7d39-47a9-94f6-94dc1445c78a,234795079,2020-11-14T14:11:24.880Z,2020-11-14T14:11:40.462Z,5,"笑死 又帥又高 假的吧 不然出來見真章啊
留言一下時間地點 我去看一下",2,F
96cd0887-7f57-4d09-a305-288519e51c47,234795079,2020-11-14T15:00:23.029Z,2020-11-14T15:00:23.029Z,6,你什麼系的？,1,M
5d33765b-d57c-4f5e-b00d-d7210e840edb,234795079,2020-11-14T15:43:48.100Z,2020-11-14T15:43:48.100Z,7,腦子破洞要不要先補一下,2,M
f4d4d8b9-0ea8-4ef6-8fea-4e580029eedd,234795079,2020-11-14T16:21:32.493Z,2020-11-14T16:21:32.493Z,8,"欸同學需要外送茶的電話嗎
臭魯蛇趕快找洞鑽",1,M
c68218b5-c005-4039-b94b-89fdc0f9a2f5,234795079,2020-11-14T17:07:41.501Z,2020-11-14T17:07:41.501Z,9,"以你的講話方式⋯⋯
40歲可能都還沒辦法破處
破產倒還有可能",2,M
358d182f-05a7-411e-a24e-936c5c86f71d,234795079,2020-11-14T18:16:45.336Z,2020-11-14T18:16:45.336Z,10,來 我幫你,1,M
4d6e36cd-32d3-4f3f-924e-d74ae89ba399,234795079,2020-11-14T22:23:05.677Z,2020-11-14T22:23:05.677Z,11,R20是你的深夜最佳良伴,1,M
45e10691-ce5d-4eb7-9f0e-1b7a66c9d9f6,234795079,2020-11-15T08:43:00.943Z,2020-11-15T08:43:00.943Z,12,加賴叫過去,1,F
a0a68640-4895-4337-98e7-0ce15125daa2,234795079,2020-11-15T16:13:33.819Z,2020-11-15T16:13:33.819Z,13,醒醒吧 別睡了,0,M
a63ecd6d-d3c8-4afc-a776-3a7052252eb7,234795079,2020-11-15T16:37:28.762Z,2020-11-15T16:37:28.762Z,14,JKF打開一堆花錢就能破處的小姐,0,M
02fa5002-0e95-4b78-a1c0-763798c8f022,234795079,2020-11-16T06:58:29.611Z,2020-11-16T06:58:29.611Z,15,去找洞啦 乾,1,F
e842ab06-5201-4fc3-a07a-78e8e5582148,234795079,2020-11-16T11:04:12.786Z,2020-11-16T11:04:12.786Z,16,問uber或foodpanda看看,0,M
feaeba69-849e-4ed9-a21a-8c6fcbebe14a,234795079,2020-11-28T00:19:51.334Z,2020-11-28T00:19:51.334Z,17,同學，學校為啥要關心你有沒有破處😂,0,F
8ca03a31-ca7f-4a12-be2b-bfad4f9e9c9e,234795079,2020-11-28T00:22:06.190Z,2020-11-28T00:22:06.190Z,18,又高又帥？求照片,0,F
cdc9760f-9b37-4ee2-ae18-bb052bb29611,234784550,2020-11-12T08:31:47.471Z,2020-11-12T08:31:47.471Z,1,不會，下次上課那考卷才知道成績,2,M
36a28a20-0534-4fbd-8bb2-e965211fec1f,234784550,2020-11-12T09:48:55.808Z,2020-11-12T09:48:55.808Z,2,B1 謝謝！,1,M
015741da-b070-402a-a8a1-627082657ecb,234782539,2020-11-12T01:56:01.475Z,2020-11-12T01:56:01.475Z,1,差不多3-5天也有可能更快。取決於學校處理速度,0,M
73588d0d-fa0e-4313-b2f8-967c249bb249,234782539,2020-11-18T08:21:13.592Z,2020-11-18T08:21:13.592Z,2,有收到了嗎,0,M
f5ac482f-0fb6-4b93-a520-2ae2d6074203,234782539,2020-11-18T10:45:32.516Z,2020-11-18T10:45:32.516Z,3,B2 還沒唷,0,F
2e1f59b3-8e7b-44b9-8a92-c738466917ab,234782539,2020-11-18T11:12:23.269Z,2020-11-18T11:12:23.269Z,4,我也還沒。這次超久,0,M
ea67846e-3cde-46b5-91b8-ebae53d70007,234782539,2020-11-19T05:47:43.263Z,2020-11-19T05:47:43.263Z,5,真的好久 是不是要打過去催一催 才會比較快,0,M
2c393185-8eed-401d-bb22-b03da6330bbe,234782539,2020-11-22T03:08:22.010Z,2020-11-22T03:08:22.010Z,6,請問有收到了嗎？,0,F
73417911-b8e5-4eb0-ae3c-9f6329f7298f,234782539,2020-11-22T07:30:40.465Z,2020-11-22T07:31:07.082Z,7,,,
0b04ccea-5ad7-42b0-abf0-4bd664ace3c7,234782539,2020-11-22T07:31:14.723Z,2020-11-22T07:31:22.932Z,8,B6 還沒...,0,F
b5c76b99-c701-41f1-9464-7f6919253a1f,234782539,2020-11-23T06:06:10.599Z,2020-11-23T06:06:10.599Z,9,想問如果要打電話詢問要打給哪個單位,0,F
56cb6e4c-54de-4926-b1b1-889b527bff9a,234782539,2020-11-23T06:07:04.300Z,2020-11-23T06:07:04.300Z,10,B9  會計室或出納組吧,0,M
809b0f20-b5f4-44b0-b534-45e3f28e5eb0,234782539,2020-11-24T03:10:51.672Z,2020-11-24T03:10:51.672Z,11,剛剛打電話了他說最快這禮拜不然就下禮拜😑😑😑,0,F
516bb702-f343-4828-8467-818d5e82b373,234782539,2020-11-27T06:28:03.833Z,2020-11-27T06:28:03.833Z,12,匯了 終於...,0,M
9b8d033f-a0d8-410b-8181-1b215a5c8a4b,234782539,2020-11-27T11:41:46.143Z,2020-11-27T11:41:46.143Z,13,已下來,0,F
10b4f892-5df7-44ab-a3f7-7e23a5172de1,234775937,2020-11-10T18:13:32.994Z,2020-11-10T18:13:32.994Z,1,"本來不就是應該去吸菸區嗎？
以前沒被抓到不代表不應該被抓",15,F
f7783858-4681-4f4a-85af-8e60da30e98c,234775937,2020-11-11T00:24:20.238Z,2020-11-11T00:24:20.238Z,2,抓越多次女生越愛 傻傻的,1,M
5bad42b0-f618-40d8-8655-034619e784e2,234775937,2020-11-11T01:56:57.214Z,2020-11-11T01:56:57.214Z,3,"是喜歡壞壞的男生 
不是喜歡壞掉的男生",17,M
a8777880-6b5e-48ff-a4c3-2fd05e84952d,234775937,2020-11-11T02:15:59.693Z,2020-11-11T02:15:59.693Z,4,這是反串嗎( ･᷄ὢ･᷅ ),3,M
40b5efc7-58a8-4b18-99fa-25ce83a2147e,234775937,2020-11-12T04:42:19.543Z,2020-11-12T04:42:19.543Z,5,自殺也很壞 會下地獄的那種,0,M
75887267-928d-46d2-bde6-4a3843163d16,234775937,2020-11-12T06:47:16.421Z,2020-11-12T06:47:16.421Z,6,.....,0,M
525ccc14-3973-4bf3-9da6-b4d52909b7fd,234775937,2020-11-12T07:46:31.436Z,2020-11-12T07:46:31.436Z,7,B3,0,F
db929eff-6b9a-462d-a89d-63ea9f01b151,234775937,2020-11-12T13:23:43.451Z,2020-11-12T13:23:43.451Z,8,抽煙有夠臭的！不要讓別人吸二手菸，跟你一樣得肺癌！小屁孩一個,1,M
7da120d9-f987-4216-9bcd-e4adfe44be82,234775937,2020-11-15T11:05:45.736Z,2020-11-15T11:05:45.736Z,9,你是長壞吧,0,M
40869c12-6607-4d61-a9d3-1a8b3d825a88,234775937,2020-11-26T04:11:11.588Z,2020-11-26T04:11:11.588Z,10,🐒,0,M
52ae9e57-1046-49e3-a5f9-5ced9ac5b970,234774934,2020-11-10T15:49:11.399Z,2020-11-10T15:49:11.399Z,1,你把乖乖繳錢的人放在哪裡？🙄,2,M
5f667a27-1500-4279-b11f-63686a95d80f,234774934,2020-11-10T16:18:29.177Z,2020-11-10T16:18:29.177Z,2,"我是建議你停學校外面，但是風險自負
學校給你停也是有他的需求在規劃的
說的好像學校就一定要給你停一樣",0,M
f43cc7d5-1f87-4edb-b799-23295f3ce1b7,234774934,2020-11-11T00:29:17.862Z,2020-11-11T00:29:17.862Z,3,使用者付費，你在學校停車本來就應該要付車費，如果怕被鎖車，就停外面,0,M
7600e76f-7824-4606-a5ac-aa9acb739ac6,234774934,2020-11-12T17:37:41.310Z,2020-11-12T17:37:41.310Z,4,"把車停在吸煙區裡面應該不會被鎖，畢竟那算校外區域
期待你來停⋯",0,M
d15619ce-d3fc-433f-9562-d030c06f95bc,234774934,2020-11-16T15:00:13.678Z,2020-11-16T15:00:13.678Z,5,學校附近便利商店那邊很多機車格 免費的可以去停,0,F
f4574e76-c529-4192-b33b-ff8ad640b292,234763205,2020-11-09T02:00:30.901Z,2020-11-09T02:00:35.002Z,1,恐怖嗎？,1,M
42adcb88-ceb4-48db-8e1a-37eb724efb29,234763205,2020-11-09T02:29:32.812Z,2020-11-09T02:29:32.812Z,2,"每個人的感受不同～
不過我很用心的準備 希望你喜歡🙇🏻‍♂️",2,M
05f4f760-5c8e-45cc-afaa-1eb017452b85,234763205,2020-11-12T06:47:59.465Z,2020-11-12T06:47:59.465Z,3,B2 好 我已經揪一票人去了,1,M
3b582bc1-9c5b-435f-8d10-b4915214aaf8,234763205,2020-11-13T06:45:08.458Z,2020-11-13T06:45:08.458Z,4,蓋章蓋起來,1,M
8a457f35-d9f2-48d5-a602-96d5544a9fa0,234763205,2020-11-13T11:06:07.645Z,2020-11-13T11:06:07.645Z,5,"蓋章沒有問題的唷～
比在靠北開南收購還便宜！",0,M
3f200c41-b105-4040-9d70-4d4acec13c39,234763205,2020-11-19T05:05:43.993Z,2020-11-19T05:05:43.993Z,6,請問一下活動時間是幾點到幾點,1,F
1a0bd3d1-a65d-4d5c-8e85-46916b8cc1a7,234763205,2020-11-19T05:06:36.862Z,2020-11-19T05:06:36.862Z,7,5:30-9:30,1,M
105b3842-e9ed-4c38-8dc4-1258d724750b,234763205,2020-11-19T05:07:17.419Z,2020-11-19T05:07:17.419Z,8,B7 好唷 謝謝,1,F
cfbe1dd1-f191-4347-afa4-344e4d8fab13,234763205,2020-11-19T05:15:12.553Z,2020-11-19T05:15:12.553Z,9,謝謝同學🙏,0,M
94ed2c32-ec29-4018-badc-da02d35dfed4,234763205,2020-11-19T06:26:23.317Z,2020-11-19T06:26:23.317Z,10,問一下～只有我校的可以參加是嗎😂,1,F
0cbb40e8-a7b3-4356-923c-fa44ef0e3531,234763205,2020-11-19T06:38:34.677Z,2020-11-19T06:38:34.677Z,11,換歡迎校外朋友一起來玩唷～,0,M
b8b06af6-743a-4766-8d8b-a70eead149c0,234763205,2020-11-19T06:38:52.128Z,2020-11-19T06:38:52.128Z,12,多打「換」,0,M
1b1d7363-a9c5-4dc3-8d28-f4a99e89820d,234763205,2020-11-19T07:23:04.868Z,2020-11-19T07:23:04.868Z,13,柏瑋硬起來,1,M
7a0f5437-88e1-4eb3-87a8-c8af652faafd,234763205,2020-11-19T17:42:21.867Z,2020-11-19T17:42:21.867Z,14,完全猜不到是誰...B13,0,M
7a264977-8b0d-4c35-97fe-92ed2d03e639,234763205,2020-12-04T06:08:35.570Z,2020-12-04T06:08:35.570Z,15,"有缺章的同學！
價錢好談唷～
身上有30個多的章。",0,M
643bfc03-90d5-4b93-8538-3b734db1bb22,234759114,2020-11-08T06:25:45.099Z,2020-11-08T06:25:45.099Z,1,圖書館問問,0,M
b0988697-72e4-4045-8590-dea36c60f285,234759114,2020-11-08T10:37:18.412Z,2020-11-08T10:37:18.412Z,2,我之前是去家裡附近的創世基金會～ 很多機構都可以去問,0,F
f1ad39ac-4065-478d-822e-16dab107d5fa,234759114,2020-11-08T15:15:49.780Z,2020-11-08T15:15:49.780Z,3,嘖嘖嘖智商真的跟上大學了嗎,1,F
cfd4f855-3220-4a37-9d93-ee2d837fd4da,234759114,2020-11-08T17:40:33.914Z,2020-11-08T17:40:33.914Z,4,抱歉 我是留學生 不太懂,1,F
c68983f8-97f5-41a9-bec9-644ca3a059f9,234750517,2020-11-06T15:18:44.930Z,2020-11-06T15:18:44.930Z,1,"有工作但想找更好的
有方向嗎",0,M
ca8fe00f-3bc0-416f-a627-add1412a421b,234750517,2020-11-07T01:24:57.783Z,2020-11-07T01:24:57.783Z,2,想創業私我,0,M
ba40cccd-211e-4d2c-9dbb-1c18ee70d52c,234750517,2020-11-08T06:26:14.895Z,2020-11-08T06:26:14.895Z,3,先找一個能有收入的慢慢觀望吧！,0,M
b00f4872-5d29-453b-8007-ff4581838fbf,234750517,2020-11-08T13:01:58.255Z,2020-11-08T13:01:58.255Z,4,讀開南 難就業啊,2,M
ed7b12ad-fa68-439c-8570-81572ba3cf69,234750517,2020-11-15T12:27:22.072Z,2020-11-15T12:27:22.072Z,5,找工作可以私我,0,M
de574767-43c6-4803-97e7-9282f7a03872,234748778,2020-11-06T09:17:59.885Z,2020-11-06T09:17:59.885Z,1,每個月15號到 有時候會因為假日提早,0,F
5948fcc5-9909-409c-8fa7-0346ba52393a,234748778,2020-11-06T09:22:44.047Z,2020-11-06T09:22:44.047Z,2,B1 謝謝你,0,M
324b155f-ac7c-44ab-892b-a003f7d7cf8c,234748778,2020-12-07T08:53:05.288Z,2020-12-07T08:53:05.288Z,3,想請問原po有收到第一次助學金了嗎,0,F
ad66c2fc-6856-490c-af3d-74e609eb9eff,234748778,2020-12-07T08:53:32.146Z,2020-12-07T08:53:32.146Z,4,B3 有喔我收到了,0,M
1544bbf5-a437-4705-83ba-3a1c4e84817a,234748778,2020-12-07T08:54:39.073Z,2020-12-07T08:54:39.073Z,5,B4你是什麼時候收到的呢？我第一次的還沒收到😭,0,F
bd3958e2-5611-4b6f-b400-382a087fd3eb,234748778,2020-12-07T09:12:07.065Z,2020-12-07T09:12:07.065Z,6,B5 沒記錯應該是上個月13號,0,M
7f16d431-6b34-4295-a8b4-0d07e362806f,234748778,2020-12-07T09:13:02.559Z,2020-12-07T09:13:02.559Z,7,B6謝謝你喔～,0,F
1233e5f1-c6a6-4814-bc7f-c0d6436666d0,234745056,2020-11-05T15:59:47.050Z,2020-11-05T15:59:47.050Z,1,失禁喔靠北,1,F
37ae33cc-ae62-4098-a4c6-164471178659,234745056,2020-11-05T16:24:36.542Z,2020-11-05T16:24:36.542Z,2,"乾 到現在還有渣渣欸 
請問在浴室大便是洗頭的時候不小心連腦子裡的屎一起上出來了嗎？",1,F
fc92156c-c4f7-4cc1-948e-4dec89a647fb,234745056,2020-11-06T09:08:04.832Z,2020-11-06T09:08:04.832Z,3,我,0,M
e66d9cf7-4bce-4d7a-9017-52896a84c8d1,234745056,2020-11-06T09:08:35.369Z,2020-11-06T09:08:35.369Z,4,可能是讓大家看到他會感覺很舒服,0,M
82720231-9bb8-4b66-b418-e1091bcfa3fd,234741394,2020-11-05T19:39:52.604Z,2020-11-05T19:39:52.604Z,1,"有分組 要交報告 A4三頁word紙本
報告主題不限 只要內容是有關於生命關懷 就可以
先確認有沒有分組吧 組別都有分好了
下禮拜一 一定要出席也要簽名 
如果真的沒分到組...就自己搞定報告拿成績吧～",0,F
fc15859b-7796-46c8-b299-575ff96cd819,234741394,2020-11-06T17:24:48.171Z,2020-11-06T17:24:48.171Z,2,都大五延畢了還是不來上課？,1,M
8636f93c-ac7d-4161-a5f8-fe8e0cf59ed8,234729348,2020-11-03T07:26:47.456Z,2020-11-03T07:26:47.456Z,1,有需要學習護照可以來談談,0,M
1d611e6c-1305-43bc-a1d2-838f4b97ce17,234729348,2020-11-03T12:10:59.089Z,2020-11-03T12:10:59.089Z,2,寫囉💗,0,F
09f24d83-295d-48e4-b7e6-da5fab5784c1,234729348,2020-11-03T12:18:24.518Z,2020-11-03T12:18:24.518Z,3,B2 謝謝你～～,0,F
7634d9f1-b8a0-4deb-8927-088a01e43ff2,234729348,2020-11-03T18:03:21.983Z,2020-11-03T18:03:21.983Z,4,已填完～,0,F
59fd3a92-fd40-43d4-a6e9-b578efe1f3f8,234729348,2020-11-03T20:57:29.851Z,2020-11-03T20:57:29.851Z,5,B4謝謝你～～,0,F
f4d459d7-9799-4966-9dc8-3dc703c81860,234729348,2020-11-04T02:05:13.563Z,2020-11-04T02:05:21.974Z,6,,,
62f873a2-dd39-4eb1-b32b-49fd15086df3,234729348,2020-11-04T02:05:32.992Z,2020-11-04T02:05:32.992Z,7,已填完,0,F
1348e57b-0a9d-44be-a46a-b67bf957c7f2,234729348,2020-11-04T03:39:40.055Z,2020-11-04T03:39:40.055Z,8,B7 感謝！,0,F
d7ae0f17-d9d9-41ca-be52-3debafb6447b,234729348,2020-11-04T19:02:02.402Z,2020-11-04T19:02:02.402Z,9,已填寫！加油💪,0,F
81dd4876-dcf2-414e-b278-44eff86ec744,234729348,2020-11-05T03:50:12.132Z,2020-11-05T03:50:12.132Z,10,B9 謝謝你～～,0,F
f612c082-04ae-4701-9eda-6141bc2b73af,234726501,2020-11-02T15:40:45.367Z,2020-11-02T15:40:45.367Z,1,這個在哪裡啊♡♡感覺好棒也在B1嗎,1,F
8f6bd91a-8939-4cc2-b6b3-fca88423c850,234726501,2020-11-02T17:14:47.513Z,2020-11-02T17:14:47.513Z,2,請問飲料店幾點開門？,1,M
ccbb75d8-7583-4b2e-a041-a69ff9f24c97,234726501,2020-11-02T23:52:06.703Z,2020-11-02T23:52:06.703Z,3,B1 在行政大樓下面學餐 有間一碗日間,2,F
32af9a2a-5f28-477a-b1b6-e29ce7168040,234726501,2020-11-02T23:52:52.583Z,2020-11-02T23:52:52.583Z,4,B2 説學餐的飲料店嗎 我也不知道幾點開 不常喝😂,1,F
7ae81407-cf4d-41ac-a92f-58b6174e6d5c,234726501,2020-11-03T07:27:04.993Z,2020-11-03T07:27:04.993Z,5,需要學習護照可以來談談,1,M
9bd229d2-f80e-4018-a1ae-1ffbe57bd50d,234726501,2020-11-03T15:48:25.476Z,2020-11-03T15:48:25.476Z,6,"B5 在講早餐你給我文不對題 
結論 賣不掉 還想賺錢啊QQ",1,M
e8489846-47d3-4945-bf6d-e8e03cfa5072,234726501,2020-11-03T17:34:08.676Z,2020-11-03T17:34:08.676Z,7,"鮮奶茶
我明天一定買
給過我再來分享",1,M
93e3b650-7fb7-461f-8836-1ce3cda3bba3,234726501,2020-11-04T02:06:17.724Z,2020-11-04T02:06:17.724Z,8,B7 我喝過袖子茶（熱） 給過 好喝,1,F
09b735a5-3574-4c54-85f6-0a876e0da9fe,234726501,2020-11-04T02:06:52.731Z,2020-11-04T02:06:52.731Z,9,B5 笑死 哈哈 我也覺得,1,F
77a17b1b-b111-44d3-96a0-f2bd56c96beb,234726501,2020-11-04T13:23:15.903Z,2020-11-04T13:23:15.903Z,10,雞肉丼飯好吃~也營養,0,M
10b5e175-783f-4e35-bb1a-5930af33467f,234726501,2020-11-18T01:38:38.965Z,2020-11-18T01:38:38.965Z,11,"好像沒賣了QQ
去學餐好幾天都沒看到",0,F
9a2a93d8-8a49-47e3-bb37-c429b8bc30c3,234717335,2020-11-01T08:58:06.458Z,2020-11-01T08:58:06.458Z,1,吉起來,0,M
cc187211-d5a7-401e-aa0e-956ee686d227,234717335,2020-11-02T01:35:07.389Z,2020-11-02T01:35:07.389Z,2,告下去就對了啦 這種破麻跟渣男生的後代只會是社會毒瘤,0,M
2522a62d-02d9-45a5-aae1-924aa9297b5f,234712441,2020-10-31T11:30:44.834Z,2020-10-31T11:37:25.270Z,1,"感謝你不然我不用回宿舍了😂
可是假日處室有開嗎？",0,F
1d11e14f-3eb9-43a6-8bae-b11c3ff8c470,234712441,2020-10-31T15:36:10.264Z,2020-10-31T15:36:39.064Z,2,B1 週末也有開哦，到下午5點而已,0,M
e1091d9e-f3d2-4ecf-be4e-d9622402dc0b,234708331,2020-10-30T12:45:31.181Z,2020-10-30T12:45:31.181Z,1,送樓主的兩個airpods,1,M
20e3027f-9ec8-422b-8244-e0ee5e9948df,234708331,2020-10-30T12:46:31.615Z,2020-10-30T12:46:31.615Z,2,B1 👀,0,M
f2ccff8c-504f-44bd-9d8f-7558ebb97cae,234706014,2020-10-30T06:18:19.818Z,2020-10-30T06:18:19.818Z,1,"停地下室吧
有監視器
弄倒沒到歉
真的很幹",0,M
e6263a06-8cbc-4d55-9c24-a22d445f1156,234706014,2020-10-30T06:23:08.395Z,2020-10-30T06:23:08.395Z,2,"美國學校那的檢視器也是好的，剛調到
越看越不爽",0,F
5a444e96-65ab-4dc3-b3f4-f350b8f9d1ff,234706014,2020-10-30T06:24:01.103Z,2020-10-30T06:24:01.103Z,3,可惜沒辦法報警因為係私人土地,0,M
ca5d2ae5-e93e-4aed-a11a-f6363c33488d,234706014,2020-10-30T06:24:19.884Z,2020-10-30T06:24:19.884Z,4,可以公開監視器嗎,0,M
6a552c17-341c-457c-9ee0-e83d83d6567c,234706014,2020-10-30T06:28:21.460Z,2020-10-30T06:28:21.460Z,5,B4 這部分可能沒辦法，太私人了,0,F
5bd182b7-6285-4479-aa71-9c7cb9cf3a88,234706014,2020-10-30T06:28:57.643Z,2020-10-30T06:28:57.643Z,6,B3學校聯絡不到他在找警察😂,0,F
a4ebad10-51f2-4543-8fc8-ee6d3af80c88,234706014,2020-10-30T06:29:19.831Z,2020-10-30T06:29:19.831Z,7,那你車怎麼辦認賠咩B5 你的錢也不是大風刮來的吧,0,M
7b2f6d50-7bf7-4611-b4a6-b5c779f093fd,234706014,2020-10-30T06:29:54.037Z,2020-10-30T06:29:54.037Z,8,找警察也於事無補因為不係道路啊B6,0,M
ccecff46-3309-4935-8e98-6c38d02179a5,234706014,2020-10-30T06:32:14.169Z,2020-10-30T06:32:14.169Z,9,B7 不知道他是誰我一定公開啊，現在是有抓到是誰,0,F
e229c634-4863-4ed5-8855-9b465abffc7a,234706014,2020-11-01T08:19:34.645Z,2020-11-01T08:19:34.645Z,10,"https://i.imgur.com/iPbbCaD.jpg
https://i.imgur.com/k7ANBbM.jpg
https://i.imgur.com/sxqBYM9.jpg",0,M
883f7442-49be-4184-9e1b-62add18e5511,234706014,2020-11-01T08:20:22.125Z,2020-11-01T08:20:22.125Z,11,"那天看到有在五樓喊他
結果不理我們就騎走了
當下我就下去先幫你拍照了",0,M
41260a8f-3f0c-49c8-a0c8-49a34e800d2e,234706014,2020-11-01T08:21:18.632Z,2020-11-01T08:21:18.632Z,12,B10 以抓到人了，謝謝你,0,F
24159579-d5d0-4f2f-8169-9dd74b78a5df,234704519,2020-10-30T00:28:30.270Z,2020-10-30T00:28:30.270Z,1,https://i.imgur.com/GE27EJc.jpg,0,M
c860fbcf-28c5-40e4-a208-674a6d7bf7cb,234704519,2020-10-30T03:28:42.670Z,2020-10-30T03:28:42.670Z,2,感謝,0,M
54dc8a91-b31e-41b8-be8e-9033970abdf1,234704519,2020-10-30T04:56:44.125Z,2020-10-30T04:56:44.125Z,3,知道,0,F
9610580c-d88a-4e44-9263-a13dbc1ace0d,234700448,2020-10-29T08:24:42.114Z,2020-10-29T12:45:47.044Z,1,,,
5caa75cb-23c6-4dfb-9107-719ead41188e,234700448,2020-10-29T10:22:04.507Z,2020-10-29T10:22:04.507Z,2,恩 謝謝分享,1,M
56c16f52-2092-4a7c-ae8a-81477144e76f,234700448,2020-10-29T18:22:31.985Z,2020-10-29T18:22:31.985Z,3,我最近真的缺 非住宿生 但不排除提告求償,0,M
4fdafbff-a1b1-4979-a280-173db1097304,234700448,2020-10-31T03:18:01.556Z,2020-10-31T03:19:56.098Z,4,,,
52d6bb27-bf17-4cbd-bcea-65566cf3bdab,234700448,2020-10-31T03:19:21.316Z,2020-10-31T03:19:21.316Z,5,電梯可能也看長相吧 B4,0,M
e3e7072c-748a-4fc8-a952-ef73d32c3206,234692966,2020-10-28T15:15:47.064Z,2020-10-28T15:16:04.275Z,1,我也不知道，我前幾天跟一個女生搭同一個臺電梯，怎麼按就是不上去，超尷尬🤣,0,M
b2d49780-e708-4125-8f58-dd6072b6e16b,234692966,2020-10-28T19:00:13.089Z,2020-10-28T19:00:13.089Z,2,左邊電梯不要亂搭,0,M
77abbb0a-f31f-43fc-8b0b-e0d2d2c22370,234692966,2020-10-29T03:28:26.925Z,2020-10-29T03:28:26.925Z,3,真假B2,0,M
93899b0c-f0a9-45b5-bcd6-aafbd089d925,234692966,2020-10-29T05:32:04.579Z,2020-10-29T05:32:04.579Z,4,"我罵那台電梯 它還會更故意不讓搭
很有個性",0,F
a7419b81-1b8a-48e2-baba-88057ec69532,234692966,2020-10-30T04:57:35.953Z,2020-10-30T04:57:35.953Z,5,會嗎 我搭都立馬上去欸,0,F
31eb29dc-3734-4afa-9757-427338570f4c,234692966,2020-10-31T03:21:16.074Z,2020-10-31T03:21:16.074Z,6,"基本上！我只要從地下室搭電梯，三台都上不去
要走去一樓才可以搭wwww",0,M
5a364397-eab7-4dc3-8c5b-f8a7f524f12c,234692966,2020-11-04T03:22:18.102Z,2020-11-04T03:22:18.102Z,7,門壞了吧,0,M
fe954936-b3d3-429e-b065-66265dafafea,234692966,2020-12-08T15:48:08.693Z,2020-12-08T15:48:08.693Z,8,"之前跟朋友搭電梯要往樓上，
結果電梯跑到B1就算了，
門還一直開開關關的不上去可是外面也沒有人
最後我說了句別鬧了哦電梯才正常
真的是hen可怕餒~",1,F
64a14d3d-a5ad-4837-804b-04588e3e8701,234692966,2020-12-09T00:28:43.449Z,2020-12-09T00:28:43.449Z,9,跟我的情況一樣欸，但後面兩句我沒有說😂,1,M
866e994e-0d5a-4a8f-81a8-dbe252ef1a0d,234683872,2020-10-26T14:22:45.237Z,2020-10-26T14:22:45.237Z,1,系辦基本上都有喔,0,F
f9bbde20-e405-4c24-bcc4-3c1666ba158f,234683872,2020-10-26T14:24:37.618Z,2020-10-26T14:24:37.618Z,2,B1 那有地方可以冰嗎😰,0,F
55391aa2-a8ce-4aa7-aecc-9320cce903f3,234683872,2020-10-26T14:26:50.694Z,2020-10-26T14:26:50.694Z,3,B2 每間系辦基本上這些電器都蠻基本的 冰箱微波都是 或是妳有空問看看 我不知道你們的辦公室有沒有,0,F
7c6a5845-ea5e-4f8b-afd5-8a2ac433933d,234682713,2020-10-26T11:14:19.000Z,2020-10-26T11:14:19.000Z,1,這一種活動祂們也會也會喜歡去,2,M
7d117c68-b046-494b-adc2-2ccaaf10fbd4,234682713,2020-10-26T14:16:18.939Z,2020-10-26T14:16:18.939Z,2,這樣蠻熱鬧又真實,2,M
3d66fe2a-d59d-4fb5-8f34-b8d1d996d594,234682713,2020-10-26T14:19:01.599Z,2020-10-26T14:19:01.599Z,3,想去+1感覺很有趣🎃,1,F
6614985f-f7a4-4017-9429-7e0b5922cc33,234682713,2020-10-26T14:21:05.900Z,2020-10-26T14:21:05.900Z,4,"玩鬼屋的人也可以弄萬聖節裝扮嗎？
我也想玩不給糖就搗蛋🎃",1,F
09a2f232-887f-48a9-b0d1-3ef2bcd9f13f,234682713,2020-10-26T14:23:45.865Z,2020-10-26T14:23:51.412Z,5,,,
a11e3ede-1f1e-4557-86f2-ef7d35f70938,234682713,2020-10-26T14:25:04.987Z,2020-10-26T14:25:04.987Z,6,B4不要嚇到我們工作人員就好哈哈,1,M
bfcdcbdd-8efe-44f2-850b-6aaf7f75643c,234682713,2020-10-26T14:34:00.986Z,2020-10-26T14:34:00.986Z,7,B6嚇到有獎品嗎🤣,1,F
f534db45-acce-40d0-a575-4dccb166a536,234682713,2020-10-26T14:37:30.424Z,2020-10-26T14:37:30.424Z,8,B7來了就知道ㄌ,0,M
5249ec44-8769-47c3-bef3-5abca7bab9e4,234682713,2020-10-27T09:35:27.202Z,2020-10-27T09:35:27.202Z,9,這麼貴也有人要買喔 當大家潘仔 當年辦也才70,3,F
0056ee57-8ebf-40af-bb8d-e0331503865a,234682713,2020-10-27T09:36:42.856Z,2020-10-27T09:36:42.856Z,10,你的當年是20年前嗎B9,0,M
903cf375-bd9f-481b-93ca-70f1e0b01602,234682713,2020-10-27T09:38:16.883Z,2020-10-27T09:38:16.883Z,11,開南創校沒20年好嗎⋯⋯,0,F
273a9669-21a0-42f7-8af0-030fe20c0ad4,234682713,2020-10-27T12:07:24.799Z,2020-10-27T12:07:24.799Z,12,"2012 主辦協辦30元 其他50元
https://i.imgur.com/hUUZNMj.jpg
2014 預購80元 現場購票100元
https://i.imgur.com/MH8hsuG.jpg
2015 活動當天100元 
https://i.imgur.com/ApEAziN.jpg
2017 主辦協辦100元 其他150元 現場200元
https://i.imgur.com/T72aDaf.jpg
2018 主辦協辦100元 其他150元
https://i.imgur.com/zhJfdkU.jpg
2019 主辦協辦150元 其他200元
https://i.imgur.com/Pg6m0y1.jpg
2020 主辦協辦200元 其他250元 現場300元
物價瘋狂上漲...。",2,M
5d45e0b4-1b6e-4ac7-a355-26d2dc91eeac,234682713,2020-10-27T15:03:31.762Z,2020-10-27T15:03:44.656Z,13,,,
0cdf7a24-4c55-44b6-a950-c9f3d5928ce2,234682713,2020-10-27T15:04:02.504Z,2020-10-27T15:04:02.504Z,14,B11 B12 學費你都繳了，幾百塊喊什麼？😂,1,F
b2287ad0-1824-4d3f-9dc3-0b21f6c149c9,234682713,2020-10-27T16:42:09.978Z,2020-10-27T16:42:09.978Z,15,"B14 妳這樣說就不太好了。
重點應該不是幾百元的問題。
是為什麼這場活動門票要200～300元。
價值在哪呢？ 
每年鬼屋活動大同小異，差別不大。
為何是這個價呢？
學校補助變少，只能提高票價？
今年學生會大力挺活動，沒有補助嗎？
。。。。。。。。。。。
每間佈置費用1W(含化妝）*8個場景=8W元。
整體佈置：1W。
A1海報300張=6000元。
燈光音響3W。
發電機1W-1.5W。
其他宣傳雜七雜八：1W。
這場活動約15W；已經高估所有佈置費了。
基本沒法每間花個1W。
學校跟學生會補助多少不知道...。
假設6點開始、每5分鐘一組10人、10:00放最後一組。 
參與人數最多共：490人。
490人*250=122500元。12W多。
（沒有補助，有機會虧錢喔。）
若每3分鐘放一組、10:00放最後一組。
參與人數最多共：810人
810*250=202500元。20W。
。。。。。。。。。。。。。
加油！ 日間部（大學+碩士）約4500人。
要用力的說服很多人參加。
。。。。。。。。。。。。
200-300元。30分鐘。
已經是「專業密室逃脫遊戲的價位」。
。。。。。。。。。。。。
會參加多數都是抱著「捧場」的感覺而來，
不管辦的好，還是不好，支持一下。
但...看在 B14 的回應... 錢好像會花的不值。",4,M
ade818ca-9aac-48ea-86b3-68e24bdc8e7a,234682713,2020-10-27T17:28:34.923Z,2020-10-27T17:28:34.923Z,16,B9沒人逼你參加🥰,1,F
408768cc-2a33-48bb-91da-bbff91c54246,234682713,2020-10-28T01:16:16.579Z,2020-10-28T01:16:16.579Z,17,"B15大不了不去而已！
少一份回憶又不是少一塊肉！！",2,F
6b121ce3-303a-4694-97cf-4dcbea44bd29,234682713,2020-11-08T16:39:40.647Z,2020-11-08T16:39:40.647Z,18,鬼屋！  https://www.dcard.tw/f/knu/p/234763205?cid=98391E7A-58EE-4107-9138-C8DC25910647,0,M
0e09d362-237a-4d50-9bc5-7504c8a86ce9,234672864,2020-10-24T17:23:09.693Z,2020-10-24T17:23:09.693Z,1,"你的是汽車證嗎？
如果是汽車，拿酒精塗掉重寫就好囉！",0,F
d054fc2f-1654-49d2-9260-60681f7a139e,234672864,2020-10-24T17:23:39.084Z,2020-10-24T17:23:39.084Z,2,"B1 
機車車證",0,M
96776ecf-9e32-497b-97e4-4b6f67217770,234672864,2020-10-24T17:27:08.219Z,2020-10-24T17:27:08.219Z,3,"B1 
撕掉再貼可以嗎哈哈 所以是不能改號碼嗎",0,M
91f8f967-a773-4328-aecb-9d899766ef85,234672864,2020-10-24T17:33:11.317Z,2020-10-24T17:33:11.317Z,4,"B2 
你看看還撕不撕得起來
撕起來大部分還會有黏性，看要不要另外再用膠帶貼著
但要小心撕，不然超容易破的QQ
還有！補辦停車證還要另外收取手續費100元哦！（我昨天才問過而已⋯",0,F
51a1df85-95b3-41c7-8213-71ccc2b525d5,234672864,2020-10-24T17:34:13.485Z,2020-10-24T17:34:13.485Z,5,"B4 
是在收100 還是在收600",0,M
9246f79f-6d1a-43d9-adf8-d8b2f768eb15,234672864,2020-10-24T17:34:35.209Z,2020-10-24T17:34:35.209Z,6,收100,0,F
7580a724-1d94-402a-9ec3-5f020d989a08,234672864,2020-12-12T04:44:00.831Z,2020-12-12T04:44:00.831Z,7,"B6
請問補辦是直接去之前領車證那處理嗎",0,M
2d9aa526-cf2a-46ae-9fb6-812cbefd55a7,234659986,2020-10-22T17:43:01.136Z,2020-10-22T17:43:01.136Z,1,幹你娘笑死,1,M
ae326f63-f8d3-4350-bf53-f41cac4e2936,234659986,2020-10-22T17:56:04.559Z,2020-10-22T17:56:04.559Z,2,笑死三小,1,M
132d72cf-f984-4168-9739-4a8e7e95cf9c,234659986,2020-10-23T03:35:28.837Z,2020-10-23T03:35:28.837Z,3,笑到不行,0,M
1aa8d3fd-a443-4cf4-9856-d3a8dafb3d6d,234659986,2020-10-23T10:38:36.081Z,2020-10-23T10:38:36.081Z,4,"B1 
B2 
B3 所以是你們的嗎？ 在警衛室喔",1,F
76f391c7-6d4b-4eff-9f4a-549f99b4a597,234651159,2020-10-21T11:45:48.870Z,2020-10-21T11:45:48.870Z,1,"我是去合庫列印繳費單然後交完錢拿收據去填資料
然後是繳500元，因為我也超過時間，但我是週一去的你可能要問問( ･᷄ὢ･᷅ )",0,M
a7b2fd86-0ee6-440e-9b32-ef77e0be163a,234651159,2020-10-22T01:30:13.307Z,2020-10-22T01:30:13.307Z,2,還可以辦上面說的非常正確,0,M
5dcd4379-51d3-4fe9-80f9-3b2556121a25,234651159,2020-10-22T18:17:39.533Z,2020-10-22T18:17:39.533Z,3,直接去推廣教育中心，請她們幫妳辦！,1,M
48e29fc3-e4cd-42ad-a17e-a03139e27017,234651159,2020-10-23T00:39:52.498Z,2020-10-23T00:39:52.498Z,4,"不管有沒有超時
只要是💰開南都會想辦法收的～",3,F
d9537ca8-350d-49cf-b352-5c202087baf5,234651159,2020-11-10T05:50:29.189Z,2020-11-10T05:50:29.189Z,5,"好的 感謝各位！！！！
祝期中順利٩(˃̶͈̀௰˂̶͈́)و",0,F
8fb0b0ef-21ef-4d90-93bc-855fbf171ce9,234646300,2020-10-20T11:18:03.814Z,2020-10-20T11:18:03.814Z,1,豪><,0,M
4f046581-4275-483e-8740-fedae4c3ccd5,234646300,2020-10-22T18:23:39.912Z,2020-10-22T18:23:57.366Z,2,,,
d7dd5795-5d63-4e25-b242-62f611bd67ef,234646300,2020-10-22T18:24:46.470Z,2020-10-22T18:24:46.470Z,3,"參加社團可以比較快認識到
自己想認識的類型喔！！！",0,F
ce07109f-1328-4656-b191-dc9700209658,234646300,2020-10-23T08:51:47.673Z,2020-10-23T08:51:47.673Z,4,B3 有推薦的嗎,0,M
85fbcb8e-2eff-4aa6-8f58-eda2c585002f,234646300,2020-10-25T12:47:44.308Z,2020-10-25T12:47:44.308Z,5,B4想認識美女的話，推薦親善大使，不過入社比較麻煩，要參加上學期的徵選，其他時間能不能入社就不知道了😂,0,F
265123e9-cc2a-4dce-ba83-a8a1bb2f122a,234646300,2020-10-25T12:49:27.350Z,2020-10-25T12:49:27.350Z,6,B5 現在跟你認識可以嗎,1,M
d031dac1-9c92-47a0-a687-c0e69fcd8c4d,234646300,2020-10-25T15:55:44.979Z,2020-10-26T03:41:58.118Z,7,,,
764ca500-d0ba-4eec-9313-70ecd94baad0,234646300,2020-10-25T22:59:00.490Z,2020-10-25T22:59:00.490Z,8,B7 要怎麼認識啊哈哈哈,1,M
b1879a87-ba11-435a-8016-b4a00d90cb20,234646300,2020-10-26T01:54:45.157Z,2020-10-26T03:42:03.260Z,9,,,
0e0ed6b6-c66e-4d8c-8875-a158d8726fae,234646300,2020-10-26T02:13:14.268Z,2020-10-26T02:13:36.220Z,10,,,
55338604-5838-41a1-877a-4a00231ddcf5,234646300,2020-10-26T02:13:27.545Z,2020-10-26T02:13:32.747Z,11,,,
10b3cb82-67a6-47c7-ae7b-c66cff092614,234646300,2020-10-26T02:13:42.958Z,2020-10-26T02:13:42.958Z,12,B9 可以啊,0,M
b6399bc7-fd31-4fdc-ab01-9fe03ea3732b,234646300,2020-10-26T02:13:55.049Z,2020-10-26T02:13:55.049Z,13,B9 我在線上,1,M
453d57ec-86e7-45c5-a42b-3eb7e52df68f,234646300,2020-10-26T02:14:06.532Z,2020-10-26T02:14:16.279Z,14,,,
da3f4f0a-7daa-4234-b24a-d913905c092b,234646300,2020-10-26T02:14:53.096Z,2020-10-26T02:15:31.968Z,15,,,
44d60f7f-0e5b-4bac-8853-3be6543132ea,234646300,2020-10-26T02:15:13.334Z,2020-10-26T02:15:29.374Z,16,,,
48b23f99-db86-4a10-a1e2-a644f09d0c71,234646300,2020-10-26T02:47:36.493Z,2020-10-26T02:47:36.493Z,17,B9 你在嗎,0,M
c06869c2-4b61-4b79-92c0-41471acdba92,234646300,2020-10-26T02:50:22.585Z,2020-10-26T02:50:22.585Z,18,B17叫我？,0,F
09e66df4-be23-4bc2-9e3d-7eb10cd11a9f,234646300,2020-10-26T02:51:01.732Z,2020-10-26T02:51:19.082Z,19,B18 你是那個女的嗎,0,M
c091c1d4-b9f0-446a-ad93-c79d3f8f9494,234646300,2020-10-26T02:53:28.220Z,2020-10-26T02:53:28.220Z,20,B19還會有誰？回這麼快😂,0,F
25c0981c-32fd-46f8-9406-ec39c01708e2,234646300,2020-10-26T02:53:44.661Z,2020-10-26T02:53:44.661Z,21,也是啦,0,M
69076467-62d8-412f-a074-b674eea579ca,234646300,2020-10-26T02:53:57.180Z,2020-10-28T08:35:53.111Z,22,,,
0681b909-2458-4b2e-be01-c3d2f1c5c93e,234646300,2020-10-26T02:54:10.897Z,2020-10-26T03:03:42.094Z,23,,,
fe7a25cb-a8d3-429e-85f9-4fbee6380ec4,234646300,2020-10-26T02:55:29.613Z,2020-10-26T02:55:29.613Z,24,B20 好了嗎,0,M
983f4bcd-d3df-4679-ba1c-35ef050ffa03,234646300,2020-10-26T03:00:01.317Z,2020-10-26T03:00:01.317Z,25,B20 加了嗎,0,M
f5e1d2bb-a5cd-4beb-ba82-9f15a8cdde5a,234646300,2020-10-26T03:07:46.445Z,2020-10-26T03:36:10.006Z,26,,,
a74923c1-1baa-4b07-8a9c-33cb3a45d129,234646300,2020-10-26T03:30:33.529Z,2020-10-26T03:30:33.529Z,27,B26哈哈剛才沒看到,0,F
76c4bea6-4ed2-43fc-93a1-2b2993099d36,234646300,2020-10-26T03:30:56.321Z,2020-10-26T03:35:21.812Z,28,,,
1e18a6d0-6487-4b4d-b884-40da85bff3ed,234646300,2020-10-26T03:31:15.016Z,2020-10-26T03:31:15.016Z,29,B27 加了跟我說,0,M
0f5b57e1-bafc-423b-b747-5530d8592f11,234646300,2020-10-26T03:32:46.105Z,2020-10-26T03:32:46.105Z,30,B27 好了嗎,0,M
4c40b5ec-94f6-4706-9ce2-15f653358ffe,234646300,2020-10-26T03:35:36.391Z,2020-10-26T03:35:36.391Z,31,B27 中午在來加好了啦,0,M
dd48646c-8566-4e9f-b0ed-cd57c9162065,234646300,2020-10-26T03:35:45.244Z,2020-10-26T03:35:45.244Z,32,B30 我截圖了，你可以先刪掉了,0,F
210b7cb3-d1fc-4df8-99a6-1f9483944daf,234646300,2020-10-26T03:36:03.443Z,2020-10-26T03:36:03.443Z,33,B32 好了,0,M
28f51062-5ec8-4882-ab57-3c337a6a3072,234646300,2020-10-26T05:56:59.276Z,2020-10-26T05:56:59.276Z,34,我也要,0,M
6e3c273a-8ec4-42e9-8f37-0dfd928f875c,234646300,2020-10-26T10:49:30.640Z,2020-10-26T10:49:30.640Z,35,B34 要什麼,0,M
cbf394a4-155f-411f-9102-6169b0ceb2e2,234646300,2020-10-30T00:06:25.539Z,2020-10-30T00:06:25.539Z,36,B32 我也想認識QQ,0,M
57a2e6da-0205-48d0-b139-03a08b941201,234646300,2020-10-30T08:53:10.772Z,2020-10-30T08:53:10.772Z,37,B36逾時不候喔！😂,0,F
90dd771c-c0ba-40cb-a87d-730fd07faa69,234646300,2020-10-30T08:54:41.525Z,2020-10-30T08:54:41.525Z,38,B37怎麼可以偏心啦！,0,M
8264d97e-ffec-4ed9-b791-11d7c27dc129,234646300,2020-10-30T09:38:01.858Z,2020-10-30T09:38:01.858Z,39,B38 想要我的line嗎嘿嘿,1,M
cc67ed5f-6543-422d-9f76-246dd0766170,234646300,2020-11-01T19:20:13.068Z,2020-11-01T19:20:13.068Z,40,B37 幹我也要我有30公分,0,M
5466027f-f152-4939-98f4-62bd6209e90f,234646300,2020-11-02T09:44:07.283Z,2020-11-02T09:44:07.283Z,41,B40 呃呃我根本不想知道你多少公分,0,M
462be956-ee08-4c76-959c-c0fd22b72b5b,234646300,2020-11-15T03:26:00.824Z,2020-11-15T03:26:00.824Z,42,嘿 大竹李炳輝可以認識嗎？,0,M
428f12cb-98fb-4230-ae7f-ad094db81149,234646300,2020-11-16T16:04:15.230Z,2020-11-16T16:04:15.230Z,43,B41 呃我也不是告訴你啊87,0,M
05e63d5e-ba05-46ac-ba58-7264d77f2b81,234646286,2020-10-20T13:28:19.930Z,2020-10-20T13:28:19.930Z,1,"窩肆帶槍女孩-///-
希望你喜翻 ❤️❤️❤️",0,M
80e9f80e-5223-4086-aef9-665a5326ea35,234644122,2020-10-21T04:13:17.661Z,2020-10-21T04:13:17.661Z,1,可以自備容器，我覺得沒有很貴，但是雞肉類那些要多付錢，建議直接去自助餐那邊有價目表可以看。,2,M
7cfe6545-fab2-4085-8bee-4267a379aa99,234644122,2020-10-25T04:10:58.554Z,2020-10-25T04:10:58.554Z,2,"自備容器記得先去結帳臺秤重
菜色我覺得少很多 大概是成本考量吧 價格也…",2,M
566a04a2-0b4a-4e1a-929e-d25b5e7b077e,234642634,2020-10-20T06:00:29.086Z,2020-10-20T06:00:29.086Z,1,沒有，他們那麼沒用,1,M
3d554ca5-6ce2-4248-a852-63bffbae7162,234642634,2020-10-20T06:00:43.138Z,2020-10-20T06:00:43.138Z,2,裡面就一堆89啊笑死,1,M
6f2d8847-e1b0-4bc7-86b8-79b52cdd466b,234642634,2020-10-20T14:19:35.650Z,2020-10-20T14:19:35.650Z,3,沒有 他們會叫你刪文,1,M
1c4bbe27-bed1-4393-8ed8-0476896590d3,234642634,2020-10-22T10:13:12.962Z,2020-10-22T10:13:12.962Z,4,🐒,1,F
938ad99c-36b0-4e04-b962-ad434377b880,234642634,2020-10-22T19:30:00.857Z,2020-10-22T19:30:00.857Z,5,"這是我同學，新聞說他跟同學互動良好？
我大學四年還跟他一組過，四年沒聽他說過超過10句話，你跟我說他跟其他同學互動良好？
根本亂報",2,M
e81f30c9-cc73-40c2-821e-06c9a9b181ec,234642634,2020-10-24T04:37:39.826Z,2020-10-24T04:37:39.826Z,6,"到現在學生會都沒有人出來解釋嗎
不意外啦",0,M
22b19cb7-4629-4a3a-a6f6-780a0b357c29,234641443,2020-10-20T01:39:48.780Z,2020-10-20T01:39:48.780Z,1,"------已尋獲------
感謝ok店員幫我收起來了",2,M
d82dc717-b4bf-42d0-bd6f-136f9a161d63,234629240,2020-10-17T17:10:30.002Z,2020-10-17T17:10:30.002Z,1,"觀光系的系學會知道。
那個牌子的是土地公的管理員電話。
不是租借公園場地的。
那塊地的地主跟土地公管委會有過節就對了。
租借請注意不要付兩次款=..=",1,M
20702557-ebed-4492-9dce-3a13aeae82b5,234629240,2020-10-30T04:45:46.585Z,2020-10-30T04:45:46.585Z,2,我也同要電話QQ 觀光系學會說不知道😭,0,F
b28b6c35-cbce-453e-b330-70218ffe3384,234620731,2020-10-16T05:09:10.803Z,2020-10-16T05:09:10.803Z,1,應日的不可能隨便講過去，就只有那幾個老師會帶班上課，不清楚的找老師絕對會回答你。,1,M
10d03081-1509-4ee5-b7db-99c440f0a857,234620731,2020-10-16T06:49:18.145Z,2020-10-16T06:49:18.145Z,2,B1 上課是？,1,F
a0259d8b-2907-46b9-aed4-26a1d056a6cb,234620731,2020-10-16T06:55:28.277Z,2020-10-16T06:55:28.277Z,3,應日系只有那幾個老師會帶班級上課 我大四了幾乎所有老師都有上過 公益服務第一週或是班會的時候講好 不懂就到老師的辦公室找,1,M
1898827e-b56d-4493-960f-292b3783fa31,234620731,2020-10-16T08:08:35.016Z,2020-10-16T08:08:35.016Z,4,"班導好像也不知道唉上次上課問過
B3",1,F
0286fe09-7d3b-40a6-9307-11c6a49590b9,234620731,2020-10-16T11:33:09.208Z,2020-10-16T11:33:09.208Z,5,我當初是去圖書館做的～,1,F
fc6ce367-6209-4d71-b300-3bf9f275fdfe,234620731,2020-10-16T11:38:49.721Z,2020-10-16T11:38:49.721Z,6,B4 反正就是有義工之類的那種都可以做,1,M
11f65a4f-6ca6-4dec-afaa-d84e90b2b387,234620731,2020-10-16T13:59:42.324Z,2020-10-16T13:59:42.324Z,7,自分で考えてください。,1,M
cfaeec50-bdbf-4841-a3fa-d4544f05a6b9,234620731,2020-10-17T17:14:42.468Z,2020-10-17T17:14:42.468Z,8,公益服務，只要「單位」開出公益服務時數證明、有服務照片，跑去南極做公益服務也可以。,2,M
a73586d5-36b7-4888-a13d-4dabd184b725,234620731,2020-10-18T06:53:16.176Z,2020-10-18T06:53:16.176Z,9,"B8 真的嗎～太好了😂
本來要跟室友去結果她居然先做完了😭
就想說六日回家裡附近可以做公益",1,F
afd61acc-d451-4067-93a5-f6e6152d8a76,234620731,2020-10-18T07:10:32.040Z,2020-10-18T07:10:32.040Z,10,"https://sa.knu.edu.tw/p/16-1005-22098.php?Lang=zh-tw
不過，有前置行政程序要跑。
請參考連結。",1,M
0742b933-3bea-4f27-9e01-7fc17f3f6356,234612981,2020-10-14T23:56:19.302Z,2020-10-14T23:56:19.302Z,1,"看熱鬧不嫌事大吧
板上一堆這樣心態的人",0,M
b4979f4f-f187-4fab-ac73-3e869fd84181,234612981,2020-10-15T07:06:15.966Z,2020-10-15T23:04:48.702Z,2,,,
bd9f3b17-eb78-4c30-a9f9-637dbe5e6174,234612981,2020-10-16T03:57:13.076Z,2020-10-16T03:57:13.076Z,3,真的是某花抖,0,M
2a9ac8b8-de5f-4889-8319-246f31a610cc,234612755,2020-10-16T05:10:33.845Z,2020-10-16T05:10:33.845Z,1,我也不知道開南的學生會有什麼用，除非去投票不然其他根本跟學生會沒關係。,2,M
b321b54e-d92f-44fb-ab25-20b94f72adad,234612755,2020-10-21T09:00:40.751Z,2020-10-21T09:00:40.751Z,2,從你的描述中我發現你聽得懂猴子說的話⋯⋯,1,M
e63c06fe-ad88-497c-805e-a49f076580d7,234609734,2020-10-14T10:12:42.101Z,2020-10-14T10:12:42.101Z,1,刪文+1 還給家屬一個空間,3,F
adabde52-9f8e-4006-a607-cd2229dcaa67,234609734,2020-10-14T10:13:39.340Z,2020-10-14T10:13:39.340Z,2,"希望不要再看到這種文章出現
避免引起不必要的恐慌^ ^",0,F
b2b78d27-8211-43c3-b4dc-4a8960290c28,234609734,2020-10-14T10:15:41.943Z,2020-10-14T10:15:41.943Z,3,"麻煩請暫時刪掉文章
切勿引起校內不必要的恐慌
也請看到的同學不要再傳了：）",0,F
c1f4921f-b18f-4c62-b954-6ea5be42179e,234609734,2020-10-14T14:35:08.475Z,2020-10-14T14:35:08.475Z,4,笑死 快樂,0,M
55b97a9f-c84d-4723-9744-8503926dd04f,234608125,2020-10-14T05:31:04.350Z,2020-10-14T05:31:21.607Z,1,"幫補充
https://www.google.com.tw/amp/s/www.ettoday.net/amp/amp_news.php%3fnews_id=1831198
這也順便叫他刪文吧
學生會
有點作為
不要你畢業政績就 叫學生刪文
還可以多一個 叫記者刪文",5,M
70d6a57d-c0ea-44b1-a96b-443e83d19231,234608125,2020-10-14T05:32:30.184Z,2020-10-14T05:32:30.184Z,2,"B1 

HR ：「可以說說你在學生會學了些什麼嗎？」

真的不要只剩叫人刪文這一項了
實在會很可悲。",4,F
d91c1838-6d63-4858-86dd-e9e9eab96ec8,234608125,2020-10-14T10:51:05.079Z,2020-10-14T10:51:05.079Z,3,"一群願意為學校付出的人 怎麼了！？ 封鎖消息也要我們知道詳情 如果連詳情都不知道就回覆 是不是如果講錯又會被講話呢
學生會當下接收到的訊息並不全面 不講要我們彌補 講錯了是不是又要我們出來道歉 在背後講話很簡單 但如果你是當局者 有辦法那麼理性的處理這些事情嗎！？
也謝謝你給我們的這些建議 我們會在討論如果遇到這些事情的因應措施 感恩",1,M
38915a08-063c-4d15-83ae-5eb769eaed95,234608125,2020-10-14T10:58:52.772Z,2020-10-14T10:58:52.772Z,4,"B3 處理能力不足是否該卸下代表學生的資格啊
沒那個屁股就別吃那個瀉藥
不適任就不適任
這麼喜歡當猴子幹嘛不去動物園。",1,F
5e52c2dc-0ebd-44a8-b527-8a07db0e9ec3,234608125,2020-10-14T11:13:18.540Z,2020-10-14T11:13:18.540Z,5,"樓上看妳那麼厲害 學生會需要你這種熱血的力量
還是你的實力只有在手機後面",3,M
1d410388-c1ec-44e0-afb9-0773b6499031,234608125,2020-10-14T11:14:55.738Z,2020-10-14T11:14:55.738Z,6,"B5 我也覺得自己的能力很棒啊不用你陳述我都覺得佩服自己呢
但是不想浪費大把生命在學生會那群猴子上面啊
也不看看他們什麼素質...爛泥扶不上牆還髒手～
過好自己的就夠了，我也只是給建議而已囉🥺",3,F
189f0757-eac8-466c-91c7-83a914f68d9b,234608125,2020-10-14T13:01:48.672Z,2020-10-14T13:01:48.672Z,7,"我不懂出面解釋跟叫人刪文有啥關聯 邏輯死結嗎
我們抨擊的是刪文 跟你們解不解釋什麼關係",5,M
c4d4cad8-f4b5-4135-9a91-4ca546d898e4,234608125,2020-10-15T06:19:21.228Z,2020-10-15T06:19:35.847Z,8,學生會可以處理一下B棟停車場的停車亂象嗎？？你們應該也有騎車來的人吧，不覺得那些人該被鎖車一下嗎('・ω・'),8,F
48b3f588-e798-45e1-8f57-3d5fabb5d380,234608125,2020-10-15T06:20:12.844Z,2020-10-15T06:20:12.844Z,9,B8 你的表情符號好可愛我要給你一個愛心,0,F
7da03844-6829-4670-8140-a569fa7b94dd,234608125,2020-10-16T05:11:55.371Z,2020-10-16T05:11:55.371Z,10,開南學生會作用=0 有什麼問題找系辦都比學生會有用,1,M
3a4d80b2-e0d6-476a-8334-c49aa2d1376b,234608125,2020-10-18T05:36:57.578Z,2020-10-19T05:04:24.325Z,11,,,
82628b97-5cbc-4159-b270-46cde4c0e30d,234608125,2020-10-18T05:40:19.522Z,2020-10-18T05:40:19.522Z,12,B11  然後？,0,M
81de9d31-f94e-48e9-afe3-988efc6a2203,234608125,2020-10-22T17:52:31.504Z,2020-10-22T17:52:31.504Z,13,是乾學生會屁事,0,F
732f6558-26fe-41dc-a3e9-9cd7e4d8cd2a,234608125,2020-11-05T04:39:23.365Z,2020-11-05T04:39:23.365Z,14,好好笑 觀光系有養老鼠喔,0,M
733b1e40-7bed-4a79-a415-05e42b98ce60,234606751,2020-10-14T01:10:53.139Z,2020-10-14T01:10:53.139Z,1,沒頭沒尾的 不知道你的問題是什麼,0,F
78dcce24-430e-40c5-b0f2-6352f1f6842a,234606751,2020-10-14T01:23:32.271Z,2020-10-14T01:23:32.271Z,2,"大一就大一在那邊小大一
是詢問不是尋問
還有你考試怎麼考應該要問你的任課老師
這邊會有人知道考試老師要考啥怎麼考嗎",2,F
2467c79c-59fd-449a-af91-b37a367194b8,234606751,2020-10-14T02:41:54.112Z,2020-10-14T02:41:54.112Z,3,"是在供三小
你他媽連哪堂課什麼老師之類的訊息都不講
當我們全部人都能知道你在問啥嗎
我們看起來像是阿拉丁神燈能讓你許願哦
都大學了能不能用點腦",0,F
f2a24e70-8255-4026-ad25-3198cc8abcb8,234606751,2020-10-14T03:14:37.208Z,2020-10-14T03:14:37.208Z,4,"老大四跟你說放寒假前一週會期末考
不要忘了出席了
很好過老師們都很善良
大概有2/3的人會過
常常沒到課就過了",0,M
68d9720f-08c9-4150-a70c-539e5ef61125,234606751,2020-10-14T03:17:54.888Z,2020-10-14T03:17:54.888Z,5,沒空,0,M
298415f0-c0a9-40f1-9944-3b556fdf06b9,234606751,2020-10-14T03:49:40.224Z,2020-10-14T03:49:40.224Z,6,你在開南還問好不好過？,2,F
644efde4-e03c-42ed-a0c3-04a2296cc41b,234606751,2020-10-14T03:50:25.353Z,2020-10-14T03:50:25.353Z,7,B6 看到這個留言我直接笑炸,0,F
5b856a60-61e1-46af-9876-9767ae9d37fe,234606751,2020-10-14T08:34:46.546Z,2020-10-16T00:39:52.204Z,8,,,
a7c04241-33f3-4729-867f-dfba0aafc9e0,234606751,2020-10-16T08:23:09.539Z,2020-10-16T08:23:09.539Z,9,不想讀就休學轉走啦,0,F
4484dc40-e6a5-4c09-970f-ee79d22ed2a3,234606751,2020-10-17T17:19:30.685Z,2020-10-17T17:19:30.685Z,10,"https://i.imgur.com/KiA3jcn.jpg
表訂11/9-11/15期中考。
但還是會依照「該科目」授課老師為準。
也請多多利用「搜索」工具。
不管是行事曆、校規...等各種事項，
都能爬到文。",0,M
666a98e0-07c3-4efc-a112-201fbd1a936d,234606751,2020-10-22T11:41:33.848Z,2020-10-22T11:41:33.848Z,11,笑死。 怎麼一堆流氓,0,M
d2c6448e-ba9a-4e7d-b03f-ff7e75193df1,234605918,2020-10-13T16:59:53.312Z,2020-10-13T16:59:53.312Z,1,"啊所以學生會有什麼資格叫別人刪文
你了解完公佈就好啦
叫別人不準問是怎樣 ？？",11,M
3f9091f7-2f7b-44e6-a287-bebc5aa8ed6f,234605918,2020-10-13T17:00:39.450Z,2020-10-13T17:00:39.450Z,2,學生會也只是學生有什麼好問的直接問學校比較快,0,M
0e4188e6-c0c7-48b0-bdd5-293eaff84046,234605918,2020-10-13T17:02:59.517Z,2020-10-13T17:02:59.517Z,3,B1 他們後面也做說明，請各位先讓他們了解情況，不是嗎？很多人都急著給出交代，但他們就還未了解，大家都急著要交代,2,F
c5f1a411-61f8-4b6d-84fd-8eca1e4c8295,234605918,2020-10-13T22:51:12.655Z,2020-10-13T22:51:12.655Z,4,所以就有資格叫別人刪文？ 現在活在台灣還是中國,1,M
ef96880d-5840-4dc9-9a28-46218146b526,234605918,2020-10-14T00:07:27.680Z,2020-10-14T00:07:27.680Z,5,"我只想知道事發地點在哪就好 
這樣我才能少經過那邊 怕爆",0,F
1ed93117-3137-4d30-93ca-9b47ebba9e80,234605918,2020-10-14T02:01:19.984Z,2020-10-14T02:01:19.984Z,6,B5 這間學校死過人的地方很多,0,M
22ed3545-22f8-467c-bc70-897c3f0e0412,234605918,2020-10-14T03:04:51.230Z,2020-10-14T03:04:51.230Z,7,"世界很多地方都死過人啊
知道太多是增加自己腦補而已～

可能學生會說要刪文章是強制了點
但他們可能也不想要引起恐慌吧
看看現在版上輿論多可怕",5,F
ab30f067-d2cb-4f34-9007-3e7d7b960a94,234605918,2020-10-14T03:24:08.521Z,2020-10-14T03:24:08.521Z,8,"B4 如果活在中國
文章會直接不見喔",1,M
2d9b25a0-539e-4e42-a7fd-299aaaa3d110,234605918,2020-10-14T03:24:29.378Z,2020-10-14T03:24:29.378Z,9,B7  真的！！！急得要學生會給交代，都沒想過他們也正在了解情況，如果給出錯誤訊息，到時候吃瓜群眾又會靠北！,0,F
85b855c2-5b12-4ec4-b11a-6b6e9c350024,234605918,2020-10-14T07:00:34.832Z,2020-10-14T07:00:34.832Z,10,"有時間敲鍵盤計較這個那個
重點是發生什麼了 真相不是嗎？",0,M
c926b054-5d8d-4614-9f40-54338571eff2,234605918,2020-10-14T09:24:08.224Z,2020-10-14T09:24:08.224Z,11,我只在乎學生會有什麼權利叫別人刪文==,0,M
33b3a3fd-6682-4032-9497-e8771bdcca4e,234605918,2020-10-14T10:36:46.695Z,2020-10-14T10:36:58.773Z,12,"學生會讚讚有做事就是不一樣
叫別人刪文第一名讚讚",0,M
f384e962-1ed0-4593-ba8b-9f6a85125a55,234605918,2020-10-14T11:18:01.917Z,2020-10-14T11:18:01.917Z,13,B8 是你沒發現而已 靠北開南的文就消失了 別活在井底還說世界大好嗎,2,M
289e43a0-7e81-49c3-868e-70ffe40e3242,234605918,2020-10-15T06:25:21.815Z,2020-10-15T06:25:21.815Z,14,B13 我投稿了兩篇都不見欸幹,0,F
31dbef4b-11c8-43a9-9382-bddf7c0b5487,234605252,2020-10-13T15:58:14.342Z,2020-10-13T15:58:14.342Z,1,"推推ㄋ
我想知道後續啊怎麼不出來解釋
想把學生會搞的跟董事會一樣
啊處理方式怎麼不高級點啦。",6,F
ca683cae-107e-4f55-8f69-901367ee46cd,234605252,2020-10-13T16:01:10.983Z,2020-10-13T16:01:10.983Z,2,這種處理方法跟康軒有什麼兩樣,6,M
320662b2-d6e5-4180-9b96-e934b4f173a0,234605252,2020-10-13T16:25:07.606Z,2020-10-13T16:25:07.606Z,3,"試問不確定的事情是要解釋個雞掰
傻子吧
吃瓜群眾閉嘴
只關心沒意義的屁事
垃圾留言",0,M
f72d673a-c835-4787-8845-02862fd0771d,234605252,2020-10-13T16:29:04.569Z,2020-10-13T16:29:33.820Z,4,同學 那你也可以請董事會出來處理啊 當鍵盤俠我也會B1,0,M
28a660cb-ca20-4ebb-99bf-57c6389d0b53,234605252,2020-10-13T16:29:49.192Z,2020-10-13T16:29:49.192Z,5,看樓上7噗噗一定是學生會那群無腦猴子齁,9,F
39e1674d-1caf-475a-bf89-1c2cb7d3ce70,234605252,2020-10-13T16:35:56.980Z,2020-10-13T16:35:56.980Z,6,"想要安定人心，第一時間又不做說明；發文上來詢問，卻說引起校內同學恐慌
啊怎麼不公開更新一下資訊、進度，好讓我們學生都知道發生了什麼事，至少不至於現在我們都還在坐等學生會會長吧：）
學校發生這事，不算小事了欸，期待會長能夠給予我們完整的說明^ ^",6,F
d0771bc4-b985-4a17-861c-aad0de15cf81,234605252,2020-10-13T16:36:59.491Z,2020-10-13T16:36:59.491Z,7,"B6 嗚嗚嗚人家等的好辛苦喔，我也好奇我待的學校到底發生什麼事情啊
希望學生會ㄉ不要欲蓋彌彰當作什麼事情都沒有啦...哭哭。",1,F
f552d24b-c64c-4827-954a-9d26d460454b,234605252,2020-10-13T16:41:08.633Z,2020-10-13T16:41:08.633Z,8,"B6 那你說說做了錯誤的說明又該如何，
這種事不能開玩笑，你覺得那這種東西消遣很有趣嗎？",1,M
dbea85d0-c313-484b-8680-1f7a3fa17087,234605252,2020-10-13T16:42:34.026Z,2020-10-13T16:42:34.026Z,9,"B7 最讓我傻眼的還是第一時間就叫人刪文🤷🏻‍♀️🤷🏻‍♀️
我當下看到直接❓",0,F
b6d0b474-268f-4c3a-bf35-ea923cf7e11e,234605252,2020-10-13T16:44:07.084Z,2020-10-13T16:44:07.084Z,10,"B9 那個口氣那個樣子
嗯果然是獨斷的學生會毒瘤呀好怕哦",0,F
378cc442-b7f2-4a6b-98e7-d5d47dc08a2c,234605252,2020-10-13T16:44:08.070Z,2020-10-13T16:44:08.070Z,11,"為什麼不能麻煩刪文？
妳今天家裡失火我也可以問妳家裡怎麼了啊
給當事人清淨不好嗎？
永遠都說將心比心
但你們就是沒有動手的加害者啊",4,M
08fdff96-d684-489a-8c0d-0f652ea4493c,234605252,2020-10-13T16:45:26.493Z,2020-10-13T16:45:26.493Z,12,"B11 只要我有繳錢來上學我就有權利知道我的學校、我的就學環境出了什麼事情吧？
欲蓋彌彰試圖將真相掩蓋，你覺得會好到哪裡去嗎？",9,F
d5cbf48b-5811-4f42-9ff2-b3039cab8830,234605252,2020-10-13T16:48:05.947Z,2020-10-13T16:48:05.947Z,13,"B12 
沒有要欲蓋彌彰
什麼事情都不明白的情況下
大家以訛傳訛
到最後會不會變成當事人其實是人肉炸彈炸爛學校？
可以詢問 這是大家的言論自由我可以理解 我也沒辦法反駁
但是給有關單位一些時間去整理事實不行嗎",1,M
e9fcdb7b-3ff6-412f-b49a-4543aec82d3c,234605252,2020-10-13T16:51:26.265Z,2020-10-13T16:51:26.265Z,14,"B13 嗯哼已經過了好幾個小時了欸哭啊
相關單位之類的不該當機立斷直接表示目前遇到什麼狀況？使用了何種應變措施？
身為學校單位不是該儘早將問題表明也陳述自己的解決方案嗎？
一直拖延試圖遮遮掩掩、要我們如何相信自己身處的環境是否得當？
如果說真的一點緩衝時間都沒有是否人員受訓不足？
或是學校單位，如學生會等團體不適任？",3,F
2c639943-9251-4cfe-b2e0-8cdbbd5f7f73,234605252,2020-10-13T16:52:46.538Z,2020-10-13T16:52:46.538Z,15,"B8 當下就好概述該事件的發生，好讓好奇的人不再議論紛紛。
要求別人刪文越是這樣，其他人越會好奇到底發生什麼事；當時也是日間部與進修部上下課的巔峰時間，還不發個說明安定人心，跑去留言一而再再而三阻止造謠，倒不如花那些時間去追蹤該事件的起因吧。",0,F
2747ff95-eaf7-41ac-b3d5-fafe5b7895cd,234605252,2020-10-13T16:54:09.753Z,2020-10-13T16:54:09.753Z,16,"B14 
但不是每個人都能像妳一樣理性
我們也想跟大家說明
但目前狀況還有部分不明瞭的情況下
恕我們無法告知
我們會儘快跟大家解釋
麻煩給我們一些時間
十分抱歉",0,M
4ce42e2e-0aa1-43df-84c1-f0312ec30604,234605252,2020-10-13T16:55:26.554Z,2020-10-13T16:55:26.554Z,17,"不要用消費者霸權的心態看待人命關天的事，這是道德問題，不是有沒有繳錢的問題。
將心比心不是一件很難的事吧？",2,M
b1d5c28d-c05c-4458-bbc4-2b2734903863,234605252,2020-10-13T16:59:07.872Z,2020-10-13T16:59:07.872Z,18,所以有要蓋遮雨棚嗎,2,M
56d93f37-1865-4395-9b35-4feb2e330169,234605252,2020-10-13T17:07:36.844Z,2020-10-13T17:07:36.844Z,19,"無論發生什麼事
那位同學也有家屬
我想是不是該顧慮家屬的感受呢",3,M
cdd0a348-096b-4ec9-baeb-68d7bcc4d5ad,234605252,2020-10-13T21:23:43.900Z,2020-10-13T22:16:02.100Z,20,"B11 
家裡失火
如果是住同一個社區當然可以問啊
不然管理費繳假的？
管委會難道有資格
叫其他住戶閉嘴刪文不要問？

正義魔人你最會啦
假慈悲的吃瓜群眾 👎🏻👎🏻👎🏻",7,M
e957ebf7-0d32-4313-8344-acc8eaea0629,234605252,2020-10-13T22:13:57.514Z,2020-10-13T22:13:57.514Z,21,"各位同學，你們這麼這麼想了解發生什麼事情，那請您到學生會粉絲私密！
不用在這一個地方討論。",0,M
5fc769aa-8347-4352-9551-a2481269fe41,234605252,2020-10-14T03:00:33.791Z,2020-10-14T03:07:54.106Z,22,"有rap了
以什麼方式呈現不知道",0,M
56a69181-0d1f-460b-873b-74602527df8f,234605252,2020-10-14T03:05:13.265Z,2020-10-14T03:05:26.550Z,23,"B22 就算真的是這樣 你有考慮過家屬嗎
學校如果真的死人
就會有人刻意找是誰
這對學生的朋友及家屬
會有多大傷害
你想過嗎
請不要那麼自私",1,M
eab352c0-fb80-4633-a00b-70d37422a9ef,234605252,2020-10-14T03:05:50.409Z,2020-10-14T03:05:50.409Z,24,B23 屬,0,F
cbce3e6f-bdeb-4f0f-8c93-b0f327d78018,234605252,2020-10-14T03:11:34.100Z,2020-10-14T03:11:34.100Z,25,"B23 
所以憑啥要求人刪文，解釋一下？
憑啥要求人不能知道，解釋一下？
我有說誰怎麼了嗎？哪個人被我指名了？傷害到誰了？誰唱rap有事了？
rap怎麼了嗎?學校禁止了？這裡是中國？
所以禁rap不禁rip囉？",4,M
da7f13c7-e727-4c63-b959-ae830dc4ac26,234605252,2020-10-14T03:19:45.236Z,2020-10-14T03:19:45.236Z,26,"二次傷害很難理解嗎？
你們知道的意義在哪裡",1,M
1e577601-7a04-4731-b275-ff3856556b3b,234605252,2020-10-14T03:22:09.241Z,2020-10-14T03:22:09.241Z,27,"B25 在請求原po將文章下架的同時
我們也有說明
為了避免造成不必要的討論及製造虛假消息
請先不要討論",0,M
90b5155d-5304-4f41-a709-792d6bbb4441,234605252,2020-10-14T03:22:49.180Z,2020-10-14T03:22:49.180Z,28,"在不知道事情原委的情況下
先別亂說
以免造成不必要之困擾",0,M
36292af8-4a09-4275-ac14-78cce0e4cd3b,234605252,2020-10-14T03:55:50.326Z,2020-10-14T03:55:50.326Z,29,"B26
所以你的意思像是
人民知道美豬進口實益在哪裡？
知道有屁用？
就不用給人民說明了
你不從政嗎？

迴避問題順便加以指責提出問題的人
B3 B8 B11
不從政真是太委屈你了
大家要的是一個事實結果
然後啥都不說
在來指責？

那依你邏輯新聞記者報導
不全是戳人傷口？
有高雄議員撞死人，戳家屬傷口不能報
有人不想被長官性侵跳樓，戳家屬傷口不能報
KTV火災，不能報傷害家屬
小孩頭被割掉，傷害家屬不能報
那啥都不能報？
人們要怎麼知道去改善和防範呢？
怎沒看到你去指責新聞媒體呢？

身為學生會不站在學生立場
協助學生了解事情真相
只想壓事情
所以了解真相造成誰的困擾？
你怎就只講到家屬和同儕？
不說說讓某方感到困擾了嗎？

事情都過了這麼久了
早就有一大部分人知道了
還不說明繼續壓
好棒呢學生會
https://megapx-assets.dcard.tw/images/f33c4f42-dbcc-4b33-bf57-be276defeb66/640.jpeg",3,M
b66b76dc-68fa-44d8-ad63-e2cd99662c4f,234605252,2020-10-14T03:56:48.920Z,2020-10-14T03:56:48.920Z,30,https://i.imgur.com/ySNh7VZ.jpg,0,M
f60298c3-47b8-439e-af96-6daec0620435,234605252,2020-10-14T04:47:27.682Z,2020-10-14T04:47:42.592Z,31,"笑死學生會
不知道在幹嘛的一個社團
新聞都報出來了
還在那邊不知道不要造謠
可憐",4,M
73aab330-ade7-46b7-bd0f-ad4fe827c5a4,234605252,2020-10-14T05:05:15.503Z,2020-10-14T05:05:15.503Z,32,"學生會
快去叫記者刪文啊
https://megapx-assets.dcard.tw/images/050efbcf-a0de-40c7-bd97-c61bd9fc7bda/640.jpeg",7,M
f5a0037f-01cb-4dbd-993e-15d73f31f6e6,234605252,2020-10-14T05:16:26.163Z,2020-10-14T05:16:26.163Z,33,學校處理事情的方法有夠像共產黨,5,M
74324889-6364-4d4f-b247-c03d01be18d2,234605252,2020-10-14T05:34:33.248Z,2020-10-14T05:34:33.248Z,34,"B31 B32 請不要覺得自己是正義的一方
言語上的傷害侮辱 只會導致一樣的事情重演
每年都有一次這不是個好現象
尊重死者 杜絕霸凌
事情到這邊停止就好了",0,M
4e3d9fc5-a496-4a94-ba07-2445a1f2cd21,234605252,2020-10-14T05:38:13.079Z,2020-10-14T05:38:13.079Z,35,"B35
你也是學生會的？
我在說學生會處理事情的方式
你在說什麼
要護航？",0,M
0761f419-cd09-4ddf-8737-81f4883bce8f,234605252,2020-10-14T05:45:48.493Z,2020-10-14T05:45:48.493Z,36,"B34
哪裡言語污辱了叫他告我 拜託
還是你要跳了？
我不支持也不反對
我支持每個人自主思想
人啊，要跳就跳，不要去情緒勒索
況且這篇文章從頭到尾都在探討學生會所為
一直拉到死者那邊應該是學生會吧？
把死者、家屬、同儕當盾，就是尊重囉？
真是有夠尊重呢～學生會",0,M
80e24d23-19a1-46ab-9f04-ed6392b5fb04,234605252,2020-10-14T05:47:39.903Z,2020-10-14T05:47:39.903Z,37,優先顧慮家屬想法而將你們放在第二順位就不是尊重,0,M
4cab4e67-b312-4fb7-8511-6db24bfc8d66,234605252,2020-10-14T05:51:10.537Z,2020-10-14T05:51:28.347Z,38,"B37 
那去叫記者刪文啊
去發新聞稿啊
指責他們不尊重當事人家屬

一直拉開話題耶
不要再把家屬拉進來了
家屬是學校處理
同儕是諮商中心處理
你學生會能幹嘛？能處理啥？
壓消息？壓的不夠徹底耶
新聞都發出來了",2,M
55f9cc3c-5e85-469c-9fb0-5975c8a66ab8,234605252,2020-10-14T05:53:39.152Z,2020-10-14T05:53:39.152Z,39,"如果邏輯是個炸彈
你應該被炸死了",0,M
cca00ead-d309-43ce-b4f5-7143482a952c,234605252,2020-10-14T06:09:00.331Z,2020-10-14T06:48:25.346Z,40,"B39 
要提邏輯
你也好歹把你的想法打出來 來反駁我
就只會岔開話題？
還是你沒邏輯可言？",0,M
70888f88-4a17-447d-90c6-54a01ecd46a5,234605252,2020-10-14T06:18:39.900Z,2020-10-14T06:18:39.900Z,41,"學生會學到一招了
出事先壓下來
真的事情一出來 
直接搞消失
我懷疑你們學生會是中國派來的",3,M
fa66b910-89f8-4141-88df-a84d375492d4,234605252,2020-10-14T06:52:41.373Z,2020-10-14T06:52:41.373Z,42,https://i.imgur.com/78FGqbY.jpg,0,M
26cff853-ff15-45c0-8737-96834fc2005b,234605252,2020-10-14T13:02:37.338Z,2020-10-14T13:02:37.338Z,43,"麻煩請給我們 適當的回覆
不然這樣誰還敢念我們學校",0,F
743128f2-e819-4a5c-9543-604185d0077f,234605252,2020-10-14T13:21:50.991Z,2020-10-14T13:21:50.991Z,44,請問是在哪棟發生的,0,M
5935f065-0a60-415e-90a6-7fdf1db00892,234605252,2020-10-14T14:20:02.149Z,2020-10-14T14:20:02.149Z,45,B44 A110進修部辦公室旁的樓梯那,0,F
4557c73d-5b79-4c0a-80ba-450c9638960a,234605252,2020-10-14T14:43:13.419Z,2020-10-14T14:43:13.419Z,46,"好了啦
不用再叫學生會給什麼交代或回覆
好康的馬上搶第一
壞事撇乾淨",0,M
a633bc23-f13b-4c42-9c45-762f72468d5a,234605252,2020-10-14T14:56:27.111Z,2020-10-14T14:56:27.111Z,47,"哇靠 現在學生會權力這麼大可以要求刪文啊！會長頭銜真大~ 要解釋該解釋卻沒解釋 事情過後就消失！連自己幹部都管不好了還管到別人去，別笑死人啦~

喔抱歉 你們的國慶日可能是10/1呵呵",0,M
960b6951-e817-4136-9cca-9152ca6ebf61,234605252,2020-10-14T16:09:06.406Z,2020-10-14T16:09:06.406Z,48,"麻將一時 麻將一世
麻將會已經無法改變了
還不趕快出來説明",0,M
379c4d93-9534-4af7-aa4a-6729711ccfb3,234605252,2020-10-14T17:38:36.490Z,2020-10-14T17:38:36.490Z,49,"啊所以到底為啥要一直討論一個死人的事情
每天這麼多人死你也沒去關心
現在在同校死了一個就這麼嗨 
之前開南也有其他的類似事件啊啊你們怎麼不會去挖出來討論
現在講一堆猜測也沒啥用 找一堆證據也一樣沒用 
你以為找到一個說詞或是一個原因他就會活過來嗎？死了就死了 早死晚死都嘛一樣
學生會會刪除也一定有他們的理由存在啊你們又不是處理的人到底在急什麼意思 
時候到了就會出來了 閉嘴好好等就好",0,M
85e2afdd-532f-4597-9a42-8b4aaa027b04,234605252,2020-10-14T19:24:22.508Z,2020-10-14T19:24:22.508Z,50,"B49 
這是在反串嗎？
讓我不知道你是來止血還是來澆油的
很厲害喔👍",0,M
9fbc6e8f-9ac3-450e-8df7-26d45846e147,234605252,2020-10-15T00:28:17.499Z,2020-10-15T00:28:17.499Z,51,"學生會沒有刪除啊~ 他們是「要別人刪除」
會引起公憤是他們憑什麼資格要別人刪除吧！
區區一個沒有什麼作用的自嗨團體不知道哪來的自信這樣指使別人",2,M
daa787b7-3127-4626-a952-2c0d2a75c280,234605252,2020-10-15T03:42:32.896Z,2020-10-15T03:42:32.896Z,52,刪文幹嘛新聞都報出來了,0,F
411400f0-c42e-4c6b-9084-a76991646f3f,234605252,2020-10-15T04:51:36.741Z,2020-10-15T04:51:36.741Z,53,反正就是有人跳樓自殺結案,0,M
e4e14bfa-438d-4787-b4ce-fd6dcbd44da3,234605252,2020-10-15T07:27:21.819Z,2020-10-15T07:27:21.819Z,54,快講啦,0,M
5a32543f-f25e-4ca1-975b-4bc2d7d73466,234605252,2020-10-15T07:38:03.438Z,2020-10-15T07:38:03.438Z,55,B45 不是在宿舍嗎⋯⋯,0,F
a73b93ba-36f5-4fd8-a52f-87e553f3b014,234605252,2020-10-15T09:25:24.114Z,2020-10-15T09:25:24.114Z,56,"B55 我當天看到是在那邊餒
還是有兩場？😱😱😱",0,F
7b3e52bf-c01f-45b1-8d43-2cd8cbf69dcb,234605252,2020-10-15T16:43:09.233Z,2020-10-15T16:43:09.233Z,57,B55 是b棟吧,0,M
887e09b9-9e35-4669-9476-f3e2d0bb56b9,234605252,2020-10-15T18:59:32.407Z,2020-10-15T18:59:32.407Z,58,到底是哪裡,0,M
1141195c-0222-4c2c-8623-f45a3bb2d4f3,234605252,2020-10-15T23:40:47.647Z,2020-10-15T23:40:47.647Z,59,B56 B57 看新聞的,0,F
9b162d2b-b690-4af1-9529-8e9c4eb8d371,234605252,2020-10-16T01:03:04.898Z,2020-10-16T01:03:04.898Z,60,"我那天看到是在A,B棟中間的A110進修部辦公室旁的樓梯那邊
其他地方我就不曉得了",0,F
d4b1f95a-122b-4b9f-9669-e2f2041b8ba1,234605252,2020-10-18T07:08:30.336Z,2020-10-18T07:08:30.336Z,61,開南難得超過10樓留言的文章,0,M
90812bac-1f3a-47a7-8e2b-45176505d60b,234605252,2020-10-22T17:54:12.332Z,2020-10-22T17:54:12.332Z,62,什麼事都推學生會 啊是乾學生會屁事 看不懂,0,F
963c5755-adca-4f9f-9ebb-93e179a571ab,234605252,2020-10-23T13:57:51.192Z,2020-10-23T13:57:51.192Z,63,B62 沒有人推啊 他們自己拉過去的,0,M
ac4389cb-6b1d-4be1-b2d4-375ade4d6eb0,234602216,2020-10-13T16:20:37.196Z,2020-10-13T16:20:37.196Z,1,卡,0,M
d7d8ab10-4d0f-4a06-9ad6-09998a4ee41f,234602216,2020-10-13T16:55:24.509Z,2020-10-13T16:55:24.509Z,2,卡,0,F
8934abfb-4e40-4c34-94b4-ba7ddfe791ad,234602216,2020-10-13T17:07:23.639Z,2020-10-13T17:07:23.639Z,3,"https://i.imgur.com/Wbe0Kim.jpg
卡一波",0,M
9c2a2e91-ab8d-4dc3-a07f-9715502da6b0,234602216,2020-10-13T17:45:33.935Z,2020-10-13T17:45:33.935Z,4,卡影片,0,M
e5102dca-8cdf-4d65-ba13-c844e64233ab,234602216,2020-10-13T17:56:28.309Z,2020-10-13T17:56:28.309Z,5,卡,0,M
975fb136-40bc-47d6-8f0e-6eb37a93a593,234602216,2020-10-14T03:42:29.866Z,2020-10-14T03:42:29.866Z,6,喬X,0,M
85f80ce7-d75a-4627-bc80-6062f5bb8531,234602216,2020-10-14T05:36:12.874Z,2020-10-14T05:36:12.874Z,7,卡,0,M
5c1ff72a-9b1b-4644-8efb-4d95eab93674,234602216,2020-10-14T05:55:53.628Z,2020-10-14T05:55:53.628Z,8,還不卡一波,0,M
25e3b468-916b-4aa8-b3a4-4c4a0549622c,234602216,2020-10-14T06:45:51.144Z,2020-10-14T06:45:51.144Z,9,B6 誰,0,F
d5903e06-3dd1-441b-9306-52693ef9ff93,234602216,2020-10-14T07:16:13.549Z,2020-10-14T07:16:13.549Z,10,卡,0,F
a9e674d5-d884-4659-8eff-b1c58b484f33,234602216,2020-10-15T05:58:52.440Z,2020-10-15T05:58:52.440Z,11,B9 我當作沒看到,0,M
1b77f642-f961-4c2e-90df-9e0496772619,234602216,2020-11-15T02:57:09.517Z,2020-11-15T02:57:09.517Z,12,我也想,0,M
e79da10f-8f01-44dc-aa32-8250a429dceb,234602216,2020-12-12T16:49:43.183Z,2020-12-12T16:49:43.183Z,13,卡,0,M
2d434a76-2ac5-4708-8729-06078d1f3b18,234583605,2020-10-10T08:20:15.479Z,2020-10-10T08:20:15.479Z,1,外面711 全家,0,F
44bbdecd-1b0a-4c08-a687-9cce345b4aa0,234583605,2020-10-10T11:30:23.742Z,2020-10-10T11:30:23.742Z,2,B1 行吧我以為宿舍可以寄,0,M
532e0595-37bd-4af8-b654-2fd5a6a8f8e7,234583605,2020-10-10T16:49:47.771Z,2020-10-10T16:49:47.771Z,3,B2  宿舍可以啊 只是要（第幾宿舍 幾房之幾）,0,F
a126297b-60fe-408d-b6cf-78821f4a0eab,234583605,2020-10-14T09:34:44.964Z,2020-10-14T09:34:44.964Z,4,B2 喔喔是喔謝啦😂,0,M
cde2c2dd-8574-412b-a546-d8c201462846,234579156,2020-10-09T08:01:36.079Z,2020-10-09T08:01:36.079Z,1,有需要學習護照章也可以跟我說唷,0,M
8186eae5-11d9-4175-b54b-7eaa07223488,234579156,2020-11-18T11:25:22.210Z,2020-11-18T11:25:22.210Z,2,還有需要車證嗎,0,F
e7b81eac-7281-46bd-bd49-b52b3d3de28e,234574643,2020-10-09T00:39:22.634Z,2020-10-09T00:39:22.634Z,1,開南素質👍👍👍,0,M
98f83589-a58e-44a1-a2f4-429b5cb42425,234574643,2020-10-09T01:56:43.224Z,2020-10-09T01:56:43.224Z,2,反正車子也不是花自己錢買的刮傷就刮傷，別人的被刮也覺得不干自己的事，開南越來越多這種自私的媽寶，還有永遠停殘障車位的那幾台車是腦殘嗎？,5,M
af5f4c5b-2582-4503-bdc8-361dd357f668,234574643,2020-10-09T17:20:00.981Z,2020-10-09T17:20:00.981Z,3,台女戰台女 呵呵,0,M
7c4df17d-fbbf-49ca-b049-29642716582b,234574643,2020-10-10T00:23:46.334Z,2020-10-10T00:23:46.334Z,4,把他車牽出去推倒啊,1,M
02354563-2035-4a68-ac4d-350783a8efda,234574643,2020-10-10T00:24:02.413Z,2020-10-10T00:24:02.413Z,5,反正他也不怕他車刮到或是壞掉吧,1,M
a7a72a37-b646-4812-b4fd-9efb6ff7e5da,234574643,2020-10-19T15:40:37.945Z,2020-10-19T15:40:37.945Z,6,麻煩車主別停我旁邊 否則我寧可負民事責我也絕對拆你車,0,M
e55941ee-a6f5-4262-86e0-9a5c8634cf8b,234570262,2020-10-07T16:53:56.215Z,2020-10-07T16:53:56.215Z,1,在開南別想太多,1,M
f9a4e943-11d3-4cfc-9dab-4346dca55bb9,234570262,2020-10-07T17:37:54.036Z,2020-10-07T17:37:54.036Z,2,未看先猜 吸鹽射,2,M
55967dbe-69bc-4777-a5d6-7628d72a80b0,234570262,2020-10-08T04:22:22.311Z,2020-10-08T04:22:22.311Z,3,那些嫉妒的眼神早要看習慣🤤💕👅☺️,1,M
0b128ac4-18d5-4999-8ccb-b30ee7eff368,234570262,2020-10-08T04:27:49.159Z,2020-10-08T04:27:49.159Z,4,在開南就好好讀書,1,M
d6f350bd-f4bf-4957-b0a1-46b4a953b4e5,234570262,2020-10-08T21:19:56.058Z,2020-10-08T21:19:56.058Z,5,"在開南很多人上課都會吵了
何況是看表演😂",0,F
9c2ac82f-7cac-4793-8fa7-eb2bd198b1c1,234570262,2020-11-15T03:40:31.575Z,2020-11-15T03:40:31.575Z,6,在隔壁房的學長姐也很吵 大半夜的😤,0,M
5891b649-a022-43fe-8f55-1ace69fb7dd2,234565360,2020-10-07T05:52:41.088Z,2020-10-07T05:52:41.088Z,1,上你的教務系統，有一個列印教學計畫表，那個就是了,0,F
9846c633-10fb-4028-a709-ebac46e85532,234559786,2020-10-06T06:53:58.428Z,2020-10-06T06:53:58.428Z,1,趕快還給失主吧,1,M
006a2706-2dbb-41ad-8250-e827b381b2f7,234559786,2020-10-06T15:19:10.406Z,2020-10-06T15:19:10.406Z,2,可以去宿舍櫃檯問一下有沒有,1,F
14765215-4533-4879-8066-4eaa6c5bc4f3,234559786,2020-10-06T15:21:53.560Z,2020-10-06T15:21:53.560Z,3,我有跟宿舍說了 有廣播了 希望有機會找回來,0,M
7b30f26b-37cb-4a55-9e77-e4d57ccbaf45,234559786,2020-10-10T14:32:09.265Z,2020-10-10T14:32:09.265Z,4,"我也在學校掉過
而且還沒用過尋找
只好之後找時間再帶原包裝盒去專賣店再買過😭

尋找最後顯示在二宿的話
可以去二宿門口貼祭品文說你願意請撿到的人吃飯
因為這邊Dcard好像沒啥人用......

Airpods掉了真的無解
沒有相對應的防遺失系統
撿到只要重新設定就能用
而且紀錄找不回來

可以問問掉了當天的下堂課和之後的課的老師
看有沒有人撿到
或是可以去教官室的遺失物那邊問問看
再沒有的話就只能重買了😢

祝你找得回來
不然就跟我之前一樣先戴單耳吧⋯⋯
Airpods真的好貴啊啊啊啊啊😣",0,M
f12fc1af-8625-433e-913c-f13b80707a2a,234559786,2020-10-11T23:53:00.629Z,2020-10-11T23:53:00.629Z,5,"要
上述就差祭品文沒做 其他都試過了 宿舍都幫忙廣播過了...我掉兩隻呀連一隻都不能 哈哈哈",0,M
e3c7e88d-3252-4aa5-93a5-cf8dcc5e0522,234551729,2020-10-06T08:08:15.605Z,2020-10-06T08:08:15.605Z,1,都沒人知道嗎QQ,0,F
16a92877-b12b-4572-8fc1-7bd997dd3fe2,234551729,2020-10-06T09:23:03.676Z,2020-10-06T09:23:03.676Z,2,"只好自己解惑了
希望幫到有緣人
https://i.imgur.com/x5qXKbB.jpg",0,F
dc3d1eb9-b75d-4b83-a42c-6e047530b57e,234551729,2020-10-06T09:44:37.906Z,2020-10-06T09:44:37.906Z,3,哈哈感恩原po B1,0,F
c3806a4b-506f-433b-931f-76cb4c8351af,234545129,2020-10-04T16:23:55.032Z,2020-10-04T16:23:55.032Z,1,大二黃玄守謝謝,0,M
65c81a73-ab8a-4bed-8912-551f669c1edf,234545129,2020-10-11T17:42:11.117Z,2020-10-11T17:42:11.117Z,2,程度如何？打什麼居多？,0,M
1f682506-af44-45b9-a6dd-48592f20caa9,234545129,2020-10-22T10:15:19.602Z,2020-10-22T10:15:19.602Z,3,"畢業校友 許晉維 謝謝 
程度中下 很久沒打 
通常都打14-1
我家旁邊就球館 有興趣可來玩玩",0,M
bdbc8f8c-a4a2-46c2-a27d-de5283b4d8d1,234545069,2020-10-04T09:03:48.421Z,2020-10-04T09:03:48.421Z,1,健身房這學期都不會開：）,0,F
3d38624c-a3ad-482f-aeaa-5450689c3be6,234545069,2020-10-06T06:35:17.422Z,2020-10-06T06:35:17.422Z,2,B1 為啥啊 疫情嗎,0,M
567a5964-eb7a-4f2b-b0d1-605789bff87d,234545069,2020-10-06T15:42:29.956Z,2020-10-06T15:42:29.956Z,3,B2 yes,0,M
0a0415d1-f0d2-4f8a-a27d-ff2571f70d0b,234545069,2020-10-12T05:36:09.753Z,2020-10-12T05:36:09.753Z,4,B9 哈哈哈我在桃園中平路的,0,M
aa73a868-365d-4f68-92ef-ef3df1ff74cb,234545069,2020-10-29T08:37:14.853Z,2020-10-29T08:37:14.853Z,5,健工經國廠,0,M
30bb77e6-0939-4558-a76b-b3fe09cf663b,234533264,2020-10-21T09:05:50.311Z,2020-10-21T09:05:50.311Z,1,韓語老師並不注重這些，因為他也知道日文系學生沒多少人重視韓文，所以偶爾會請大家傳簽到表簽名，但我問老師卻說那個不算成績，我猜只是走程序而已⋯⋯基本上不要每次都沒到課，期中期末都沒來考試也都能讓你及格,0,M
eb58930f-5e10-4955-8776-3e8c65635216,234530050,2020-09-30T17:23:01.230Z,2020-09-30T17:23:18.153Z,1,以學校的地形來說可能不太適合練這兩種板建議你可以找更適合的地形玩,1,M
ccf9aa2b-ede7-4206-8d74-9b19c729ec3b,234530050,2020-10-01T02:32:29.695Z,2020-10-01T02:32:29.695Z,2,"好的
感謝🙏",2,F
80b1edf1-aebd-4f65-9d0c-84bc6aaecd26,234530050,2020-10-02T17:12:47.894Z,2020-10-02T17:12:47.894Z,3,學校附近有溜直排輪場，在西埔社區橋下,1,M
af041e55-2a14-4ff5-b8c6-837f4863727f,234527741,2020-09-30T15:49:21.971Z,2020-09-30T15:49:21.971Z,1,素質在低什麼,5,M
7dd7fcf5-2582-4a7f-bc71-e73acfe8b74f,234527741,2020-09-30T16:33:39.812Z,2020-09-30T16:33:39.812Z,2,B1偷東西素質很高喔,0,M
62fcfb98-2a44-47b6-8185-24efc30326ed,234527741,2020-10-01T01:35:39.205Z,2020-10-01T01:35:39.205Z,3,笑死 用詞用成這樣 說不定小偷素質還比你高勒,1,M
2e3fdeaa-7851-40f5-9ba2-13d7b1d61367,234527741,2020-10-01T03:59:46.122Z,2020-10-01T03:59:46.122Z,4,"偷東西就畜牲啊
只會偷，沒錢去死一死啦",0,M
83aab8dd-4d6e-4edb-a3be-aa72e3a7352a,234527741,2020-10-01T14:29:27.348Z,2020-10-01T14:29:27.348Z,5,"雖然講成這樣真的有點過分但是我喜歡😂
可是你就是想喝冰水才拿去冰很久結果回來的時候就被人家幹走，心裡也會覺得很幹吧
那天你東西一直被偷你應該也會很想把那個小偷抓出來敲",0,M
2fc2e699-ca54-4b28-a257-46b8785e6482,234522330,2020-09-29T12:18:41.975Z,2020-09-29T12:18:41.975Z,1,之前申請完之後大概是10/25有收到簡訊，說審核結果已公告，自行去生輔組網頁查詢，網頁會有審核的結果，如果是申請6000元的會有服務單位，還會傳一個簡訊說攜帶課表到被分配的單位報到,2,F
8c31686e-e9c6-492b-a571-280b2d91d49a,234522330,2020-09-30T04:20:42.840Z,2020-09-30T04:20:42.840Z,2,B1 了解 謝謝你🙏,0,F
2f44068e-d684-4e40-85e8-f59003235aa7,234517176,2020-09-28T16:03:29.430Z,2020-09-28T16:03:29.430Z,1,以前有，現在沒有,0,M
168f9d11-5dea-47e2-9cfc-eda94d33e8d7,234517176,2020-10-06T07:41:03.404Z,2020-10-06T07:56:05.924Z,2,"我有朋友在校隊蠻用心的，我自己也想學
不過忙碌真的沒時間😭",1,F
bb9d7f14-8f6f-4d15-9766-835ef5b99feb,234517176,2020-10-06T07:43:32.053Z,2020-10-06T07:43:32.053Z,3,"系排最重要的是大家一起練球一起出去玩培養的感情，就我看來目前學校系隊都沒什麼凝聚力，好好專心做自己的事吧
不然就去校隊看看",1,M
b1a6f499-df79-4dcd-807b-0ea8bc9b99ff,234508839,2020-09-27T06:52:11.930Z,2020-09-27T06:52:11.930Z,1,"其實根本沒有什麼想法不想法的
如果真的有興趣就去試 一定能豐富你大學的生活
可以認識到除了自己系上 別系的朋友學長姐
也能在學校大小的活動中學到很多東西
勇敢報名下去吧！",1,F
84e86e6e-2111-4570-80b7-1db723d3abd6,234508839,2020-10-06T17:15:10.220Z,2020-10-06T17:15:10.220Z,2,"嗨嗨 歡迎報名哦
親善的大家庭歡迎你
但報名剩兩天哦 到10/8號
要抓緊機會~
有任何問題都歡迎問我~",2,M
8286a2c3-87d9-41fd-a366-2c2e9eae85aa,234508839,2020-10-06T17:18:09.184Z,2020-10-06T17:18:09.184Z,3,"有興趣就快去報名 
社博當天攤位上也會有報名表
親善歡迎你
懶得寫字在粉專都有線上報名
有任何問題都可以私訊或是直接來社博攤位問",2,F
5571694f-d81e-4f36-a112-18ad14600d37,234508412,2020-09-27T02:40:00.058Z,2020-09-27T02:40:00.058Z,1,之前用三角錐圍,2,F
c8783a88-7fdd-4bd5-a3cb-a1ca99cf18f1,234508412,2020-09-27T12:03:05.175Z,2020-09-27T12:03:05.175Z,2,B1 是圍在哪呢🙇‍♀️,1,F
1d85d672-4acf-41e3-bd27-6ad006cadf57,234508412,2020-09-27T12:09:45.894Z,2020-09-27T12:09:45.894Z,3,體育館,2,F
d26bd950-4f8c-4e28-96d1-3259a7bc707c,234508412,2020-09-27T12:19:11.703Z,2020-09-27T12:19:11.703Z,4,B3 好 知道了 謝謝🙇‍♀️🙇‍♀️,1,F
9b2b7b16-2ecb-44ee-9384-60268f262bc7,234508412,2020-09-28T16:17:14.729Z,2020-09-28T16:17:14.729Z,5,我們之前是跑棒球場,2,F
55503f0e-e1a9-42a2-ac74-a428d68410af,234508412,2020-09-29T02:03:21.838Z,2020-09-29T02:03:21.838Z,6,"B5 那是要跑幾圈啊...
我對棒球場大小沒有概念▄█▀█●",1,F
4d817fb1-0ab1-4c4a-ad0e-b2bb64836c52,234508412,2020-09-29T05:42:56.199Z,2020-09-29T05:42:56.199Z,7,"B6 抱歉時間太久 忘了
不過老師會告知該跑幾圈",1,F
2ff10747-a99c-4f4f-9160-19b873e561bd,234508412,2020-09-29T15:20:24.291Z,2020-09-29T15:20:24.291Z,8,B7 好的了解，謝謝🧎‍♀️,1,F
579e5551-906c-4499-ac29-0b703086da64,234508412,2020-10-07T16:55:55.029Z,2020-10-07T16:56:06.390Z,9,有看到體育館外面有一塊空地沒有畫線的地方 那裡就是測驗體適能跑步的地方 我105學籍的 我記得還可以蓋學習護照章,0,M
7a29ea6f-4f64-4d9c-826b-1c88c16e784d,234508304,2020-09-27T01:21:53.845Z,2020-09-27T02:23:57.971Z,1,"記得一定要買課本
沒買課本會被當掉(如果一直沒買沒帶的話)
課本可以去丹古咖啡屋買
計分方式
期中 20%
期末20%
My ET 20%
出席率 20%
平時 20%
事假病假超過三分之一以上不及格",1,M
6d988645-d70d-490c-a005-4adc5a1824a3,234508304,2020-09-27T01:23:14.020Z,2020-09-27T01:23:14.020Z,2,B1 可以請問一下他的上課方式？,1,F
fa10298e-6fc3-4e0e-ac12-af8c9f93c216,234508304,2020-09-27T02:13:58.463Z,2020-09-27T02:13:58.463Z,3,"B2 不太好形容
親自上課就知道了",1,M
57b43490-8559-4cce-9bb7-3b1e0193a25e,234508304,2020-09-27T03:54:51.356Z,2020-09-27T03:54:51.356Z,4,B3 感謝回答,1,F
e63a236f-d44a-401e-b782-605272fa5395,234508304,2020-09-27T06:27:08.658Z,2020-09-27T06:27:08.658Z,5,B1 My ET是什麼,1,M
4a089720-98eb-4f80-a5cb-da0628b84e9e,234508304,2020-09-27T06:28:42.656Z,2020-09-27T07:52:34.692Z,6,王清祿老師人滿好的欸，他的課一定要買書然後妳出席率一定要到不要太誇張，不要說都不到然後會被當掉，妳期中考跟期末考一定要到，沒考到其中考或期末考其中一個基本上就被當掉，對了妳考試沒有及格也沒有關係，一定要來上課跟他的MyET加減做，不要都不做，他很重視出席率跟做功課還有課本也不要都不買或不帶，他人很愛開玩笑，如果妳本身是應英系他才會對妳嚴格，不然基本上他都只是上課做樣子給大家看，然後私底下去求他，他還是會心軟給你考試，基本上出席率跟課本還有講義跟MyET還有考試都有考基本上歐趴，然後沒有群組，你上課的時候可以問妳旁邊的同學看有沒有甚麼功課或者妳不好意思，妳私底下自己去問老師，老師都會跟妳講，如果妳沒有辦法接受他的上課方式，那就放棄修課，畢竟他在應英系跟大一英文算是已經很放水的老師，如果妳真的有修過其他的英文課，其他應英系老師是考試不及格就當掉，完全不會讓妳有補救的機會，妳自己去斟酌吧！,2,M
02d0fe68-1d33-454b-b647-d0b98254468e,234508304,2020-09-27T06:29:46.537Z,2020-09-27T06:31:21.514Z,7,B5 MyET你去Google商城或者APP Store就可以查到的英語軟體，那是上課要用的手機程式，你可以去下載來用。,1,M
c0756731-450a-4f88-9409-ca62be068149,234508304,2020-09-27T06:30:05.938Z,2020-09-27T06:30:05.938Z,8,B7 感謝 好人一生平安,0,M
a9fb1448-64a5-4f32-bd16-ade5f9196652,234508304,2020-09-27T06:40:03.474Z,2020-09-27T06:40:03.474Z,9,"B6 他跟我們說一定要用到課本
不能一直沒帶沒買
不然會被當
雖然我感覺他也是一個認真的老師",0,M
69cff450-76ac-467d-bd0b-ea51df297798,234508304,2020-09-27T07:11:17.544Z,2020-09-27T07:11:17.544Z,10,B9 我是謝吉燿老師,0,M
f0b12add-0cc8-4c6c-ab66-511a4db4e52d,234508304,2020-09-27T07:40:55.857Z,2020-09-27T07:40:55.857Z,11,B9 他上課確實很認真啊，只是課本很重要，然後一定要買書，還有出席率，我覺得這些是很基本吧，你不要給他王清祿老師難看，基本上他都是很好說話的老師。,1,M
7bc47a25-f245-4255-b54f-3ecf45f81511,234508304,2020-09-27T07:42:09.076Z,2020-09-27T07:42:09.076Z,12,B10 老師好，好久沒有上過你的課，好懷念老師當初學校的教導。,1,M
172ec961-5a1f-4f0d-8fa3-0d560339f3c3,234508304,2020-09-27T07:43:15.162Z,2020-09-27T07:43:15.162Z,13,B12 我不是老師...，我是說我的老師是謝吉燿老師哈哈哈😂你真的是一個很好的學生呢 👍,0,M
1627db73-d40c-4dd0-a63d-bf6992351251,234508304,2020-09-27T07:47:44.765Z,2020-09-27T07:47:44.765Z,14,B13 謝吉耀老師也很好，你可以認真跟他學，你可以在他身上學到很多東西，以後出社會都用的到。,1,M
c0990d86-13d4-4102-910e-03a069191e71,234508304,2020-09-27T07:48:28.338Z,2020-09-27T07:48:28.338Z,15,B14 好的～,0,M
862ae90b-9063-4cb5-a4d2-b26f9e695c9a,234508304,2020-09-27T09:33:21.509Z,2020-09-27T09:33:21.509Z,16,"B11 知道阿
我很認真XD",0,M
a8ca9d24-f6e9-4a4e-87a0-3dbbff92e524,234508304,2020-09-28T04:56:56.911Z,2020-09-28T04:56:56.911Z,17,有沒有人需要學習護照？！,0,M
087fd96f-d4c5-45b1-9f5d-ef6d32d9b75e,234505968,2020-09-27T13:05:51.276Z,2020-09-27T13:05:51.276Z,1,我們沒有電競社這種東西,1,M
61f39f87-3c1d-47e0-9137-bb784d16cbc7,234499593,2020-09-25T14:59:12.657Z,2020-09-25T14:59:12.657Z,1,可惜我畢業了,0,M
1c326a1f-805f-4fcd-a651-598e346c5e32,234499593,2020-09-25T23:58:58.478Z,2020-09-25T23:58:58.478Z,2,雖然我不喝酒，但我可以陪你聊心事,0,M
8bcdbd45-7683-45c8-a397-cb8a63a1a838,234499593,2020-09-26T03:49:13.489Z,2020-09-26T03:49:13.489Z,3,B2 大哥是情場高手嗎😢這是感情事,0,M
5063afa5-f546-44ca-af68-5f1f12be4b30,234499593,2020-09-26T07:41:51.874Z,2020-09-26T07:41:51.874Z,4,我可以陪你看看，我相信我能幫助你,0,M
a0e3b009-c9fb-4800-8e2c-157674de90b6,234499593,2020-09-26T08:25:31.160Z,2020-09-26T08:25:31.160Z,5,有人要陪我讀書嗎？,0,M
74b7792d-072f-46d7-98cb-f0a1f2e15fee,234499593,2020-09-26T09:09:55.348Z,2020-09-26T09:09:55.348Z,6,B4 大哥住宿生？,0,M
32e950d6-43be-4d18-ada7-e2e55d977ca3,234499593,2020-09-26T09:51:04.012Z,2020-09-26T09:51:04.012Z,7,B5我也可以啊,0,M
8160c2de-ea52-4b2e-ad35-122da32cb0c0,234499593,2020-09-26T09:51:31.028Z,2020-09-26T09:51:31.028Z,8,我桃園本地人哈哈哈b6,0,M
16de30b6-bf7f-43ad-807f-206e7c7ab7fb,234499593,2020-09-26T12:19:42.733Z,2020-09-27T01:51:17.845Z,9,,,
2060dc2a-8cfa-4c7e-963f-caf5607e2dfe,234499593,2020-09-26T12:47:36.518Z,2020-09-26T12:47:36.518Z,10,B7真的啊，騙你幹嘛,1,M
d599b97d-4392-46be-9edc-16090b6d04d5,234499593,2020-09-26T12:48:25.938Z,2020-09-27T01:50:53.225Z,11,,,
dba88c9d-98b0-4285-9423-dd67e080ef6d,234499593,2020-09-26T13:06:45.063Z,2020-09-26T13:06:45.063Z,12,我怎麼知道你長怎樣哈哈哈哈😂,0,M
3c7fde99-2dea-461a-92c3-166f1622a0aa,234499593,2020-09-26T13:34:10.228Z,2020-09-27T01:51:00.363Z,13,,,
48ab1119-498f-416c-902f-6f29b8dcfec0,234499593,2020-09-26T13:34:29.616Z,2020-09-26T13:34:37.028Z,14,,,
611dd9f3-2794-4ffe-bf7b-d531554c1ad1,234499593,2020-09-26T13:34:52.613Z,2020-09-26T13:34:52.613Z,15,還好，有人約就會去,0,M
01fd4e43-c322-454a-9251-e090f374d935,234499593,2020-09-26T13:43:01.146Z,2020-09-27T01:51:06.461Z,16,,,
3249ed42-a91a-4420-ad10-457c010c9f62,234499593,2020-09-26T14:20:57.747Z,2020-09-26T14:20:57.747Z,17,所以那位好心人還是在校生嗎～,0,M
67927400-f328-4fc4-9aac-2b3df7da87fd,234499593,2020-09-26T14:49:29.205Z,2020-09-26T14:49:29.205Z,18,weichi_man,0,M
4186d0c3-2b76-4c18-93ff-ea39e547aa28,234499593,2020-09-26T21:32:11.454Z,2020-09-26T21:32:11.454Z,19,我是象棋高手 可以來切磋,0,M
481af0b5-ce92-4ab1-9993-d85a0c5707c2,234499593,2020-09-26T21:54:23.723Z,2020-09-26T21:54:23.723Z,20,我要怎麼認出你啊,0,M
7af98992-e378-4117-aacb-90f729dbb0ff,234499593,2020-09-26T21:54:29.705Z,2020-09-26T21:54:29.705Z,21,哈哈哈,0,M
64d696cf-b4aa-44f8-98dd-089a13d424f9,234499593,2020-09-27T10:16:18.542Z,2020-09-27T10:16:18.542Z,22,下棋喝茶可以,0,M
9f15499a-33b1-4dc0-940e-a79b71d8b667,234499593,2020-09-28T04:57:13.314Z,2020-09-28T04:57:13.314Z,23,可以有沒有人需要學習護照,0,M
8edd5baf-0926-4aa8-ab03-f9b94c50147a,234499593,2020-10-14T00:22:52.918Z,2020-10-14T00:22:52.918Z,24,"酒咖在這 今晚喝一瓶野格了
沒醉",0,F
25fcb348-1d47-4850-b449-c6de6274b3cb,234497642,2020-09-25T14:34:20.953Z,2020-09-25T14:34:20.953Z,1,"https://i.imgur.com/EcFMKXm.jpg
這一本",1,F
91c21d24-b4da-4ac0-ba3f-47ea4be79680,234497642,2020-09-26T17:26:26.556Z,2020-09-26T17:26:26.556Z,2,B2 穴穴尼！！！,1,F
3feea673-00c1-4ca6-a78a-50e9afbfef4e,234497597,2020-09-25T06:03:46.093Z,2020-09-25T06:03:46.093Z,1,我也想知道,1,F
03d4752b-22a2-4065-a339-e4b46f017baa,234497597,2020-09-25T11:55:42.075Z,2020-09-25T11:55:42.075Z,2,Me too,1,M
ae4d4bb0-6949-479c-bdb3-3c9733966e8d,234497597,2020-09-25T14:59:41.006Z,2020-09-25T14:59:41.006Z,3,導師會議開完後,1,M
d351a5a4-a70a-4bd6-9233-0a477442aa9e,234497597,2020-09-25T15:01:34.583Z,2020-09-25T15:01:34.583Z,4,B3 大概什麼時候,1,F
941cbdfe-7b74-457b-b3ce-cf880ce1dc57,234497597,2020-09-25T15:37:08.637Z,2020-09-25T15:37:08.637Z,5,印象中 沒錯的話 開學第三週左右,1,F
515da94a-66e8-4acc-bc8e-c26616dee9d1,234497597,2020-09-25T16:20:23.652Z,2020-09-25T16:20:23.652Z,6,"以前暑假期間就會有排名了
這次特別久",1,F
a362494c-4bad-43e3-a44a-7f12a9713149,234497597,2020-09-26T02:16:40.427Z,2020-09-26T02:16:40.427Z,7,出來了唷,0,F
1bef7cc2-37c8-4289-8d99-8b35c25674b9,234497597,2020-09-26T02:37:11.139Z,2020-09-26T02:37:11.139Z,8,B7 感謝🙏,0,M
80b8ac90-85c9-4c83-8b37-42180bfcaa3a,234497501,2020-09-27T04:46:37.099Z,2020-09-27T04:46:37.099Z,1,我有哦！有需要嗎,0,F
973ea401-c6c3-4a07-8e55-52c87c74fa0b,234497501,2020-09-27T04:48:33.997Z,2020-09-27T04:48:33.997Z,2,B1 詢問一下價錢謝謝妳,0,F
5ec4125b-33d1-451f-9c71-8f5f08910b21,234497501,2020-09-27T04:58:27.323Z,2020-09-27T04:58:27.323Z,3,180收嗎,0,F
2a5ab6cb-29ce-4edc-8c61-5f5d9834c5fd,234497501,2020-09-28T05:32:04.301Z,2020-09-28T05:32:04.301Z,4,B3 請問書況謝謝你,0,F
32fc75e7-6215-4d02-9ab3-f1ec0bc133fa,234497501,2020-09-28T05:32:44.962Z,2020-09-28T05:32:44.962Z,5,內有筆記,0,F
b1bd0db0-3737-4719-a568-163451a730cb,234495686,2020-09-25T02:57:00.728Z,2020-09-25T02:57:00.728Z,1,可以一宿換二宿或二換一。不過要看還有沒有位子,1,F
5cccea1e-357a-4a33-a648-f4f52120c33f,234495686,2020-09-25T05:03:22.580Z,2020-09-25T05:03:22.580Z,2,B1 請教可以只換房嗎？,0,M
b82fb124-b237-4c62-bd26-17b4918c7b4a,234495686,2020-09-25T05:19:34.102Z,2020-09-25T05:19:34.102Z,3,"我記得是不能換房的，只能換一二宿而已🤔
而且剛開學有太很多想換的人了，你不一定換的到",0,F
a74569b2-fad2-4688-896c-850eed5f6055,234495686,2020-09-25T05:21:07.833Z,2020-09-25T05:21:07.833Z,4,B3 我會在去問看看，謝謝妳的回復,1,M
fb51b30c-5522-45af-85db-ab4b916ceeb8,234495686,2020-10-03T13:36:27.189Z,2020-10-03T13:36:27.189Z,5,拜託 根本就不能換啊幹,0,M
