fa0e0f54-5474-4660-b0b8-4be6089848ea,234917062,2020-12-04T10:31:59.376Z,2020-12-04T10:31:59.376Z,1,在女一地下室,0,F
b127e87f-3ae9-42ee-b7c5-c10ebc6eaf4f,234917062,2020-12-04T15:45:35.035Z,2020-12-04T15:45:35.035Z,2,女二那裡也有器材吧（記得有這回事？,0,F
89c43d0e-1889-4c95-a944-7a3de3c3727f,234917062,2020-12-05T18:48:45.796Z,2020-12-05T18:48:45.796Z,3,學校活動中心有健身房啊～,0,M
9145fe86-091b-4794-b9c6-043d593b89c0,234699311,2020-10-29T18:45:57.408Z,2020-10-29T18:45:57.408Z,1,可以！只要有ㄍ熱愛音樂ㄉ心！隨時都可以加！,0,F
466c7a48-b214-49bb-8396-e1ccc5dcc4d7,234699311,2020-10-29T23:24:11.655Z,2020-10-29T23:25:06.892Z,2,B1 感謝🙏 啊可以請問一下怎麼加嗎 或去哪裡...我是新生,0,M
34042635-d558-49e7-bfcd-7db115b56cd6,234699311,2020-10-30T01:49:51.523Z,2020-10-30T01:49:51.523Z,3,"吉牠
https://i.imgur.com/jVawDdV.jpg",3,M
87b2809f-b167-42fa-9b34-992576e04761,234699311,2020-10-30T01:50:58.582Z,2020-10-30T01:50:58.582Z,4,B2 fb搜尋陽明吉他社 密粉專就好囉,0,F
c03fab42-3e73-4f1b-bdfe-361797326051,234699311,2020-10-30T08:43:29.863Z,2020-10-30T08:43:29.863Z,5,要先學會始解吉他才行喔！,0,M
7d961788-f7b6-425b-953c-4d2204c2e50c,234692356,2020-11-15T12:04:07.775Z,2020-11-15T12:04:07.775Z,1,"感謝大家協助填寫問卷，本問卷已抽出十位名額，
可獲得威秀電影票乙張，得獎名單請參考下方，亦同步寄發email至電子信箱，
請得獎者於11/22前回信提供收件人姓名及地址，若逾時未回覆將視同放棄，
將再抽出下一位得獎者並另行通知，請大家務必記得到信箱查看唷~

再次感謝大家的熱心參與，謝謝!
l************s@gmail.com
a*********0@gmail.com
g****1@yahoo.com.tw
u*******1@yahoo.com.tw
s*****3@gmail.com
d***********6@gmail.com
n*******5@gmail.com
W************5@gmail.com
m**********9@gmail.com
l*************5@gmail.com",0,F
829a97da-b2da-4e2f-9400-6abfdabb46a5,234588682,2020-10-11T09:00:02.450Z,2020-10-11T09:00:02.450Z,1,男二頂樓,1,M
8c30424e-f853-4690-8a54-9eeadd4d9447,234588682,2020-10-12T19:20:14.364Z,2020-10-12T19:20:14.364Z,2,男二頂樓,0,M
b14fc5dc-2c2e-49e5-a86b-4bfb5afe5e16,234588682,2020-10-30T17:04:36.531Z,2020-10-30T17:04:36.531Z,3,可以來牙醫系壘一起打優，通常周四晚上會在山頂操場練球,1,M
16d66033-8ca0-4bf3-ab25-ef5e3ede7ad7,234588682,2020-11-25T08:55:45.455Z,2020-11-25T08:55:45.455Z,4,畢業生也可以嗎,0,M
c3ef449e-8ed6-4319-a3c5-be577cfdb16e,234588682,2020-12-07T14:52:58.435Z,2020-12-07T14:52:58.435Z,5,B3 想問一下你是牙醫系壘的幹部嗎😶,0,M
6232bb33-387a-4a2e-aebd-67fe91abccf0,234588682,2020-12-07T14:57:29.768Z,2020-12-07T14:57:29.768Z,6,B4 我有要成立棒球社，然後我是負責人。這禮拜三晚上會在山頂第一次練球，有意願可以來來看，或者是幫我宣傳一下🥺,0,M
12a1dd35-4b31-444e-8ae8-3933ba10bdd3,234576224,2020-10-09T09:32:33.547Z,2020-10-09T09:32:33.547Z,1,"都沒人知道嗎QQ
求問各位學長姊",0,M
46144314-81d1-4d4c-a8fb-359ce25be308,234576224,2020-10-09T13:11:37.657Z,2020-10-09T13:11:37.657Z,2,"我是月底最後一天拿
不過我是大學部在實驗室打工的",0,F
be351d87-b438-4952-a776-e7b693214456,234576224,2020-10-09T13:13:04.657Z,2020-10-09T13:13:04.657Z,3,b2 是學校直接撥款到郵局帳號嗎,0,M
5b776135-7cb8-43fe-abab-ceeea8291bde,234576224,2020-10-09T13:14:33.590Z,2020-10-09T13:14:33.590Z,4,"之前應該會跟你要銀行號碼吧 就撥給那裡啊
但要看你做的計畫錢撥下來了沒",0,F
973aaf92-88f6-4b18-bab2-df0d797f4a5f,234576224,2020-10-09T13:16:50.801Z,2020-10-09T13:16:50.801Z,5,"b4 我是直接用新進人員管理系統填的那種
謝謝你!",0,M
1e6ab257-c02d-4127-8d5b-f0b085a94fab,234576224,2020-10-09T13:34:04.332Z,2020-10-09T13:34:04.332Z,6,不會～,0,F
9f5eca61-585b-4f0a-b810-498e5a65a24e,234576224,2020-10-11T15:17:14.416Z,2020-10-11T15:17:14.416Z,7,"我們助理學姊說是每個月最後一天 如果最後一天是六日 就會提早一兩天匯
但還沒收過 所以不知道哈哈",0,F
dc87513a-d405-41f5-9aa0-b47b7169d5b6,234576224,2020-10-12T07:11:39.124Z,2020-10-12T07:11:39.124Z,8,要看你就職日是幾號哦～,0,F
2922be9f-0f83-4fe3-957f-23909f8843e2,234576224,2020-10-12T16:38:13.373Z,2020-10-12T16:38:13.373Z,9,b7  b8 所以是固定月底還是依照就職的日期是哪天就哪天發呢,0,M
2e10130a-3600-4e99-ac08-4cad55dd499d,234576224,2020-10-12T16:44:39.522Z,2020-10-12T16:44:39.522Z,10,"就職日吧
我之前大概都在16號拿到",0,F
bcde3f7e-0d5b-4e5d-8755-9134f7b060ee,234576224,2020-10-16T10:44:54.497Z,2020-10-16T10:44:54.497Z,11,b10 想請問你今天有收到嗎,0,M
2d9667b0-7803-4541-baff-16cf87bf5e04,234576224,2020-10-27T10:10:32.068Z,2020-10-27T10:10:32.068Z,12,B11  我17號收到了XD,0,F
8d9c33d0-8b8d-4eb3-a136-6f4495c993b1,234549696,2020-10-04T12:27:07.955Z,2020-10-04T12:27:07.955Z,1,體育室,1,F
8c28bab7-f495-446e-8260-679b3e6371d8,234549696,2020-10-04T15:33:13.918Z,2020-10-04T15:33:13.918Z,2,感謝大大,0,M
8922b985-143d-4a84-aa05-1c0f02b31d33,234549696,2020-10-04T15:43:36.834Z,2020-10-04T15:43:36.834Z,3,我可以幫你加油打氣,6,M
dc607553-3c01-49ff-ac93-2244be388e16,234549696,2020-10-05T03:20:02.354Z,2020-10-05T03:20:02.354Z,4,"機車行通常也可以幫忙打氣
好聲好氣拜託一下幾乎都會幫忙",1,M
2c2816bd-5939-4862-99cb-c937dd3c290b,234549696,2020-10-06T02:55:10.377Z,2020-10-06T02:55:10.377Z,5,加油!!(?),2,M
dd72e750-9a7f-4c77-8042-0239771bb89a,234523528,2020-10-08T10:23:21.146Z,2020-10-08T10:23:31.118Z,1,,,
78ebbfdb-11ef-4b1c-a0a7-379051991c63,234509973,2020-09-28T03:12:37.023Z,2020-09-28T03:12:37.023Z,1,不管怎樣，加退選結束了幫哭,0,F
71ae2e5c-7617-43fb-8595-710957b25a6f,234509973,2020-09-29T11:23:18.255Z,2020-09-29T11:23:18.255Z,2,B1 謝謝你啊🤣🤣,0,F
3c67bbd0-0bde-415c-8025-ff90e72794bd,234498740,2020-09-25T16:38:52.645Z,2020-09-25T16:38:52.645Z,1,"沒說就默認是要吧
期中期末考時間通常照學校行事曆，行事曆自己上網載，老師如果有要提早或延後會提前說",0,F
fe72ed8f-50b1-49b9-8739-b27f9e223890,234483682,2020-09-24T04:05:01.709Z,2020-09-24T04:05:01.709Z,1,"我只能說
昭光的課
我選了四個學期",4,M
dc1fc51b-609b-415a-9dec-a8b3adc7af36,234483682,2020-09-24T13:33:56.501Z,2020-09-24T13:33:56.501Z,2,選蛙跳準沒錯,0,M
71a7f559-1a07-4ac7-aeb6-dc43db181d07,234483682,2020-09-26T03:53:59.668Z,2020-09-26T03:53:59.668Z,3,推,0,M
8d887974-e701-4f1e-a7ab-bcd55158072e,234483682,2020-09-26T16:04:21.911Z,2020-09-26T16:04:21.911Z,4,昭光四學期+1,0,M
05762f03-0b80-4ae4-94f0-64594707d944,234483682,2020-09-28T05:17:45.963Z,2020-09-28T05:17:45.963Z,5,B2 蛙跳上到滿肚子火==,0,M
6fd0b994-00c2-42f8-8dc8-61fdc63ec4aa,234460242,2020-09-20T02:59:42.820Z,2020-09-20T02:59:42.820Z,1,沒有人告訴你這邊是美食沙漠嗎😢,6,M
455cc54f-9774-48b4-8a2f-033f5396d630,234460242,2020-09-20T07:49:15.100Z,2020-09-20T07:49:15.100Z,2,水餃嗎 我想應該是八方跟四海遊龍了吧 嗚嗚嗚嗚,0,F
65571c7d-3db3-41cd-a2e0-fec8f38fbb7e,234460242,2020-09-20T09:11:08.500Z,2020-09-20T09:11:08.500Z,3,B2 可以去吃看看阿財 還不錯,0,M
f234208a-3cab-4f88-a4ac-a7645b251060,234460242,2020-09-20T14:07:44.998Z,2020-09-20T14:07:44.998Z,4,"Yayoyi  超好吃
可是很貴",0,M
0ffc0cc2-2098-4ce8-b12e-ef1f706e7e0f,234460242,2020-09-20T15:48:13.309Z,2020-09-20T15:48:13.309Z,5,B4 yayoi嗎,0,M
9d4bd73b-8845-4ad8-8e58-9e647974f687,234460242,2020-09-20T15:49:10.056Z,2020-09-20T15:49:10.056Z,6,"B5
對",0,M
15641d56-90d4-4b5b-8ebe-0eec38ffd688,234460242,2020-09-21T09:46:58.133Z,2020-09-21T09:46:58.133Z,7,"胖老闆漢堡排超好吃
胃太小",0,M
cff7b498-aad6-4f23-baea-ab3927b53623,234460242,2020-09-23T15:12:36.396Z,2020-09-23T15:12:36.396Z,8,葉子pizza推爆,0,F
a8e6bf32-6598-4ce8-b16b-174f4911224c,234460242,2020-09-23T15:26:38.017Z,2020-09-23T15:26:38.017Z,9,"葉子異國小廚嗎
B8",0,M
3e312157-e2a1-4546-a759-b170aba10dc5,234460242,2020-09-23T15:31:27.878Z,2020-09-23T15:31:27.878Z,10,對~,0,F
2aad0502-cb1e-4371-809d-0669cb76fbcd,234460242,2020-09-23T15:31:57.038Z,2020-09-23T15:31:57.038Z,11,好喔好喔☺️,0,M
ab64ee70-952f-4218-ae44-444c08b4095c,234460242,2020-09-24T05:32:13.587Z,2020-09-24T05:32:13.587Z,12,阿二,0,F
ad32b103-8462-41db-9c82-3524156b283a,234460242,2020-09-24T15:13:41.368Z,2020-09-24T23:28:33.048Z,13,"其實在googlemap滑一滑就可以知道評論了。
簡單列幾個：
辣味：阿二
日式料理(非連鎖)：尋偵手作(很精緻)、曦月手作
宵夜：永豆
火鍋：兩披索的番茄鍋（最棒的連鎖鍋賣局倒了ＱＱ）
麵：歡喜麵疙瘩、阿財鍋貼旁邊的米粉湯、彈芽麵(矯正時不要吃，很彈)
義大利麵：義ㄇㄞㄇㄞ
餛飩：蕭記
水餃：水餃媽媽
便當：貪greedy、Ｑ媽(還是有骨頭的去骨)
羊肉：肥佬弟
有無限飲料的便當：大銅板
雞排(飯)：小玉
燒臘：鏞記
素食：上味相(趕時間勿進)
吐司：金臺客牛排(麵請換蛋謝謝)
牛排：大嘴巴
咖哩飯：獅子舞、呷乎飽咖哩
蛋餅：布格漢堡(漢堡也不錯)
漢堡：burger O'clock
中式餅類：老眷村、老潘
紅豆餅：粉味
生煎包：師大
豆花：豆花林(有貓)、水龜伯(有特殊風味)、快樂豆花(可選綠豆湯底)
包子：御珍家",22,M
45c275d2-f62b-4aa7-835d-62c80dceef1f,234460242,2020-09-28T05:18:53.031Z,2020-09-28T05:18:53.031Z,14,"20分鐘的話其實芝山明德也在範圍內
芝山捷運站兩側很多餐廳
大部分評價都還不錯",1,M
8dfd19d7-d4c0-4206-9a86-355909f4bfa3,234460242,2020-10-01T01:58:32.118Z,2020-10-01T01:58:32.118Z,15,天母芝山東西好吃的很多 石牌就那樣,0,M
0f5152ac-5b5f-46b8-990f-24adb5c89bbf,234460242,2020-10-16T16:13:48.938Z,2020-10-16T16:13:48.938Z,16,到底不懂阿二到底哪裡好吃…,0,M
bc765e4c-aad5-47b2-a670-71b8f12d9ccb,234460242,2020-10-17T01:47:45.363Z,2020-10-17T01:47:45.363Z,17,"B16 聽說舊阿二比較好吃 
雖然我是都沒吃過啦",0,M
d9336853-4c54-44a4-b45e-903e481795c0,234460242,2020-10-17T13:04:00.560Z,2020-10-17T13:04:00.560Z,18,"B17
舊的給他好幾次機會，真的不喜歡…
麻辣肉燥飯還可，太辣會太油
至於鍋類，湯頭味道也很「假」
料也很普通…
不懂為什麼很多人喜歡🤷‍♂️",0,M
d461f22c-4620-4b06-a428-d42b227f6c9e,234460242,2020-10-17T14:05:02.096Z,2020-10-17T14:05:02.096Z,19,"阿二是因為附近只有那間有辣吧XDD
聽說早餐街那條新開的辣味不錯吃",0,M
668ea5a3-7e68-48d3-bd27-fd92bfeda473,234460242,2020-10-17T14:51:34.735Z,2020-10-17T14:51:34.735Z,20,B19 叫什麼啊 好想吃辣的QQ,0,M
78b92a10-3a66-41f2-8140-2718bbd7212a,234440079,2020-09-17T10:11:02.717Z,2020-09-17T10:11:02.717Z,1,"全部都規定要台灣的藝人、網紅
完全無法作答XD",1,F
801d6ac1-f40d-4829-8aac-378a71931d19,234440079,2020-09-23T15:19:44.501Z,2020-09-23T15:19:44.501Z,2,B1 我也覺得有點難(´；ω；｀)但獎品還不錯啦！,0,F
af04ac88-f741-405d-97aa-915798e188d2,234440079,2020-09-24T05:37:01.715Z,2020-09-24T05:37:01.715Z,3,都沒有在follow美妝型youtuber,0,F
951d8425-0591-4080-a382-476b69f17d20,234412022,2020-09-13T15:15:09.617Z,2020-09-13T16:58:23.167Z,1,,,
d8640b43-283f-4379-ae11-afdadec832f9,234412022,2020-09-13T16:47:39.219Z,2020-09-13T16:47:39.219Z,2,新細明體到底想怎樣,1,M
b9f7892a-4a69-4ba7-982e-25beef07b1d6,234412022,2020-09-16T03:21:34.305Z,2020-09-16T03:21:34.305Z,3,陽明的有英文捏~ 我們是國際一流大學的啦~~,1,M
af8883a5-4305-4a28-8d55-f0261333750b,234411737,2020-09-14T01:36:46.562Z,2020-09-14T01:36:46.562Z,1,"會啊
被抓到就下學年掰餔
換我搬進去住嘻嘻",1,M
201133a6-c156-48f3-bcd6-36d22e3ca108,234411737,2020-09-18T16:00:03.953Z,2020-09-18T16:00:03.953Z,2,你是說哪種門禁？,0,M
2fbd0a49-9823-46dc-b6ee-3cc342af18be,234407485,2020-09-13T04:11:55.074Z,2020-09-13T04:11:55.074Z,1,不會 外面蟲超多,0,F
82283637-956a-48a5-9d8a-d5c785393134,234407485,2020-09-13T11:37:16.627Z,2020-09-13T11:37:16.627Z,2,會，任何房間都要開窗通風阿，不然你住地下室密閉空間就好啦,0,F
b3b35065-0a2c-40fd-a386-f4586fec2d75,234407485,2020-09-13T12:26:45.793Z,2020-09-13T12:26:45.793Z,3,B2 可是平常下午的時候不是會定期抽風嗎,0,F
f4cb5e50-4d1e-4816-9bb5-4e68172200d4,234407485,2020-09-13T12:27:59.190Z,2020-09-13T12:27:59.190Z,4,B3 不是每棟宿舍都會抽風喔,0,F
0d253405-9810-4165-bd94-139cfc11e66d,234407485,2020-09-13T12:29:47.098Z,2020-09-13T12:29:47.098Z,5,B4 原來是這樣ㄛ謝謝妳～～～,0,F
b18d0779-91b6-4d06-b0ac-3101f967be80,234407485,2020-09-13T15:50:21.497Z,2020-09-13T15:50:21.497Z,6,B2 可是外面蟲超多...,0,M
ac7d6f1a-a93d-4a2a-8a57-638c13b455fc,234407485,2020-09-14T02:48:09.540Z,2020-09-14T02:48:09.540Z,7,不是有紗窗嗎,0,F
bc228dda-d7d9-4282-aa51-9775c5ecf281,234407485,2020-09-14T04:14:57.825Z,2020-09-14T04:14:57.825Z,8,B7 有些蟲小小的可以通過紗窗,0,M
76addbb5-9150-4750-b156-2aa5aaf806aa,234407485,2020-09-15T12:33:42.789Z,2020-09-15T12:33:42.789Z,9,"更新 幹我再也不會開窗了
房間直接多一隻壁虎跟我當室友 
現在不知道該怎麼辦",1,M
3e494765-79af-4ce4-bf48-67cb0ad4b82f,234374559,2020-09-08T04:33:32.277Z,2020-09-08T04:33:32.277Z,1,"中間空堂不知道去哪裡 
可以去圖書館吹冷氣 
其他都還好 這樣算很近吧",2,M
80b0a6a8-0ee8-443f-b786-1747e3dcf2fd,234374559,2020-09-08T15:27:30.729Z,2020-09-08T15:27:30.729Z,2,我跟你一樣😂,0,M
c977014f-ac86-4be7-b8ba-890b4378c765,234374559,2020-09-08T15:34:07.620Z,2020-09-08T15:34:07.620Z,3,B2 你什麼系,0,M
d4c0a04c-acf6-4524-b833-4c285f67f6c3,234374559,2020-09-08T22:53:05.838Z,2020-09-08T22:53:05.838Z,4,"四年通勤仔在此~
我的通勤時間是你的兩倍，完全ok的！
漸漸的你會發現就只有特定的課會需要到學校，通勤花的時間真的微乎其微，住家裡還很舒服，你懂的A_A",2,M
c6bd3c5c-dc41-4f8c-a262-459a7dcddb24,234374559,2020-09-08T23:20:51.499Z,2020-09-08T23:20:51.499Z,5,B4 學長是說有些課不點名不用去的意思嗎,0,M
edb88358-36ad-4840-8729-61aea873e357,234374559,2020-09-08T23:40:34.104Z,2020-09-08T23:40:34.104Z,6,B5 要不要去上課就看自己衡量啦，會去的人不管怎樣都會去，不去的人就算住宿了也不會去，住宿舍最大的好處還是能有室友這種穩定的同儕關係，在大學普遍獨來獨往的風氣下其實還是蠻可貴的。,0,M
424f16c6-1a69-4980-8e84-0358f0c3f2f7,234374559,2020-09-09T06:08:04.944Z,2020-09-09T06:08:04.944Z,7,B5 非醫牙雜系😰🤣🤣,0,M
9dc875e1-9add-49b5-80b3-548bf295c148,234374559,2020-09-09T10:56:54.403Z,2020-09-09T10:56:54.403Z,8,"住不住看自己的選擇吧
但真心覺得住家裡比較好",1,F
2e2b8353-cafe-4ec2-8ae2-910ca96a77e9,234374559,2020-09-10T21:34:38.494Z,2020-09-10T21:34:38.494Z,9,"除非自己很有趣或會社交
不然大一沒住宿有點容易變成邊緣人

因為大一新鮮人會在宿舍有比較多活動
（打牌吃宵夜小聚之類的
但此時的你卻要回家

大一還是可以住一下 雖然宿舍很爛哈哈
體驗一下住宿生活還是不錯ㄉ",0,F
5cf732da-ddae-43ef-873b-575ccccb2c0c,234374559,2020-09-24T05:34:08.601Z,2020-09-24T05:34:08.601Z,10,"我是研究所畢業的也是住在離學校公車10分鐘的地方
兩年來都是通車，省房租也省吃飯錢
做實驗晚回家都還有公車可以搭，只是偶而要自己走下山",0,F
b1282034-7949-40f7-88d5-a0efbe68bb63,234351395,2020-09-12T17:33:38.957Z,2020-09-12T17:33:38.957Z,1,每天都可以,0,M
f700f37c-34d3-4ef8-87b1-00a3d3a7ec73,234331804,2020-09-01T02:37:39.381Z,2020-09-01T02:37:39.381Z,1,是醫學系吧(￣∇￣),3,F
350249cf-b23f-45b7-aac6-c81a4dc13501,234331804,2020-09-01T06:47:19.306Z,2020-09-01T06:47:19.306Z,2,109150XXX是牙醫,3,M
004b71f6-61e4-440f-a883-07bd4b69a336,234331804,2020-09-01T07:22:38.284Z,2020-09-01T07:22:38.284Z,3,新生同問下 請問109262XXX會是哪一個系呢？,4,M
a77f9f2e-aab7-4b71-971c-3f27b21a5381,234331804,2020-09-01T10:43:32.677Z,2020-09-01T10:43:32.677Z,4,咦 學號變9碼唷？,0,F
175cb0c0-6594-4e5b-9ec3-5c375c5c9831,234331804,2020-09-01T12:21:46.524Z,2020-09-01T12:23:10.842Z,5,B3 我是109260XXX 所以109262XXX可能我們學院的系⋯⋯？,0,F
c05df9e3-1fa2-46df-a314-1c50f35a35ec,234331804,2020-09-01T12:35:37.663Z,2020-09-01T12:35:37.663Z,6,109261XXX是醫工噢,0,M
0043c638-b8a8-4e70-ab35-684bedbdba5f,234331804,2020-09-01T13:21:15.660Z,2020-09-01T13:21:15.660Z,7,我是109101XXX啦，參考看看。,1,M
860351d5-da7f-4637-94f5-b254516ea06a,234331804,2020-09-01T18:30:14.179Z,2020-09-01T18:30:14.179Z,8,"藥學 好像是109231xxx 
想問109263 是什麼系~",0,M
e8b29be2-5352-4dce-837f-1ea62d911ad1,234331804,2020-09-02T02:00:58.043Z,2020-09-02T02:00:58.043Z,9,那有人知道109201xxx 是什麼系嗎？我以為是牙醫但不是 :(,0,F
ad22ff2e-b9b5-4cf8-b82e-2ce9dbd6320d,234331804,2020-09-02T03:17:26.108Z,2020-09-02T03:17:26.108Z,10,B9 109201xxx 好像是護理系,1,F
05288beb-e77d-4a0d-bc02-74f249c8bb83,234331804,2020-09-02T09:28:09.661Z,2020-09-02T09:28:09.661Z,11,109262***是物輔系,1,F
80fc0958-a252-47a8-85f9-940ac028d5dd,234331804,2020-09-04T14:01:23.070Z,2020-09-04T14:01:23.070Z,12,B8 那109263xxx應該就是生物醫學影像暨放射科學系囉？！,0,F
d96e046f-ac5c-4cb0-a472-f186ce6a0e6e,234331804,2020-09-04T14:14:48.447Z,2020-09-04T14:14:48.447Z,13,"B12 有可能欸!
生科系是不是也有可能啊?!",0,M
da46acd1-9241-4544-bb85-8fbd08398a28,234331804,2020-09-04T14:15:37.349Z,2020-09-04T14:15:37.349Z,14,B13 生科是304哦,0,F
ba1eabb2-8b96-4d45-ae93-8b6f6a9a077f,234331804,2020-09-04T14:16:24.580Z,2020-09-04T14:16:24.580Z,15,B14 喔那應該就是了! 謝謝妳喔~,1,M
705c3395-7109-4666-9363-d82f08bfc9e2,234292637,2020-08-25T15:11:40.366Z,2020-08-25T15:11:40.366Z,1,等你發起啊學妹,3,M
9fe61ad9-bd0d-4665-a751-6feda01161c8,234292637,2020-08-26T07:29:16.252Z,2020-08-29T09:01:44.677Z,2,"時不時會有人發
頻率不高就是了",0,F
94eb95db-c86a-496b-a1f5-ca09c3d87bcb,234286846,2020-08-24T14:15:45.095Z,2020-08-24T14:15:45.095Z,1,"感覺只要是蓋在山上的學校就可以被傳是在亂葬崗
（至於陽明是不是我不知道就是了）",0,M
d272c7e0-d5e0-4bea-b47e-53ff0d3ac1c6,234286846,2020-08-24T14:45:01.809Z,2020-08-24T14:45:01.809Z,2,榮陽隧道,0,M
af133056-2bcf-497d-94ff-fd44d01be596,234286846,2020-08-24T16:47:10.671Z,2020-08-24T16:47:10.671Z,3,"我記得陽明滿乾淨的？
唯一聽過就是榮陽隧道和旁邊的涼亭而已

PS 陽明不是亂葬崗啦，它只是一般的小山",2,F
c6c3d6ed-7bea-491d-bc93-8db29b6f146d,234286846,2020-08-25T00:35:58.309Z,2020-08-25T00:36:42.207Z,4,"陽明算是很陽的地方哦！
(太陽、陽明、少陽)
我自己也是敏感體質
不過有幾個地方可以留意一下
1.樓上們說的榮陽隧道跟旁邊的涼亭：夜晚走隧道真的小不舒服，旁邊涼亭沒靠近過
2.前往軍艦岩路上的右邊的小路過去似乎是墓地(不是威靈頓山莊的方向哦...xD)，從來沒走過去過，沒辦法實證xD
3.男三往游泳池方向再下去一點(位置偏男女五舍左邊)之前是納骨塔(非校區)，不過個人覺得還好
https://www.dcard.tw/f/ym/p/238208
4.階梯步道(一教旁樓梯)通往山頂操場的左手邊好像有某任校長的衣冠塚，不過最近好像在整修(??，個人也覺得還好

基本上宿舍生活跟教學範圍都很陽辣，會有尖叫聲那一定是某個營隊在夜教xD
btw在山頂有間廟，情侶不要去亂拜，除非想分手",14,M
d6f70ba6-71f7-4eec-bc53-a868c1189992,234286846,2020-08-26T13:06:14.615Z,2020-08-26T13:06:14.615Z,5,我們學校算超乾淨的了，放心吧,0,M
f1f8be49-bcca-410f-b9e0-c731ba9180b0,234286846,2020-08-29T09:03:05.345Z,2020-08-29T09:03:05.345Z,6,"大學+碩博在校快七年沒遇過
頂多要深夜凌晨比較偏的地方才有一點
放心吧",1,F
fe3019d2-5b95-4e95-abb4-3bd2763e9711,234286846,2020-08-31T10:39:09.971Z,2020-08-31T10:39:09.971Z,7,半夜還是不要一個人亂晃得好，可能會有危險的陌生人,1,M
614f26e6-49a8-4966-8a02-d638bf5e314b,234286846,2020-08-31T11:09:13.520Z,2020-08-31T11:09:13.520Z,8,比起阿飄，妳比較需要擔心蟲和蛇,7,F
4cfee8e9-cce1-4fa5-bfc4-820613c45276,234286846,2020-08-31T16:46:53.898Z,2020-08-31T16:46:53.898Z,9,B8 不好意思 問個 有聽說哪裡出現過蛇嗎？超怕😱😱,0,F
cb23a01b-4419-4219-97ca-56d0d5a8b49b,234286846,2020-08-31T17:07:24.237Z,2020-08-31T17:08:33.379Z,10,"B9 
我主要都在行政大樓旁邊那條林子路裡看到的
（那裡蜥蜴也滿多的）
女一女二中庭那附近有看過一兩次
晚上走路注意點就行了，出現頻率不會很高啦，別太擔心😂😂😂

有時候有人看到蛇會在陽明貿易港po文警告，可以留意一下",0,F
fb4cdea3-e214-43a5-80c8-56c759d53333,234286846,2020-08-31T17:43:27.925Z,2020-08-31T17:43:27.925Z,11,謝謝B10詳細的資訊🙇‍♀️ 我是剛剛的B9 希望不會有機會遇到😭😭,0,F
4c96691b-6103-434c-b78a-73ee457a2120,234286846,2020-08-31T22:24:03.922Z,2020-08-31T22:24:03.922Z,12,蛇的話  男三天橋上面的石階偶爾也會出沒,0,M
3e0be08c-1587-4c70-bcd8-8908ccc97bcc,234286846,2020-09-06T13:58:15.885Z,2020-09-15T08:48:12.484Z,13,,,
381cb6a2-a792-4fb4-932b-34eb950ef4a4,234286846,2020-09-14T16:11:30.025Z,2020-09-14T16:11:30.025Z,14,有人自殺過喔,0,M
1e09c5c0-d42e-48bc-a663-6c612864ffa8,234286846,2020-09-14T16:15:09.979Z,2020-09-14T16:15:09.979Z,15,"B14 
那是在傳甲那邊唄",0,F
c64a7d3f-ca6f-4d1c-9880-9bb968feac91,234286846,2020-09-15T00:15:50.597Z,2020-09-15T00:15:50.597Z,16,B9 女三後面垃圾場，以前在男二垃圾場看過，男二也跑進去過一隻,0,M
23393e64-cd75-4f31-8385-40677e1c920c,234286846,2020-09-16T13:27:08.782Z,2020-09-16T13:27:25.823Z,17,謝謝 B16 我會直接閃遠點 盡量不去那附近 by B9😭😭,0,F
6f60fe61-665e-4cad-b7fb-2fcac79c8eb5,234262234,2020-08-21T06:08:51.912Z,2020-08-21T06:08:51.912Z,1,沒有,0,F
c04777fc-33f9-4bbf-8c24-074534ceecc3,234262234,2020-08-21T14:27:07.187Z,2020-08-21T14:27:07.187Z,2,沒有,0,F
f2a2ede0-6a9e-4495-829f-9065f6002cd7,234262234,2020-08-30T15:26:17.528Z,2020-08-30T15:26:17.528Z,3,我也開始想念我以前的選課沒地雷了…,0,M
deb7d2bb-ea72-4614-afb8-968f63e0a89e,234262234,2020-09-15T13:33:20.860Z,2020-09-15T13:33:20.860Z,4,"研究所的課覺得有興趣就去上，當然還是要在能夠兼顧論文進度跟(如果有)實驗室的進度的前提之下去選
也可以選一些跟論文研究方法有關的課",0,F
c14bc4af-2619-4d2c-b06c-52daeac12008,234257207,2020-08-19T13:43:44.991Z,2020-08-19T15:46:52.541Z,1,"我不是學姐
每一個樓層有曬衣間
裡面有洗衣機 烘衣機 脫水機
頂樓有曬衣場
曬衣場沒屋頂 下雨衣服會泡湯",5,M
2760b709-3508-4483-acd3-e9f23553885e,234257207,2020-08-19T14:12:18.269Z,2020-08-19T14:12:18.269Z,2,"建議烘衣機錢給他了 
曬公共的衣服還有可能被幹走",1,M
488ce500-eeb8-4688-9af6-79ed121a7997,234257207,2020-08-19T22:55:57.943Z,2020-08-19T22:55:57.943Z,3,"沒住過女三，但用烘衣機
然後和室友協調看能不能曬房間
之前曬曬衣場不知道被偷多少件，而且還有過衣服被別人甩倒地上......",3,F
5ab97def-6d9a-4585-b448-473047605f6a,234257207,2020-08-20T02:22:15.298Z,2020-08-20T02:22:15.298Z,4,"烘衣機會讓你衣服變短
洗衣機會讓你的白色衣服生鏽",3,M
48b7cdd4-fe1d-4b14-be4d-9ea624131906,234257207,2020-08-22T12:45:38.606Z,2020-08-22T12:45:38.606Z,5,"續樓上
曬衣間會讓你衣服變不見
宿舍小精靈平均一年穿兩件新衣",1,M
f65c647f-a68b-400a-b6f9-aa35fbda6bd6,234195558,2020-08-09T10:56:31.237Z,2020-08-09T10:56:31.237Z,1,"有機化學不是必修 給有修的回答
生化分為四次實驗
蛋白質分離
DNA萃取 PCR RFLP
線上有講義 影片可以先預習 熟悉實驗步驟
偶爾會有課前小考
沒有預報 但都要交結報
簡單的數據分析&回答講義的問題
Loading不重 穩穩操作好就ok",2,M
32f9277f-e21b-48e9-90da-2c46f3b55e04,234195558,2020-08-13T18:07:36.221Z,2020-08-13T18:07:53.496Z,2,,,
d9d71da1-ed39-4d43-bcff-bfaf94bdd60e,234195558,2020-08-13T18:07:46.595Z,2020-08-13T18:07:58.858Z,3,,,
07412fec-ba71-44f2-9014-2f7771d28809,234195558,2020-08-22T13:10:10.495Z,2020-08-22T13:10:10.495Z,4,"ಠ_ಠ對實驗沒興趣的不要浪費生命
（像我就是被騙去的
從此不再選選修實驗",0,M
6c36c16f-422a-4455-8abf-9d522a09648e,234170347,2020-08-04T16:29:24.171Z,2020-08-05T13:53:20.231Z,1,有，計劃開學後跑熱音的我(⁎⁍̴̛ᴗ⁍̴̛⁎),3,M
8fc32a87-0e6c-40e9-91ee-4c05c85e2557,234170347,2020-08-09T20:45:11.259Z,2020-08-09T20:45:11.259Z,2,來熱舞來熱舞🧡,2,F
bc6ef826-8ce5-45cd-ab5a-a5edf2f3051b,234170347,2020-08-19T14:17:18.457Z,2020-08-19T14:17:18.457Z,3,不過開始做實驗後就很難,1,M
b05599f4-96a2-42ea-af1a-e7e253f33940,234170347,2020-09-02T10:19:37.120Z,2020-09-02T10:19:37.120Z,4,B2 有沒有招生文宣@@,0,F
5c9de34e-d8e2-4cc5-a6d7-9391faab7c3b,234170347,2020-10-14T17:26:32.196Z,2020-10-14T17:26:32.196Z,5,怎麼認識熱舞妹子？,0,M
e6f91f32-8e90-4528-8c09-8f5d87f4bd77,234170347,2020-10-16T16:14:55.314Z,2020-10-16T16:14:55.314Z,6,陽明有什麼社團嗎？,0,M
608e09ae-5b4f-45c9-ac5a-bb02638637d1,234132113,2020-07-28T14:45:27.088Z,2020-07-28T14:45:27.088Z,1,軍訓就是涼課 女生可以拿來賺學分而已 男生可以拿來抵兵役 看你缺不缺學分,0,M
aaf6b540-a507-4f56-89cd-4d4d12deaae4,234132113,2020-07-28T16:12:33.585Z,2020-07-28T16:12:33.585Z,2,生科系去年和前年（至少我知道的啦）都會幫新生準備各種學長姐留下的通識評價,0,F
db8e3b81-e9aa-4c27-b516-e3099e24e6ce,234132113,2020-07-28T17:19:37.772Z,2020-07-28T17:19:37.772Z,3,物輔系新生 也想知道通識評價🥺 找好久都沒有,2,F
04e2ce62-cf1e-45aa-9da9-e082f81d961c,234132113,2020-07-29T00:34:22.022Z,2020-07-29T00:34:22.022Z,4,"你想要不等於你選得到XD
日文不錯，想學的推
邏輯我聽完第一堂就退選了，給你參考XD",1,F
8e2f41c8-04b4-4cf4-b1da-b22a45714009,234132113,2020-07-29T02:59:15.426Z,2020-07-29T02:59:15.426Z,5,"推日文，老師人很好～但如果是日文一的話應該比較難選
通識如果你對音樂有興趣的話大推林伶美老師的課，loading偏重但可以學到很多東西（博雅比較輕）
核心通識的部分推郭文瑞和張立鴻的課，另外經濟學有點硬但有興趣可以去修也是好課
但基本上通識都是憑運氣在修啦好課涼課沒那麼容易抽XD",0,F
b067c635-3070-47f1-88cb-0e7697b1d224,234132113,2020-07-31T16:05:03.818Z,2020-07-31T16:05:03.818Z,6,B3 有事學長罩😉,0,M
e0f4c00e-cbbd-4519-bac9-e037c675bf88,234132113,2020-08-02T17:49:02.952Z,2020-08-02T17:49:02.952Z,7,在這學店 抽到才是真的...,0,M
9824dd9c-e3bb-4381-9bed-1c93f2b528d4,234132113,2020-08-08T06:57:46.685Z,2020-08-08T06:57:46.685Z,8,"推日文（老師上課速度不快而且會兩兩練習）
邏輯學的話蠻涼也蠻甜的，有報告和期中期末～",1,F
9db20d22-34d6-4c5a-b873-8dbc1deca7fd,234132113,2020-08-13T13:59:35.933Z,2020-08-13T13:59:35.933Z,9,B8 學姐請問邏輯學是鄭老師的課嗎😶,0,M
0e9a0c9a-f403-4cde-a383-33e23d40f58a,234132113,2020-08-14T00:55:59.728Z,2020-08-14T00:55:59.728Z,10,B9 是王老師的課～,0,F
e238ed0a-2fbe-4c5e-88d1-acbc4a19a366,234132113,2020-08-14T01:23:13.675Z,2020-08-14T05:59:09.984Z,11,,,
fb1ffc52-00ef-40d8-bc9a-9fa8e13b23f6,234132113,2020-08-14T05:59:15.468Z,2020-08-14T05:59:15.468Z,12,B10 謝謝,0,M
5d8d02d9-51b7-4584-99c0-5604715ae608,234091171,2020-07-21T16:29:15.126Z,2020-07-23T13:12:46.239Z,1,"https://i.imgur.com/trxuuy5.jpg
學校網站的新生頁面那邊有連結，裡面應該都有寫各種獎助學金的申請方式和時間

新進碩一新生路過",0,M
9e45589a-9e2d-4a74-8934-defb0f71d1a2,234091171,2020-07-21T19:53:04.259Z,2020-07-21T19:53:04.259Z,2,"那現在研究所學生還會有摳摳嗎
會不會什麼都要自己出",0,M
d419ffb5-8bd5-4588-b3ac-ffda5ae7b75a,234091171,2020-07-22T08:14:13.384Z,2020-07-22T08:14:13.384Z,3,"B2 應該要看所，而且每個所會發的金額也都不一樣，不太清楚你所指的自己出是指哪部分，不過實驗上的東西通常都是用老師計畫的錢，但有一些實驗室會請學生從薪水中繳納一些""器材費"" ，但這不是常態",0,M
ccb327f8-f0c9-48b0-ba7d-75e05196af99,234091171,2020-07-23T03:00:08.768Z,2020-07-23T03:00:59.208Z,4,"B3 因為我也是新進碩一生 
怕萬一教授沒給薪水的話 
實驗的耗材那些如果也都要自己出
開銷會超過負擔",0,M
00f50bb2-878e-403e-8d00-835f478edaa7,234091171,2020-07-23T08:02:31.681Z,2020-07-23T08:02:31.681Z,5,"B4  實驗耗材不可能自己出啦，有些kit一下好幾萬怎麼可能讓學生出，完全沒聽過這種事(除非你是醫師在職進修碩博自帶計畫來的才有可能)
但是生活費啥的就要靠自己了
看你跟到的老師有沒有科技部計畫之類的有名額可以讓小碩一拿兼任助理薪資，不然就只能自立自強了",0,F
a64a1eae-17e7-4e5e-b954-f2e168a83b47,234091171,2020-07-25T08:06:09.722Z,2020-07-25T08:06:09.722Z,6,"B5 
喔喔感謝 那因為我之前大學在其他醫學大學的實驗室時 每一間實驗室都會提供薪資給研究生 因為不清楚這邊的情況 想問一下在陽明有薪資是常態嗎？還是沒薪資其實才是常態呢？
另外如果想賺點生活費會推薦去申請工讀還是家教呢 我之前大學有在做家教 只是現在怕忙不過來 想加減賺一些補貼一些就好 會推薦哪個比較好呢

抱歉 剛進來問題很多",0,M
e3ff2bf4-877f-48b9-a3df-3586861383c8,234091171,2020-08-07T15:44:22.862Z,2020-08-07T15:44:22.862Z,7,"陽明要看院
我們所的狀況是換到醫學院之後，碩一所上都沒有獎學金，基本上要靠老闆的計劃給錢。老闆窮或者是沒計劃……那請加油。
我碩一是完全沒錢拿的，直到這個月老師才開始聘學習性助理。
沒錢是常態，學校當初的說法是教育部已經列沒有經費給研究生了，之前會有是因為校規一直沒有改掉。去年我入學前就改了…………剛當初規劃不一樣，算盤完全打錯。",0,M
6619f98c-d319-4665-85ec-24818015c85d,234019359,2020-07-09T02:45:03.085Z,2020-07-09T02:45:03.085Z,1,"1.自己帶
2.不一定同一個系，通常二搭二
但可能出現四個都醫學系",3,M
1eb44de9-e367-4841-8f13-a1d4dcd8182d,234019359,2020-07-09T03:55:48.881Z,2020-07-09T03:55:48.881Z,2,B1 謝謝你!,0,M
51529025-e251-4c7f-a9e7-394fdbbfc97a,234019359,2020-07-09T13:08:33.513Z,2020-07-09T13:08:33.513Z,3,"如果你有認識的人也住陽明
想跟他一起住
可以互填學號哦",2,M
c4768a88-887b-41e8-9c22-25324e59cbf2,234019359,2020-07-09T13:14:19.158Z,2020-07-09T13:14:19.158Z,4,B3 好的好的! 啊對了 陽明會有直屬學長姐嗎?,0,M
9571b19b-3dff-46d0-997f-655e5015d733,234019359,2020-07-09T14:30:38.543Z,2020-07-09T14:30:38.543Z,5,"B4
你進來就知道了哈哈",1,M
55d4f99e-c30c-4d22-8420-09484c5616a9,234019359,2020-07-17T13:23:43.556Z,2020-07-17T13:23:43.556Z,6,,,
240327f4-4322-472b-9abd-8269c4121580,233823881,2020-06-06T17:23:38.659Z,2020-06-06T17:23:38.659Z,1,,,
4c77184d-12f1-4d45-9bec-9c09b9644b3c,233810713,2020-06-04T15:31:41.848Z,2020-06-04T15:32:11.022Z,1,"去年真的看起來超級高級
今年校門口那個
我第一次看到時以為有人上吊😂",4,F
11c69eb1-85c5-4157-a52c-499161c900a0,233810713,2020-06-04T15:34:35.102Z,2020-06-04T15:34:35.102Z,2,B1 還有那些旗幟的配色 好像便宜的長輩傳單,0,M
f08be63a-08f0-42dc-bdfc-bee943f9555d,233810713,2020-06-05T09:51:49.963Z,2020-06-05T09:51:49.963Z,3,B1 哈哈哈哈!  笑死，能不能賞張圖給已經畢業的學姊聞個香?,0,F
9f6e8a9d-abd3-453f-ad4b-72d592cb2e15,233810713,2020-06-06T16:20:59.145Z,2020-06-06T16:20:59.145Z,4,"還在loading 的畢典，慘

by應屆畢業生",0,F
6773dfc8-50e9-44e4-a2f1-28179827bd41,233810713,2020-06-09T09:25:46.494Z,2020-06-09T09:25:46.494Z,5,"B3 
https://megapx-assets.dcard.tw/images/5f5c5e7a-504b-4807-a34c-f58689ee42a8/640.jpeg
照片在此哈哈哈",2,M
8e33e168-693a-4c36-b2b3-589804e2cf64,233810713,2020-06-12T05:46:34.402Z,2020-06-12T05:46:34.402Z,6,"B5  這個......  Orz
       還好我已經畢業了",0,F
bc7b0a17-4421-43cd-a1e0-09f525cea9fa,233810713,2020-07-04T06:01:26.185Z,2020-07-04T06:01:26.185Z,7,好可愛,0,M
221b1ac2-f644-4c9e-ae17-d3ab5d72d943,233802976,2020-06-03T15:09:20.725Z,2020-06-03T15:10:16.026Z,1,"住學校：相對便宜，離上課地方近，對無車族群友善，但會有蟲在窗上產卵，若三舍那種公共浴室有時會有神秘物出現，晚上鬼叫的人很多，早上偶有神秘宗教團體在讚美太陽
（（沒住過五舍但聽說不錯

住外面：較難找到便宜的，租金貴，好的租件比較少，上下山不方便，但可以自己住，使用空間大，晚上叫囂仔比較少，偶有引擎很吵的跑車出沒，中等機率有單人衛浴，很爽
（（偏好自己住外面，歷任室友都很雷",2,F
7bd94a38-5a7a-488f-9114-1caadd48c148,233802976,2020-06-03T15:42:02.195Z,2020-06-03T15:42:02.195Z,2,"B1 我是有車的 我很需要自己的私人空間 
可是外面好像很難找 有點不知道怎麼決定",0,M
511caaa7-c500-497a-b530-eb35e164e2cd,233802976,2020-06-03T17:06:30.160Z,2020-06-03T17:06:30.160Z,3,"B2 
外面真的很難找，我那時候也是在陽明貿易港看到剛好有空屋才找到的
不然我記得五舍也有單人房，不過挺搶手的",3,F
d6679dbf-1980-42a4-9ac0-c456caf55304,233802976,2020-06-03T17:15:13.624Z,2020-06-03T17:15:13.624Z,4,B3 可以問一下妳是住在哪邊嗎,0,M
64639fd6-e81b-4c18-a803-28b5e68af89f,233802976,2020-06-04T01:37:10.480Z,2020-06-04T01:37:10.480Z,5,"B4
我是租房的，在石牌商城附近",0,F
9e0ae46e-3456-445d-9207-e11c363de654,233802976,2020-06-04T07:13:25.909Z,2020-06-04T07:13:25.909Z,6,B5 可以問一下三舍神秘物是什麼嗎,0,M
2ad7d2c9-1be7-41a6-8da9-3a68a8110614,233802976,2020-06-04T07:32:20.795Z,2020-06-04T07:32:20.795Z,7,"B6 你知道的，不是每個人衛生習慣都那麼好
公共廁所或浴室總是會出現一點有味道的東西",0,F
3939f493-405a-4ae0-9fc3-0fde20d77c9c,233802976,2020-06-04T09:56:10.856Z,2020-06-04T09:56:10.856Z,8,B7 🤨😱😱 好吧 我知道怎麼選了...,0,M
5c2e94c0-b484-43eb-a8c2-7feedc595665,233802976,2020-06-04T10:08:16.496Z,2020-06-04T10:08:16.496Z,9,住外面 比較放鬆真的,0,M
e6201e2a-7ab2-40d5-91a0-ab29b0a6efc1,233802976,2020-06-04T10:13:09.876Z,2020-06-04T10:13:09.876Z,10,"住外面+1 
陽明情侶都喜歡晚上分手
生日也喜歡晚上慶祝
活動也喜歡晚上舉辦
神經病也都晚上發作
你懂的",3,F
e4072b05-42a0-4703-bfc6-7543cba61007,233802976,2020-06-04T10:16:14.251Z,2020-06-04T10:16:14.251Z,11,B10 真的內行人！而且遇到神經室友也很麻煩,0,M
5decbbe8-1e08-4f8e-b6ae-eb100fc908a3,233802976,2020-06-04T10:19:43.462Z,2020-06-04T10:19:43.462Z,12,"B11 
真的！！
還有不洗澡不洗衣服不丟垃圾的室友，真的壓力超大
住外面真的一身輕",1,F
7abdef85-223a-446a-8574-c10fb08af2b0,233802976,2020-06-08T13:36:31.166Z,2020-06-08T15:29:22.322Z,13,"B3真的QQ
我把學校賃居網、貿易港和其他石牌北投租屋的臉書社團都爬遍了，一開始以為是太晚或太早看房了，後來才慢慢發現在石牌找房也是很看運氣的，最後是剛好有認識的學弟他室友不續租，所以把房間介紹給我的😂",0,M
c6b6fe6a-0117-464e-9854-cd43bd65d012,233802976,2020-06-08T15:24:24.663Z,2020-06-08T15:24:24.663Z,14,"B13 
附近還要和榮總的工作人員和實習生搶還有國北護的學生搶，困難度超高
我是貿易港找的，超幸運QQ",0,F
d0603c44-81aa-4377-83f1-6fa518688a0d,233802976,2020-06-23T01:24:56.846Z,2020-06-23T01:24:56.846Z,15,價格捏一下就可以租外面了,0,M
f15675d3-e978-4822-b2dd-f1f2d5057829,233770764,2020-05-30T05:32:01.693Z,2020-05-30T05:32:01.693Z,1,本篇內文可以標註一下限大學生唷,0,M
e00a6d0a-89c0-48ee-a926-127a2491b195,233700621,2020-05-18T13:51:59.603Z,2020-05-18T13:51:59.603Z,1,"陽明貿易港
https://www.facebook.com/groups/305269456225570/?ref=share",0,F
82d33435-dd3b-4754-b24d-bfc13048c54c,233700621,2020-05-18T15:09:05.210Z,2020-05-18T15:09:05.210Z,2,你是被陽明排擠嗎現在還不知道XD,2,M
b237bae2-8cc8-4094-98df-63553d908ab0,233700621,2020-05-18T16:09:43.006Z,2020-05-18T16:09:43.006Z,3,"B1 感恩
B2 我是研究所新生啦
發現陽明版很不熱絡 爬文都找不到QQ",2,M
5d3a19d0-8d41-4c6c-9342-3128c6c4452f,233700621,2020-05-18T16:10:19.559Z,2020-05-18T16:10:19.559Z,4,哈哈很抱歉,0,M
a2c32b81-1ba3-4258-859b-ccebcd63bc8e,233700621,2020-05-19T01:42:18.702Z,2020-05-19T01:42:18.702Z,5,B4 👌 🥴,0,M
31b3705f-cb28-4fc6-9171-e278a0103128,233214337,2020-03-07T17:34:41.111Z,2020-03-07T17:35:11.595Z,1,"10120/4 就是一個月的價錢了
想住滿就算兩個月
（我好懶妳自己算",1,F
fa33779c-aaa9-4455-9fce-9d0c3d933e7f,233214337,2020-03-13T10:15:45.761Z,2020-03-13T10:15:45.761Z,2,住我房間不用錢，包吃包住,3,M
ea719928-d1a8-49e7-ad03-92e97a9f1eec,233214337,2020-03-30T11:20:28.608Z,2020-03-30T11:20:28.608Z,3,樓上限定性別嗎,0,M
577fe590-7b88-4127-84eb-833795efa988,233214337,2020-03-30T12:01:47.030Z,2020-03-30T12:01:47.030Z,4,嘿嘿....,0,M
4758a2e7-6e69-4e6e-a2d2-d66bdb414e5a,233214337,2020-04-18T01:47:05.862Z,2020-04-18T01:47:05.862Z,5,B2 好啊😘,0,M
af4e7a03-6543-4443-a753-b66330d3190b,233214337,2020-04-18T04:50:39.099Z,2020-04-18T04:50:39.099Z,6,你好歹把gg切掉,0,M
d604ce01-c525-4cc2-953a-9a1ef309f255,233214337,2020-05-29T18:24:17.487Z,2020-05-29T18:24:17.487Z,7,5040 印象中,0,F
488bd5af-81a4-49d3-88f3-7e2f5e6343ac,233128561,2020-02-25T13:55:33.509Z,2020-02-25T13:55:33.509Z,1,我也想知道,0,F
91db4771-eb47-4326-8318-fd3db1ccb1a8,233128561,2020-02-26T03:35:26.122Z,2020-02-26T03:35:26.122Z,2,卡,0,F
74f0e0a4-4087-452a-ac2e-2ff3a8b10f30,233128561,2020-02-26T08:19:19.732Z,2020-02-26T08:19:19.732Z,3,"每個學期一個年級都會有大概有3個卷，大概學期中會有一張獎狀，然後跟你要個戶頭匯1000塊這樣，不用申請因為學校直接看學期成績發獎狀的吧。
別的系我不知道是不是這樣，可以參考參考。",3,M
16afc816-b4b7-442d-ad81-4fbc33e007fb,233128561,2020-02-27T06:29:16.202Z,2020-02-27T06:29:16.202Z,4,不用申請，按照成績排名前2、3名給，上下學期都有，都是1000元,2,F
e82bc72c-e652-4784-8ed9-8337f8aecde2,233128561,2020-03-06T16:37:42.314Z,2020-03-06T16:37:42.314Z,5,,,
f5d4d89e-861c-42d4-9b44-d88979982ddb,233128561,2020-03-06T16:38:00.629Z,2020-03-06T16:38:00.629Z,6,,,
bb1a52c9-0ab8-4705-869a-7d6322bfd35c,233128561,2020-05-15T05:23:55.321Z,2020-05-15T05:23:55.321Z,7,請問這學期還有書卷獎嗎？,0,M
cb636dcc-f06f-4c54-8163-5c38e1b55a36,233128561,2020-05-15T05:25:10.237Z,2020-05-15T05:25:53.100Z,8,"B7 這學期的書卷在會下學期初或中發
應該是不會受到合校影響",1,F
924dc139-0998-4f7c-abba-dd08a943ab85,233128561,2020-05-15T05:25:46.526Z,2020-05-15T05:25:46.526Z,9,請問每個系都有書卷獎嗎？,0,F
a3ccf1f0-5448-4c30-be34-2d143866ad14,233128561,2020-05-15T05:26:08.923Z,2020-05-15T05:26:08.923Z,10,B9 是,1,F
8fc57006-4558-47b9-970a-7674747c8d49,233128561,2020-05-15T05:27:24.363Z,2020-05-15T05:27:24.363Z,11,"不對 我說錯了 是上學期的 
上學期還沒發呀 是嗎😂",0,M
91cba0b1-593f-4ae7-ad61-3b2df830ba36,233128561,2020-05-15T05:29:15.604Z,2020-05-15T05:29:37.324Z,12,B11 小伙伴系的我是拿到了啦，如果是醫或牙的我就不清楚了，抱歉啊,0,F
6a87cd15-0636-4030-bf44-820c19f3b779,233128561,2020-05-15T05:32:13.348Z,2020-05-15T05:32:13.348Z,13,B12 什麼 ！ 我也是小伙伴系呀😭😭 他是會自動匯到戶頭嗎還是會先問你戶頭～？,0,M
a96c4cd4-4627-4684-936a-cec6fe998777,233128561,2020-05-15T05:34:19.083Z,2020-05-15T05:34:19.083Z,14,"B13 我們系是系辦會通知有得獎，然後去系辦填郵局帳戶、簽名
然後直接匯進郵局戶頭
不過填資料和實際匯進戶頭中間會間隔一段時間",0,F
d4620b22-1ecd-4f21-858f-04895c3096cb,233125031,2020-02-23T12:46:59.653Z,2020-02-23T12:46:59.653Z,1,想知道+1,0,M
836c617d-e1af-4195-bb2f-ff6fcd38b034,233125031,2020-05-30T10:01:44.715Z,2020-05-30T10:01:44.715Z,2,原po有得到答案嗎 我也很好奇,0,M
5535498c-9ebc-456b-8d54-1fe09fb7e373,233125031,2020-06-21T08:02:01.541Z,2020-06-21T08:02:01.541Z,3,"學校的重訓室對於愛用自由重量的人來說很夠用，但是必須有一定的基礎才有辦法練
如果想要練固定軌道的器材的話可以去北投運動中心或是之後要開幕的健工石牌廠",0,M
7a4d0aac-b2b8-4d2b-a3e9-cd8508dc4d49,233125031,2020-06-21T15:15:52.794Z,2020-06-21T15:15:52.794Z,4,B3 健工好貴QQ,0,M
62e0d771-e2a5-4db5-9ad2-86d28c84bce9,233125031,2020-06-21T16:49:31.622Z,2020-06-21T16:49:31.622Z,5,B4 一個月788又在臺北市 已經算超便宜了😂😂如果不能接受的話還是北運跟學校重訓室吧哈哈 我也都練學校免錢的,2,M
918ec42b-24d9-4781-b1d7-e1ea8e901093,233125031,2020-06-21T16:51:49.019Z,2020-06-21T16:51:49.019Z,6,B5 我網路上查健工都要12xx耶 石牌788而已嗎？,0,M
49f7052f-5e71-47dc-88a6-5ef2a8b86d44,233125031,2020-06-21T17:03:48.500Z,2020-06-21T17:03:48.500Z,7,"是不是應該先去外面健身房學習怎麼健身 
才能在學校裡練啊 怕太菜在學校裡被異樣眼光看待😥",0,M
9659e2aa-08b4-4dce-b38c-ad50d79243b9,233066465,2020-02-15T04:24:58.127Z,2020-02-15T04:24:58.127Z,1,請大家踴躍分享及填答,1,M
fa8c1307-0a00-4201-ac00-f54548e80adf,233020793,2020-02-05T09:47:33.242Z,2020-02-05T09:47:33.242Z,1,同求QQ,0,F
9c3072ef-3e9f-4a9d-8dfc-eb2963ebfd25,233020793,2020-02-05T14:31:23.150Z,2020-02-05T14:31:23.150Z,2,想知道,0,M
5ee00cbf-b8bd-4b18-9fb4-efb68866a26c,233020793,2020-02-12T10:25:17.529Z,2020-02-12T10:25:17.529Z,3,很硬 如果沒有強烈興趣不建議修,0,F
1f23a485-1065-4967-a8b3-aa11c218de07,233020793,2020-03-02T04:43:32.175Z,2020-03-02T04:43:32.175Z,4,可以睡兩節,0,M
e9f5c735-2b54-4461-a85c-34a81fa0c999,233005842,2020-02-03T13:50:46.819Z,2020-02-03T13:50:46.819Z,1,是,1,F
cbc00dfc-1e56-4035-a27f-b49bca1ee1dd,233005842,2020-02-03T13:53:51.627Z,2020-02-03T13:53:51.627Z,2,,,
d3002836-8d90-4816-82c5-557662113d0e,233005842,2020-02-03T14:50:09.494Z,2020-02-03T14:50:09.494Z,3,"B1 那請問一定要在網路上申請成績單寄到家裡嗎
因為要70郵寄費有點貴@@",0,M
861d0c0d-8418-4bf1-b47b-0696a7f14869,233005842,2020-02-03T17:33:31.882Z,2020-02-04T04:28:29.635Z,4,,,
7a0cd635-daf6-4602-999e-f55dba8f2e2a,233005842,2020-02-04T02:29:29.441Z,2020-02-04T02:29:29.441Z,5,B3 我都是開學後去註冊組申請啦，每人的第一份免費,1,F
0f6dacfa-b512-440d-9409-dbc72bedfade,233005842,2020-02-08T15:11:08.726Z,2020-02-08T15:11:08.726Z,6,可以到行政大樓三樓大廳，有個機器可以列印,2,M
d94f0643-71df-4581-bb02-883b022fdaec,233005842,2020-06-21T08:03:13.319Z,2020-06-21T08:03:13.319Z,7,網站上選歷年成績查詢可以看到排名喔！,0,M
6d8d4b35-fa90-4fca-829d-d771e70d045b,232946942,2020-01-24T05:14:51.441Z,2020-01-24T05:14:51.441Z,1,就只是沒打上去而已,1,M
bd4f0eba-5119-48d5-8416-c76cf1c44e89,232946942,2020-01-24T08:02:41.630Z,2020-01-24T08:02:41.630Z,2,,,
05dfd7f6-5cd0-4983-abf3-b143d8008663,232946942,2020-01-24T09:42:18.226Z,2020-01-24T09:42:18.226Z,3,"陽明成績系統很不同步
習慣就好了w",1,F
ea1a8d07-2b3e-4d34-8e5d-668616e6cc77,232946942,2020-01-24T16:30:01.225Z,2020-01-24T16:30:01.225Z,4,過幾天就會出現了 (也許等行政人員上班,1,M
e8fe4ca2-50e3-4b2f-8e6e-7e53eea58335,232946942,2020-01-26T08:01:40.863Z,2020-01-28T16:04:08.778Z,5,"那個綠色的表示70-80分換成等第至是B-到B+之間
忘記說了箭頭就是你成績所在的區間喔",0,M
93615ada-56e7-479e-9903-5bfa061b80fa,232946942,2020-01-28T14:29:26.749Z,2020-01-28T14:29:26.749Z,6,"橘色：A+
棕色：A-~A
綠色：B-~B+
藍色：C-~C+
紫色：被當的顏色

然後課程名稱變成紅色純粹是很不同步，之後就會有成績出現了(但要等多久很不一定)",0,F
b2988cc6-d49f-41ad-a491-9536973eb044,232946942,2020-01-30T09:20:09.970Z,2020-01-30T09:20:09.970Z,7,"B5 
抱歉詢問一下可以有些課我不存在那個區間
箭頭卻顯示那邊這樣代表什麼意思呢",0,M
1baa0fb3-50d1-41aa-877b-486d69123f85,232734348,2019-12-21T17:11:30.560Z,2019-12-21T17:11:30.560Z,1,"人多也還是能看到
只不過看到的只是一根很小的發光試管刷...而且還被山擋住了一半的101",0,M
3087af5b-ae5e-4451-a84a-9531e4decbb6,232734348,2019-12-26T08:57:55.510Z,2019-12-26T08:57:55.510Z,2,"以前在學校時去過幾年山頂
基本上都會有不少人 
但是邊坡很寬還是有空缺
只是也看不到啥XD
只能跟大家倒數倒數",2,M
3093c531-d071-437e-bad2-c6207df15de5,232734348,2019-12-31T07:51:08.758Z,2019-12-31T07:51:08.758Z,3,"學校附近有什麼地方能跨年嗎？
求推薦",0,M
b1a336bf-287d-49d9-b236-dba3f6f02acc,232734348,2020-01-30T06:50:41.921Z,2020-01-30T06:50:41.921Z,4,,,
484fcdfe-5b5c-4880-8805-f17237138ef6,232651712,2019-12-09T09:45:44.310Z,2019-12-09T09:45:44.310Z,1,想裝就裝啊XDD,0,F
3f416882-5e23-404b-b339-4182d0d22080,232651712,2019-12-09T17:15:12.273Z,2019-12-09T17:15:12.273Z,2,把室友敲暈,0,F
8a797ecc-ad11-4af8-9cfc-3597ce1ed2c0,232651712,2019-12-12T21:55:44.562Z,2019-12-12T21:55:44.562Z,3,有,0,M
15a16e6e-1e2d-4cbb-a212-60ae67e97956,232651712,2019-12-15T12:58:19.524Z,2019-12-15T13:00:45.802Z,4,"https://i.imgur.com/i5T3nXa.jpg
我都直接這樣圍起來欸XD
就像川普與他的牆(?",6,M
3a6d2928-ffa7-4036-8b14-4ae1bf38b3e2,232651712,2019-12-16T16:02:29.847Z,2019-12-16T16:02:29.847Z,5,,,
1a3e681f-495b-41e4-9b4e-1887c3274aaf,232651712,2019-12-19T05:16:24.513Z,2019-12-19T05:16:24.513Z,6,"B5 我用了一年了，好像還沒遇過
再看看😅",0,M
41ac4f72-33af-4e54-acdb-55853434cdc1,232566559,2019-11-25T23:09:49.724Z,2019-11-25T23:09:49.724Z,1,,,
345aa572-d35c-4898-acac-d8ca09b8a6ec,232566559,2019-12-18T12:01:01.487Z,2019-12-18T12:01:01.487Z,2,運動傷害防護社～～,0,F
11bb8881-4042-4af4-9760-985e3d54ee99,232509783,2019-11-16T19:22:37.072Z,2019-11-16T19:22:37.072Z,1,你有問過我們的感受ㄇ,3,M
3fe6a9ea-72c9-4c59-86c4-66398b8244cb,232509783,2019-11-17T00:36:05.582Z,2019-11-17T00:36:05.582Z,2,B1限女？,1,F
0b4bfdbf-8e40-455a-a110-751443744faa,232509783,2019-11-17T04:33:43.641Z,2019-11-17T04:33:43.641Z,3,B2沒錯啦！！全線封殺了,1,M
1f320efe-c51c-4cbc-b868-5d018b4e1f22,232509783,2019-11-17T05:02:39.037Z,2019-11-17T05:02:39.037Z,4,B3 幫QQ,0,F
08def7ba-95da-45ac-a679-1bdfc2485aaa,232509783,2019-11-17T08:36:14.219Z,2019-11-17T08:36:14.219Z,5,性別已經贏在起跑點了,2,M
8c870351-590e-487c-8ff0-5126d508fae9,232509783,2019-11-17T15:49:17.643Z,2019-11-17T15:49:17.643Z,6,,,
43694b0a-1d0a-468e-9afc-7c039cf8cb55,232509783,2019-11-17T16:14:13.289Z,2019-11-17T16:14:13.289Z,7,你可以教他父母如何打麻將，讓藥學系發揚光大！,2,M
34e9ffeb-1a3e-4523-a261-d012c3e2dfb6,232509783,2019-11-22T14:57:40.158Z,2019-11-22T14:57:40.158Z,8,"不會啊，我不是醫牙藥，但有找到滿優的家教
可能要找多一點，然後條件寬一點的",0,F
f4f4c600-a3e8-4ddf-84f5-d682cf29c45c,232509783,2019-11-22T16:12:14.303Z,2019-11-22T16:12:52.035Z,9,"B8
時薪750以上的case
蠻多都會限科系",0,F
8c2c1ebc-31e0-46f8-853e-e9882374afa4,232509783,2020-03-16T05:09:27.216Z,2020-03-16T05:09:27.216Z,10,學妹找哪個區域？ B9,0,M
225f719d-6b7a-4125-bc3e-731bea22a167,232509783,2020-06-25T08:40:50.954Z,2020-06-25T08:40:50.954Z,11,B10 基本上捷運能到的都會接,0,F
72eb6287-8719-475d-874d-6d4d461509ee,232461672,2019-11-08T10:22:15.906Z,2019-11-08T10:22:15.906Z,1,可以上資通中心網站找喔，學校有軟體授權,0,M
6798ac76-c9a3-4780-ab56-7e5590c31995,232461672,2019-11-08T14:28:05.040Z,2019-11-08T14:28:05.040Z,2,或者直接帶隨身碟去資通中心灌也行 也有2019版的哦 讚讚,0,F
89ffb156-8a58-4d42-8e91-dfc78e1f448c,232461672,2019-11-26T12:29:39.009Z,2019-11-26T12:29:39.009Z,3,B2 資通中心在哪裡阿😅😂😭😭,0,F
40cbdd77-d956-49ae-886c-fa7404829cb3,232461672,2019-12-31T09:21:27.937Z,2019-12-31T09:21:27.937Z,4,畢業校友不知道可以用嗎～,0,M
74e8b296-5412-4645-a523-0fafea9b4c67,232461672,2020-01-06T11:33:18.771Z,2020-01-06T11:33:18.771Z,5,"B3 在圖資5樓ㄉ樣子（太久沒去有點忘了）
但我記得是坐電梯到4樓然後走樓梯上去",0,F
f2189489-648c-4e75-afb6-f96be67971c6,232461672,2020-01-06T11:33:53.942Z,2020-01-06T11:33:53.942Z,6,B4 應該是可以～他們好像不會問你ㄉ身分🤣,0,F
c948b4d0-21ce-44d4-82fa-ee8051f8e1ad,232461672,2020-01-06T11:35:35.013Z,2020-01-06T11:35:35.013Z,7,"B6 學妹可以請問流程嗎？ 😅
直接去資通中心灌嗎",0,M
f9e0ccab-a72d-4613-93e4-19e1188f2657,232461672,2020-01-06T11:37:53.011Z,2020-01-06T11:37:53.011Z,8,B7 恩恩 我記得我當初是走進去之後跟那邊的行政老師說我想要灌office2016然後就灌好了（沒有啦要等一下）而且那邊的老師很好還會說他們也有2019只是比較不好用（？,0,F
f46320fa-e50b-427b-9e67-4fd587fde23e,232461672,2020-01-06T11:48:27.464Z,2020-01-06T11:48:27.464Z,9,"B7 喔喔對 要記得帶隨身碟 因為是copy到隨身碟然後再自己灌到電腦ㄉ
也可以帶電腦去直接灌 但是原檔是在光碟裡 所以要用讀碟機（？）
如果電腦沒有usb槽例如MacBook pro就可能要自己帶轉接頭去或是co回來再自己灌這樣
大概醬子",0,F
792672c4-d85b-4852-affa-d75846705cb2,232461672,2020-01-06T11:55:30.336Z,2020-01-06T11:55:30.336Z,10,B9 謝謝學妹，不知道學長去有沒有相同待遇😅,0,M
1ba2b006-9b99-49d8-a6b0-834d30e02d89,232461672,2020-01-06T12:12:12.708Z,2020-01-06T12:12:12.708Z,11,B10 不客氣～應該是會啦🤣,0,F
9ab3207a-9bb5-4ad0-9df3-30f8a257e3f1,232461672,2020-01-06T12:16:13.484Z,2020-01-06T12:16:13.484Z,12,"B11 我想問 有好用編輯pdf可灌程式嗎 謝謝
Adobe reader?",0,M
36ba5b69-fae8-4545-a108-68c4cc097fad,232461672,2020-01-06T12:31:30.307Z,2020-01-06T12:31:30.307Z,13,B12 這個我就不曉得了耶🥴不過可以去問問看哦！,0,F
607c4da0-1575-4582-b86e-41f2977af5c8,232461672,2020-01-06T12:40:25.815Z,2020-01-06T12:40:25.815Z,14,"B13 他們會不會不想理我
（ㄟ...那個 我想來灌office...)",0,M
a58d63a4-5916-4754-a871-2fa8086d9b46,232461672,2020-01-06T15:38:08.429Z,2020-01-06T15:38:08.429Z,15,"B14 不會啦哈哈哈哈不過可以多說一點像是
‘老師不好意思我想要灌office，請問現在方便嗎？’
然後結束後說一聲謝謝或是麻煩了
醬子很有禮貌應該不至於被無視吧（？",0,F
bf58da9a-9e9a-4649-b412-897d2b25541f,232461672,2020-01-06T15:40:02.295Z,2020-01-06T15:40:02.295Z,16,"B15 很久沒回去找行政單位了
再找時間去吧～",1,M
403df68f-f6c5-448c-86dc-a3d07bd4cd1a,232348838,2019-10-22T11:36:15.198Z,2019-10-22T11:36:15.198Z,1,通識課？,0,M
7deaa558-01bd-4291-890d-1f8d284d3a33,232348838,2019-10-22T14:50:24.007Z,2019-10-22T14:50:24.007Z,2,"@SCORA
@國立陽明大學學生會
(？",0,M
c02271d1-607a-41c1-880c-908554ef80b1,232274242,2019-10-14T16:34:45.657Z,2019-10-14T16:34:45.657Z,1,"華杏中醫 在石牌站旁邊
醫生有點兇但很厲害!!",1,F
cd86e58d-305f-4de6-99d0-cbe9fc7e6c91,232274242,2019-11-03T09:29:40.536Z,2019-11-03T09:29:40.536Z,2,"石牌順建中醫
走進去一句話沒說，讓醫生幫你把脈，他就能猜出你這次來看病的原因，很厲害😂
(不過櫃檯的護士態度滿高傲的@@",1,M
b11f557a-46a4-419a-a9a3-b0aba47dc42e,232168674,2019-09-26T00:52:26.137Z,2019-09-26T00:52:26.137Z,1,"推何叔芳小兒科的何醫師，
不過晚上都很早就掛滿了Q",1,M
77fb68bf-cfaf-4b4b-8283-08fdffcbee0f,232168674,2019-09-26T03:16:59.530Z,2019-09-26T03:16:59.530Z,2,推欣安,2,F
87028a0d-6dd6-4177-aa8b-3ff1336bc5ec,232168674,2019-09-26T15:58:20.257Z,2019-09-26T15:58:20.257Z,3,榮總看下去,1,F
67278cfa-1d89-44aa-9cc0-ded60b91ce01,232168674,2019-09-26T16:03:36.987Z,2019-09-26T16:03:36.987Z,4,"大推欣安
不管問診或解釋藥品都很溫柔仔細",2,F
bf4ac04f-d246-4091-aff4-927c0c7ba5ed,232168674,2019-09-29T17:59:05.345Z,2019-09-29T17:59:05.345Z,5,,,
66f84a66-8e2f-45c0-853d-edd61ed88a3e,232168674,2019-10-08T05:51:23.430Z,2019-10-08T05:51:23.430Z,6,其實陽明固定時段有排榮總家醫科醫生喔,0,M
3c512492-4beb-4ed8-9cc3-5e18f4101114,232168674,2019-10-08T08:14:47.537Z,2019-10-08T08:14:47.537Z,7,石牌路上有好幾家,0,M
15bfef4f-aff9-4bd0-911a-6a0022b3a3b5,232168674,2019-10-09T15:06:26.399Z,2019-10-09T15:06:26.399Z,8,B6 請問是在衛保組嗎,0,M
b74b9f8f-58af-4ea8-9338-6f235319b702,232168674,2019-10-10T01:46:32.996Z,2019-10-10T01:46:32.996Z,9,好像是喔，網路上有寫^_^,0,M
a6d39571-0331-4801-8a10-337998c89b2b,232168674,2019-10-10T16:41:45.829Z,2019-10-10T16:41:45.829Z,10,大推欣安!!,0,F
f2856909-688e-4ff0-a3c6-87e357454b4c,232168674,2020-01-14T14:08:55.295Z,2020-01-14T14:08:55.295Z,11,推欣安,0,F
50fe1fee-d48c-439b-aab2-b23c56b09696,232156838,2019-09-24T05:49:35.457Z,2019-09-24T05:49:35.457Z,1,"如果你是生科/不分的話
可以租借傳甲一樓的置物櫃～
其他科系我不清楚😂",0,F
491003be-51d1-4d92-ac31-6e525dbfcdc6,232156838,2019-09-24T09:58:16.999Z,2019-09-24T09:58:16.999Z,2,"生科不分真好
藥學系在會辦放個東西也會被主任譙爆",0,F
b1fe437e-f9dd-474f-ace8-acf2726dfe5e,232156838,2019-09-28T09:08:57.853Z,2019-09-28T09:08:57.853Z,3,如果是醫放的話，系櫃研究大樓二樓，要去系辦申請然後繳租金,0,F
f66b726b-dd2f-450f-8d2c-d433346abf53,232131915,2019-09-20T12:49:25.297Z,2019-09-20T12:49:25.297Z,1,108學年學生餐廳營業時間https://i.imgur.com/IV2USM9.jpg,0,F
8243c3b2-f0e3-46f3-a66b-770f9216e1cc,232131915,2019-09-20T13:01:09.580Z,2019-09-20T13:01:09.580Z,2,B1 謝謝(•‿•),0,M
d2434e72-af3a-4de7-823d-3e1771529876,232131915,2019-12-12T10:56:16.101Z,2019-12-12T10:56:16.101Z,3,"原來現在會輪流經營了!真好QQ
在校期間沒看過游泳池的人",0,M
d8b98c65-d059-47cf-8089-a4d6f790e193,232120384,2019-09-19T08:19:17.659Z,2019-09-19T08:19:17.659Z,1,沒拿到想問+1😅,0,M
138993bf-b830-4ecf-af45-459e091f5b73,232120384,2019-09-19T20:57:34.258Z,2019-09-19T20:57:34.258Z,2,密學生會粉專啦xD,1,M
d180d393-437c-4006-9220-900b90605804,232120384,2019-09-26T06:27:25.728Z,2019-09-26T06:27:25.728Z,3,"最後一次發放陽明卡時間為
9/27 12:00~13:00 
地點:知行樓前廳 仁舍咖啡
別錯過了喔～這是最後一次喔
填寫表單可加速領取
https://www.facebook.com/471098689579405/posts/2593344297354823/",0,F
d3497874-6235-4c89-b6da-58162de680fd,232120384,2019-09-26T10:02:48.767Z,2019-09-26T10:02:48.767Z,4,B3 請問沒繳學生會費但想購買陽明卡的新生也是明天中午去買嗎？,0,F
6d38db2f-9f8b-45bc-b713-6c60e7744c26,232120384,2019-09-26T12:21:49.163Z,2019-09-26T12:21:49.163Z,5,"B4 是的 沒錯喔～
事先填表單 能加快領取速度喔",0,F
3a192e0c-cefb-4f9f-aa7c-cf5fbf057a9d,232120384,2019-09-26T12:22:22.881Z,2019-09-26T12:22:22.881Z,6,B5 好的！謝謝妳🙇,0,F
8add952b-9e75-441c-847a-feb84556d1d8,232120384,2019-09-26T12:25:19.502Z,2019-09-26T12:25:19.502Z,7,B6  本會一向以服務學生為宗旨 非常感謝您對學生會的支持,1,F
e98d6089-1193-4b3a-9744-60dd8d0c39ff,232120384,2019-09-30T04:55:02.202Z,2019-09-30T04:55:02.202Z,8,好奇 陽明卡的功能是？,0,M
2c829e26-3b2d-4ad5-954d-ceab2eabb870,232120384,2019-09-30T16:16:35.649Z,2019-09-30T16:16:35.649Z,9,,,
675de48e-1137-4d1a-a304-e4407eb7d488,232120384,2019-09-30T16:17:05.532Z,2019-09-30T16:17:05.532Z,10,"B8 於全台士子如林特約商店皆有折扣
例如:豆花林免費加一份料
詳情請見 士子如林App",1,F
0610af32-d89b-4032-a89b-89e7018d75ae,232074413,2019-09-13T02:40:23.831Z,2019-09-13T02:40:23.831Z,1,覺得可以去ok看看？,1,M
a43d0b39-7f04-4b29-8120-3f44769d6432,232074413,2019-09-13T12:28:30.187Z,2019-09-13T12:28:30.187Z,2,K 中？,0,F
565b8e15-9e78-4d4e-b594-b3c3fe0d8cd9,232074413,2019-09-13T14:53:49.716Z,2019-09-13T14:53:49.716Z,3,坐捷運去別的圖書館XD,0,M
a069ec02-4a90-4d30-b15e-5b7dec98dc56,232074413,2019-09-19T21:03:45.019Z,2019-09-19T21:03:45.019Z,4,知行樓K中阿,0,M
09f0eb63-9453-46de-97f6-424e5f62e764,232041857,2019-09-09T12:01:12.690Z,2019-09-09T12:01:12.690Z,1,"這見仁見智吧
如果你是屬於在同一地方有熟悉感會比較好做事的人
我建議在K中比較好，畢竟離你們宿舍近，臨時要拿書也方便
如果你是屬於需要換環境才不會懈怠的人，
可以平日在K中、宿舍輪流唸，假日到圖書館
假日學餐不一定有開，在山下念出去吃也比較近",1,M
9d1ad140-db5f-48fd-9169-b2ede8789887,232041857,2019-09-11T15:26:20.821Z,2019-09-11T15:26:31.001Z,2,"我大一假日都去圖書館念書
午餐可以東西放圖書館然後去外面吃
到了傍晚去外面買晚餐就可以直接搭校車回宿舍

會去圖書館讀書的原因就是吃飯選擇多啦～
個人認為桌子的高度和椅子的舒適度也不錯
還有因為地板材質，有人拖椅子也不會大聲
大概就john",2,F
c53f079b-f01d-44fb-8732-d46a45fbe5bb,232041857,2019-09-13T14:55:37.435Z,2019-09-13T14:55:37.435Z,3,"大一都在圖書館，大二以後就都在宿舍......
之後都維持在宿舍抱佛腳的模式",0,M
513176d3-448d-4fc3-9f56-ad308e21b80f,232041857,2019-09-14T15:51:03.252Z,2019-09-14T15:51:03.252Z,4,請問一下K中在哪我怎麼從來都沒發現過⋯,0,F
57564ecf-92bf-4f32-aa6d-75b1949be1a6,232041857,2019-09-19T21:04:33.455Z,2019-09-19T21:04:33.455Z,5,B4 OK隔壁,0,M
ac24844e-3d64-48d8-bd39-076ad0ff48f4,232041857,2019-12-06T16:26:30.554Z,2019-12-06T16:26:44.713Z,6,"醫學二館 國際交流中心喔
環境很棒歡迎大家來使用",0,F
6a79c11e-61ba-428e-99c2-94b1a7d96d98,232035032,2019-09-08T13:46:32.207Z,2019-09-08T13:46:32.207Z,1,"有游泳課但沒有檢定
另外
在這裡發問很少人會看到
直接問你學長姐比較快",1,F
84608ffd-505c-4cc4-bb5f-90df52cfba5c,232035032,2019-09-08T14:02:42.193Z,2019-09-08T14:02:42.193Z,2,"B1  感謝你👍👍

轉學生表示 我可能沒有直屬😂😭😭",0,M
077bd3c1-b769-4ed7-8d27-48aa679d4dae,232020433,2019-09-06T15:55:01.721Z,2019-09-06T15:55:01.721Z,1,雖然我沒有抵免大一英文，但就我所知抵免的話成績單上的成績就是「抵免」二字，沒有成績也沒有學分，所以不會影響GPA，自然也不影響系/班排。,0,F
fc77897e-a716-46cc-ab87-5310b7b566e1,232020433,2019-09-10T08:43:58.917Z,2019-09-10T08:43:58.917Z,2,"不會給成績也不影響GPA及排名😁😆
抵免：有學分
免修：沒有學分
歡迎加入學生會～",1,F
9c62ec2b-cda1-438a-a588-a69a61b06a90,232017758,2019-09-14T15:51:58.531Z,2019-09-14T15:51:58.531Z,1,我有過修普通化學,0,F
f3c3add1-3ee7-4396-9145-71a8b3012c9c,232006836,2019-09-04T16:02:48.064Z,2019-09-04T16:02:48.064Z,1,嗯嗯~大一不能申請,0,F
d0af180f-f4c8-41c9-83f7-978e0d1fb57f,232006836,2019-09-04T16:03:11.469Z,2019-09-04T16:03:11.469Z,2,重點是僧多粥少，小大一下去,0,M
23946c28-f65d-4c13-a190-fa753b827480,232006836,2019-09-04T16:03:29.925Z,2019-09-04T16:03:29.925Z,3,,,
1e8e1267-c026-4f41-8905-6d74999ad2f5,232006836,2019-09-04T17:26:08.721Z,2019-09-04T17:47:42.467Z,4,"其實有方法只是看你直屬會不會告訴你

———
沒啦我夢到的",0,M
443a5e73-d026-4d66-aba6-bf394394eda3,232006836,2019-09-05T01:38:32.233Z,2019-09-05T01:38:52.464Z,5,"因為內容涉及個人資料，請私訊學生會粉專，學生會將幫您確認是否符合申請標準 
https://m.facebook.com/NYMUStudentAssociation/",0,F
e7ca8b4a-3856-4551-b264-88747ee6ac32,232006836,2019-09-05T03:36:53.677Z,2019-09-05T03:36:53.677Z,6,再吵下去大二也不能騎,1,M
f535fe38-f4be-46f2-b852-473dd325c0e8,232006836,2019-09-06T14:19:14.746Z,2019-09-06T14:19:14.746Z,7,找沒騎車的學長姊幫忙申請，反正現在只認車牌又不認學生證，我們都這樣啦,0,M
fa4226d6-27fd-414c-a359-afb622ca5baa,232006836,2019-09-19T21:05:47.430Z,2019-09-19T21:05:47.430Z,8,呵呵爆個卦，我們偉大的經濟學教授(aka教務長)表示，所有機車應該通通離開校園,0,M
7992296d-acc2-4d31-8d3b-5b3d60ae9c01,232000672,2019-09-03T17:30:37.390Z,2019-09-03T17:30:37.390Z,1,要走出去拿,0,M
8d4f2eee-06d7-46f8-a3f0-e17bae5cde48,231989920,2019-09-02T10:53:59.112Z,2019-09-02T10:53:59.112Z,1,我也想知道🙇‍♀️,0,F
c736791a-697d-4f4f-aafd-f083daf69ee3,231989920,2019-09-02T12:34:14.950Z,2019-09-02T12:34:14.950Z,2,"會 但foodpanda有時候不願意送上山
據說是公司規定
要打在備註說清楚講明白
能接受送上山再接單",0,F
f4e8bbd2-9260-4052-9944-7929d77ed1ea,231989920,2019-09-02T12:59:58.932Z,2019-09-02T12:59:58.932Z,3,B2 那請問ubereat呢,0,F
b4860dde-1548-497d-8a07-cbfe58242c6d,231989920,2019-09-02T13:26:02.427Z,2019-09-02T13:26:02.427Z,4,ubereat 有些也不會送上山，買之前問清楚,0,F
96b0ebcd-a74d-4e92-9317-482209ae3a11,231989920,2019-09-02T14:32:21.894Z,2019-09-02T14:32:21.894Z,5,"送至-寫女一舍
在備註地方註明要從立農街二段大門進入
我遇過送到宿舍門口的
也有在學校迷路的
個人是推uber eat啦感覺素質比較高",4,M
82bd8957-16e9-48a0-9df3-e70d8c652684,231989920,2019-09-03T05:26:57.970Z,2019-09-03T05:26:57.970Z,6,"感謝各位ㄉ回答
之後來試試看XD",0,F
6612f9e2-a2a0-4a9e-bcd6-a28e646be06e,231984867,2019-09-01T15:32:12.999Z,2019-09-01T15:32:12.999Z,1,搭559去嗎,0,M
bbab2d01-066f-4b4b-9e8a-deaa04d85c19,231984867,2019-09-01T15:34:25.967Z,2019-09-01T15:35:17.515Z,2,B1交給你了,0,F
c1da7d89-b73a-4efd-b114-9e7ab41166b4,231984867,2019-09-02T02:55:15.985Z,2019-09-02T02:55:15.985Z,3,"有種想要tag人的衝動
但發現不是在臉書",1,M
8019f6e2-2b53-4bde-9a0c-2b984e910c12,231984867,2019-09-02T05:44:37.670Z,2019-09-02T05:44:37.670Z,4,,,
cf2cb687-861d-4657-9bb5-13ca574ff908,231984867,2019-09-02T05:46:06.789Z,2019-09-02T05:46:06.789Z,5,B4你帥嗎？,1,F
94b499a4-c1f5-4b5b-b385-794173125180,231984867,2019-09-02T05:49:13.712Z,2019-09-02T05:49:13.712Z,6,,,
071e6f7e-9981-456a-8bca-0191b578de04,231984867,2019-09-02T07:05:09.860Z,2019-09-02T07:05:09.860Z,7,B5算吧哈哈哈哈,1,F
fe75c65c-34a6-4d1d-b0f8-1dc0df8fdb8a,231984867,2019-09-02T07:05:59.860Z,2019-09-02T07:05:59.860Z,8,B5正呀😊,1,F
235e3f85-9c98-475f-bfcb-4e2041043c91,231984867,2019-09-02T11:36:17.108Z,2019-09-02T11:36:17.108Z,9,夜店+1~,1,F
4101789e-0fb3-4354-b361-f918bab773ba,231984867,2019-09-02T12:44:15.653Z,2019-09-02T12:44:15.653Z,10,"B9好想開群組嗚嗚
揪起來",3,F
02590141-56be-4d89-b938-06156f33070c,231984867,2019-09-02T18:18:55.302Z,2019-09-02T18:18:55.302Z,11,超累..回來一定直接叫車不然很想死,0,M
ff5ac23c-13a2-4c0a-8c56-ca468c7f1186,231984867,2019-09-04T14:33:25.360Z,2019-09-04T14:33:25.360Z,12,夜店+1,1,M
bef61328-8a3e-4ca0-9625-af637bcc37dc,231984867,2019-09-08T01:34:20.729Z,2019-09-08T01:34:20.729Z,13,+1,0,M
7b40a437-778b-4ef1-858f-a4f65a0e9e3d,231984867,2019-09-21T22:01:51.539Z,2019-09-21T22:01:51.539Z,14,+,0,M
7dcb4d5b-6c52-49d8-b210-bd2133f30dde,231984867,2019-09-23T08:11:18.725Z,2019-09-23T08:11:18.725Z,15,走,0,M
731bef63-cd73-4d33-b744-62b8b7183ece,231984867,2019-09-24T18:53:00.121Z,2019-09-24T18:53:00.121Z,16,所以要開嗎😂,0,M
4e15411f-833d-42b9-ba00-42ef677a8644,231984867,2019-10-13T15:00:37.273Z,2019-10-13T15:00:37.273Z,17,咦現在跟還來得及嗎,0,M
658037b2-f3f6-4d59-af6a-8f833fbae9bb,231984867,2019-10-20T13:36:03.318Z,2019-10-20T13:36:03.318Z,18,喝酒++,0,M
3b0940fc-3969-4fd0-8a3e-86bdd126ace4,231984867,2019-12-24T09:00:29.501Z,2019-12-24T09:00:29.501Z,19,B0 學妹認真嗎,0,M
539aa593-d778-455b-9c99-4f6c4441b528,231984867,2020-08-20T06:00:47.544Z,2020-08-20T06:00:47.544Z,20,+++++,0,M
0e3bca9e-7fe2-42f6-9498-0176e873553f,231984867,2020-08-20T15:35:05.336Z,2020-08-20T15:35:05.336Z,21,+1,0,M
1018be4b-b03a-43d8-9e10-ceefc6adde03,231984867,2020-10-14T17:31:36.632Z,2020-10-14T17:31:36.632Z,22,B0 我載你去如何？ 我請客😊,0,M
dd37eb5e-9d61-4f53-a6c6-d8b34eca7408,231955277,2019-08-28T11:32:35.006Z,2019-08-28T11:32:57.343Z,1,"去這個fb社團找看看吧！
因為dcard不能po任何租屋文會被檢舉
所以沒辦法幫你找然後放上來
https://www.facebook.com/groups/150688475374479/

然後不會因為沒地方住就不能唸啦
只是你還是要找到地方住阿😂",0,F
bda8565e-7686-4759-95ee-bcd0c40f957e,231955277,2019-08-28T11:51:49.301Z,2019-08-28T11:51:49.301Z,2,"B1 謝謝妳 今天真的為了這件事情煩惱很久心情有點差
不過如果真的沒地方住怎麼辦😫",0,M
f6e1a089-0be1-4204-90db-db375d6f83fe,231955277,2019-08-28T11:59:21.130Z,2019-08-28T12:02:24.723Z,3,B2 先找附近的旅舍住幾天，趕快找房子，或看看有沒有同學的住處可以借住了，只是新生大家互相不認識，要借住可能有點難（如果你是大二以上的話，有機會可以求助同學）,1,F
c258707f-3797-4415-9c22-23a4778b991b,231955277,2019-08-28T13:19:33.811Z,2019-08-28T13:19:33.811Z,4,"B3 不過我是轉學生 
找同學可能有難度
不過還是謝謝妳的回答
希望這幾天能找到",0,M
97079309-c649-491f-b136-292ebe33314a,231955277,2019-08-28T15:05:38.757Z,2019-08-28T15:05:38.757Z,5,"去睡個幾天交誼廳
然後就會有人上靠北陽明靠北
校方注意到就會幫你處理了",4,M
a96da407-9759-4f01-a711-07fe2898d509,231955277,2019-08-29T05:37:36.701Z,2019-08-29T05:37:36.701Z,6,B5 女二交之鬼有住宿喔,1,F
91d0c08e-559d-46d0-b4c7-466a930b2b7f,231955277,2019-08-29T12:01:29.405Z,2019-08-29T12:01:29.405Z,7,"B5笑死
這想法不錯，夠壞",0,M
7c8f4ec8-0851-4091-94c0-f3a1daeb3c74,231955277,2019-08-30T13:45:03.995Z,2019-08-30T13:45:03.995Z,8,"原po有試過聯絡住輔組詢問是否有轉學生的保留床位或者是宿舍候補了嗎？
這附近的房子可以很好找也可以很難找就看你ㄌ
我覺得591會比FB社團的房源多
但是Cp還是宿舍比較高我覺得",1,F
30d876cc-10b3-40c7-b716-fddaa06d0cd4,231925360,2019-08-24T07:06:30.556Z,2019-08-24T07:06:30.556Z,1,"校內沒有哦~~請到校外
可以爬文陽明大學學生會粉專
有詳細內容哦~~~",1,F
8647d363-3d67-4754-8e72-0c9d5452b08a,231925360,2019-08-24T10:36:53.883Z,2019-08-24T10:36:53.883Z,2,"原來學校有禁菸？
樓下一起頂樓呼吸新鮮空氣如何？",2,M
540a88a2-0ddb-49d4-a764-a3025fd94aac,231925360,2019-08-24T10:37:51.367Z,2019-08-24T10:37:51.367Z,3,我本人也是不抽的，但我朋友一定馬上破功。。。,0,M
e6842851-ef45-41d8-b96c-7feed15d083c,231925360,2019-08-24T10:44:40.899Z,2019-08-24T10:44:40.899Z,4,"B3 你可以叫你朋友扮成工人
我有看過學校工程人員在校內抽",4,M
e87437ac-3784-44fa-972d-6f2d508e2ef9,231925360,2019-08-28T23:47:58.838Z,2019-08-28T23:47:58.838Z,5,在學校抽煙真的很靠北,2,M
4fdbbb88-88b2-4855-aa8f-51ada31005b1,231925360,2019-08-31T07:19:44.850Z,2019-08-31T07:19:44.850Z,6,抽電子菸可以戒菸哦?,1,M
057d73e9-c7db-4b6f-b3b5-e53f803f7e98,231925360,2019-09-06T17:11:37.648Z,2019-09-06T17:11:37.648Z,7,"衛保組有輔導學生戒嚴（應該也有保密協定？）
可以先電話詢問看看
多利用學校資源 學費才不會白繳

加油！",0,F
2e156d0f-e62a-4ef8-8ed1-1b620b2429df,231912387,2019-08-22T10:44:01.710Z,2019-08-22T10:44:01.710Z,1,"助教當然這樣講
不然他們就沒工作了",1,F
621949b2-dc64-483b-9153-8b9f288e5e20,231912387,2019-08-22T13:28:41.966Z,2019-08-22T13:28:41.966Z,2,好奇+1,0,F
eb11c61f-5566-4101-af2f-f005d8fcdda6,231912387,2019-08-22T16:06:34.195Z,2019-08-22T16:06:34.195Z,3,"就拉高GPA啊
如果高中沒做什實驗倒是可以去動動手",0,M
7475d98b-126f-44c6-935b-2e943fe9bad3,231912387,2019-08-23T00:16:51.576Z,2019-08-23T00:16:51.576Z,4,沒必要選 但是有興趣的話可以去玩玩,0,M
0b319d34-e4e6-4c39-ba21-aa8f644c25f5,231912387,2019-08-23T07:58:47.329Z,2019-08-23T07:58:47.329Z,5,"如果你不擔心作業、報告
我覺得可以試試看",0,F
79021ebf-9d8b-4861-b884-3c16554f5c36,231912387,2019-09-15T01:22:04.639Z,2019-09-15T01:22:04.639Z,6,不要鬧了好嗎XD 要用這個拉GPA 還不如去選一個甜的通識,0,M
0ed53b6d-7443-4dde-9faa-fac3ca821b83,231912387,2019-09-15T02:07:24.954Z,2019-09-15T02:07:24.954Z,7,"B6 甜通識如果這麼好選
麻煩幫我安排一個☝️",0,M
d3de0fff-be02-4760-b223-aa0bf91f6e68,231905933,2019-08-21T11:35:11.636Z,2019-08-21T11:35:11.636Z,1,"應該是噢🤣

現在靠北板真的超難看🙄
宵夜時間娛樂都沒了",2,F
4301f6af-aef9-40aa-ae5a-5e103e1132fa,231905933,2019-08-21T11:39:13.262Z,2019-08-21T11:39:13.262Z,2,喔喔喔喔喔校版活起來 不然每次都只能看成大版Q,2,M
e46b78a6-6a23-48b6-b2ce-c9baf9f2fc52,231905933,2019-08-21T11:59:54.857Z,2019-08-21T11:59:54.857Z,3,"B1 靠北版可能還沒開學，趣事比較少就被政黑佔據了 囧
B2 成大版真的很多_文😂蠻有趣的",1,M
228ce706-b87c-456a-b6de-9249b2852037,231905933,2019-08-21T14:14:37.956Z,2019-08-21T14:14:37.956Z,4,開學ㄉ靠北版抱怨文會蜂擁而至wwwww,1,F
12cd8047-2b7d-4e51-a735-c329a7b71288,231905933,2019-08-21T14:52:53.206Z,2019-08-21T14:52:53.206Z,5,\低卡復活/,2,F
cfda03b9-e71d-473e-8e39-b3b5250aafa1,231905933,2019-08-22T02:03:53.186Z,2019-08-22T02:03:53.186Z,6,"靠北版發文素質一直降
唉..",1,M
01453ce8-2054-4e3e-bd71-bb89951a386e,231905933,2019-08-22T09:44:29.932Z,2019-08-22T09:44:29.932Z,7,成大版真滴優秀,1,M
a60d6634-300e-4048-b94b-fa462701993f,231905933,2019-08-22T10:25:08.112Z,2019-08-22T10:25:08.112Z,8,"B7 成大同學好像看到這篇，發了篇文提到成大版的某些文章風氣，原po慘被嗆去轉學
覺得至少成大有文啊
即使是廢文也看了舒壓😂",1,M
8aa60af1-6560-4a07-8e55-137c326b6b4e,231905933,2019-08-22T15:50:40.091Z,2019-08-22T15:50:40.091Z,9,要讓校版嗨起來阿阿阿,1,M
c4facc0c-81d3-4044-b792-c82580cdbcf2,231897768,2019-08-20T09:49:54.280Z,2019-08-20T09:49:54.280Z,1,"住了就知道了啊
有缺再買不就得了😂
別人覺得實用必備對你來說可能一點也不實用必備XD",1,F
df9c1246-23f6-41a2-be0a-708acd666846,231897768,2019-08-20T11:53:30.269Z,2019-08-20T11:53:30.269Z,2,耳塞,1,F
ff60f1c6-5f1c-462c-b751-83d6c520cac7,231897768,2019-08-20T14:38:05.404Z,2019-08-20T14:38:05.404Z,3,印表機!!!,1,F
6860c6fb-2a01-4c62-9875-266061793ae2,231897768,2019-08-20T15:04:27.710Z,2019-08-20T15:04:27.710Z,4,"檯燈
耳機
相印機
桌遊
垃圾桶鞋架
殺蟲劑
75%消毒酒精",2,M
713eb0bf-f408-4e8d-9adf-b63467bca8d3,231897768,2019-08-20T15:36:22.465Z,2019-08-20T15:36:59.538Z,5,"冰箱
快煮鍋
機車或有機車的友人
不怕蟲蟲的友人",3,F
c44968a3-5682-481a-bf79-c654659076a5,231897768,2019-08-20T16:48:34.406Z,2019-08-20T16:48:34.406Z,6,,,
44fcd74e-6b9d-4df1-969e-e570d977f14b,231897768,2019-08-20T17:00:33.394Z,2019-08-20T17:00:33.394Z,7,"B1 想說借個參考，有需要的的可以提早買

B2 B4 感謝提供，有些還真的沒想到(尤其是桌遊的部分XD

B3 想順便問問學校附近有沒有影印店呢～
B5 原來都是友人的部分啊(筆記筆記
不過宿舍大部分區域不是不能烹煮加熱嗎
( ´ﾟДﾟ`)求解",0,M
6b18c971-cd73-4115-aa59-00773dd1a6f5,231897768,2019-08-20T17:09:17.150Z,2019-08-20T17:10:20.742Z,8,"學校附近很多影印店喔
不過懶得下山印的話
自己在宿舍備一台印表機是不錯的選擇

是說75%酒精真的可以買
當乾洗手用、殺小蟲或各種清潔工作都很實用

快煮鍋的部分…規定是說不行
但大家都睜一隻眼閉一隻眼
也沒人在檢舉這個",2,F
54e6abaf-9548-4c49-bf6c-d80071e5a7ca,231897768,2019-08-20T17:29:36.544Z,2019-08-20T17:29:36.544Z,9,"建議不要帶印表機
到時候大家都找你借印表機",2,M
2133beb1-5556-4273-8a88-10c1012c682b,231897768,2019-08-20T17:48:26.816Z,2019-08-20T17:48:26.816Z,10,"B9 夠邊緣就不會有這個問題(啊不是
其實是如果有不熟或不喜歡的人找我借我就說沒墨水了懶得買 嘿嘿",0,F
361e8929-cfe4-4e25-b812-7c37112eaf02,231897768,2019-08-20T23:38:02.900Z,2019-08-20T23:38:02.900Z,11,B7 這是公開的秘密啊，大家都在宿舍內用快煮鍋XD,0,F
223bffb4-4e1c-4047-960e-f37c51a29354,231897768,2019-08-21T10:35:48.719Z,2019-08-21T10:35:48.719Z,12,B7 你們宿舍旁邊就有校內的影印店～,0,F
72e9b011-4fd8-46f0-815e-bc7129d4aab6,231890839,2019-08-19T15:23:10.248Z,2019-08-19T15:23:10.248Z,1,醫學系應該是會的唷～～,2,M
8d994ae4-396b-4b9d-8fa2-a1221f657c59,231890839,2019-08-20T00:00:54.616Z,2019-08-20T00:00:54.616Z,2,"有些系學會與學生會合作
一同將該系新生資料與學生會新生包寄出
醫學系或其他系沒有與學生會合作的則會各自寄出他們的新生資料，據醫學系系學會表示他們可能會晚點到因為13號才寄出

歡迎加入學生會~~",2,F
14abc01f-3f27-4896-9aca-34dcede88c59,231890839,2019-08-20T01:02:09.842Z,2019-08-20T01:02:24.354Z,3,B1 B2 謝謝學長學姐的解答～,0,F
e58e214f-c40b-4cb2-9d25-8772b739bccd,231889389,2019-08-19T04:09:49.612Z,2019-08-19T04:09:59.751Z,1,"不知道現在有加權這種東西ㄟ
想當年大一，住在學校旁的同學都能住宿ㄋ",0,F
ded3a0b6-dc7c-4ccb-8e97-33847ee282fd,231889389,2019-08-19T04:25:39.701Z,2019-08-19T04:25:39.701Z,2,宿舍很多啦，免煩惱,0,F
1f076929-fb36-4a33-8828-eac5d4d3d7ce,231889389,2019-08-19T05:08:02.831Z,2019-08-19T05:08:02.831Z,3,B2 真的嗎，那我就放心了😁,0,M
bf089d70-79c6-4eec-9ad9-23d62d6d7b37,231889389,2019-08-19T05:08:24.929Z,2019-08-19T05:08:24.929Z,4,B1 對啊，時代變遷真快XD,0,M
aa5a7f1a-994f-4a68-bcb0-4ecf91448870,231889389,2019-08-19T07:32:17.015Z,2019-08-19T07:32:17.015Z,5,"大一照道理是有保證住宿的
但是你延後申請就不確定有沒有涵蓋在保證住宿的範圍內
因為108學年度的宿舍候補已經排到200多了（學長姐的部分
建議打去住輔組問比較實在
不然這附近的房子極度難找",0,F
8d735a64-8420-4369-9a58-92064eba221d,231889389,2019-08-19T13:41:22.663Z,2019-08-19T13:41:22.663Z,6,"雙倍籤是很久以前的制度
現在宿舍跟樓上說的一樣是大一保障
現在的候補不是抽籤，只是排隊
至於排隊到200+
那是因為男二女三舍新生還沒全部進去
不能確定有多少空床
正常排進去了之後還是會有空房

歡迎加入學生會~~~",1,F
3e32645f-6b0b-4c72-8680-0981f095f390,231889389,2019-08-19T15:51:35.404Z,2019-08-19T15:52:06.381Z,7,"B4 時代個頭我也才剛畢業
我知道陽明根本沒這個制度= =",1,F
25a93e5f-be83-4c90-b902-89b0686a1883,231874638,2019-08-17T06:14:02.430Z,2019-08-17T06:14:02.430Z,1,放放屁吹蠟燭的影片也可以嗎,1,M
146e2ed1-7a45-44c6-8a87-248e4119b55e,231541543,2019-06-21T05:16:24.696Z,2019-06-21T05:16:24.696Z,1,網購啊直接送到便利商店,2,F
026f1149-a26a-41fa-96bd-28ca86e3d852,231541543,2019-06-21T11:49:46.299Z,2019-06-21T11:49:46.299Z,2,網購啦幹,3,M
4099a384-6723-4463-988c-3984bff0ddf4,231541543,2019-06-21T16:32:41.944Z,2019-06-21T16:34:17.201Z,3,,,
00ec8512-9ccb-417c-99c9-011b1513f793,231541543,2019-06-21T20:12:01.529Z,2019-06-21T20:12:01.529Z,4,想要先翻翻書大略看一下內容呀😅,0,M
549c024b-beb9-4116-b209-aa940aebf187,231541543,2019-06-22T12:33:05.684Z,2019-06-22T12:33:05.684Z,5,"士林的誠品 墊腳石
天母 金石堂",2,M
91e52d94-e2a5-4928-9037-d319fdc265d8,231541543,2019-06-27T12:48:08.369Z,2019-06-27T12:48:08.369Z,6,圖書館啊,0,F
97cb39bf-922d-484e-b89e-f45f41bbe440,231541543,2019-07-15T16:21:46.451Z,2019-07-15T16:21:46.451Z,7,推天母金石堂,0,F
aa598fc5-a384-4af7-91ac-bf4c5edd05ad,230786086,2019-04-09T12:32:49.132Z,2019-04-09T12:32:49.132Z,1,推一個，我已經填寫囉,0,F
9936cb5e-1bb4-4796-95fe-4af2a109a578,230763823,2019-02-25T08:56:02.787Z,2019-03-01T05:10:10.659Z,1,,,
bbb138d8-0900-4053-a886-6bf7c9aaa2b1,230606042,2019-01-31T14:04:07.724Z,2019-01-31T14:04:27.764Z,1,,,
f3a55612-78e6-4340-889e-a4474c20f151,230606042,2019-01-31T14:19:24.014Z,2019-01-31T14:19:36.373Z,2,,,
fcb6848e-e03c-4099-a7ef-8e2fb1d58de6,230606042,2019-02-02T13:26:46.827Z,2019-02-02T13:26:46.827Z,3,我只修過籃球 而且還修過2次 老師人真的不錯～,1,F
751446bf-9572-4d83-b154-29d773fa324f,230606042,2019-02-06T13:00:34.188Z,2019-02-06T13:00:34.188Z,4,人蠻好的,0,F
4122f9e7-7f43-44fb-852a-1582d28499f6,230606042,2019-02-08T17:11:34.058Z,2019-02-08T17:11:34.058Z,5,老師人不錯，早8體育課都讓我們8:30到,0,M
0757684b-75f4-4f75-95cd-00cc0c01a9d2,230606042,2019-02-18T16:59:44.547Z,2019-02-18T16:59:44.547Z,6,推,0,F
865dd1ab-67a4-40a0-9855-492ec214e2ff,230606042,2019-02-21T09:57:18.097Z,2019-02-21T09:57:18.097Z,7,讚,0,F
fa4b1059-7705-4fe3-b2f8-668e75bf192d,230606042,2019-02-26T12:50:49.701Z,2019-02-26T12:50:49.701Z,8,推,0,F
10ebb0ca-acbc-473d-b18b-e2c6e4b524a3,230606042,2020-02-22T14:24:39.947Z,2020-02-22T14:25:37.368Z,9,🤬,0,M
d1e81b18-f83b-424f-abde-41de432847d5,230522048,2019-01-17T14:29:11.215Z,2019-01-17T14:29:11.215Z,1,柯南表示比幫小五郎辦案還難,0,M
c6dad12c-79f1-432f-9f72-c546af0cd937,230522048,2019-01-17T15:40:17.567Z,2019-01-17T15:40:17.567Z,2,現在大家是怕靠北陽明會吃文所以放到這裡來備份嗎😂,0,F
4025bbc6-97ac-463b-b7dd-0c2d4eacc7f6,230522048,2019-01-18T07:41:51.896Z,2019-01-18T07:41:51.896Z,3,B2 之前x學系系主任的靠北文就莫名其妙消失了呀ˊˇˋ,2,F
b73ce591-f91b-44cf-8aa7-0f7e0fb4a4c3,230522048,2019-01-19T16:08:41.576Z,2019-01-19T16:08:41.576Z,4,"B3 但目前生x系的好像還沒被吃掉過？
看來後台不硬ww",0,F
77f2cf6a-f7d3-4ff5-9c98-ee25cec9c81d,230522048,2019-01-19T16:23:16.636Z,2019-01-19T16:23:16.636Z,5,B4 X學系的感覺後台比較硬嗎😂,0,F
e39b4699-f28d-48a5-a616-3d38773005df,230522048,2019-01-25T07:44:21.146Z,2019-01-25T07:44:21.146Z,6,我絕對不會說檢討同學的那位根本不會跟人類互動又白目，唯一價值只有考前上傳考古題解答而已。,1,M
a3e84655-2cbd-43f3-ba1b-cf507aaf4ce2,230508584,2019-01-15T14:27:02.761Z,2019-01-15T14:27:02.761Z,1,我是不是認識妳😏,1,F
9c4e6d88-ca2a-4ca5-b4ac-ef70c2049e16,230508584,2019-01-15T14:36:31.759Z,2019-01-15T15:03:44.264Z,2,B1 室友認親嗎😂,0,F
10492b4c-2563-4bc6-a0af-9e541347649f,230508584,2019-01-15T15:04:24.369Z,2019-01-15T15:04:24.369Z,3,"B2 趕快po到靠北版
看看這次會不會又有國王的po文了～～",0,F
3b7f23e1-0448-40cb-8f08-c0e3c0aabfa0,230508584,2019-01-15T15:13:08.719Z,2019-01-15T15:13:08.719Z,4,"B3 在po這篇之前就po了XDDD
覺得主任的樁腳都不知道塞在哪🤔",1,F
9b605797-1a6f-4dd6-a856-186a720a9809,230508584,2019-01-15T16:25:37.486Z,2019-01-15T16:25:37.486Z,5,身為同學，一定挺你們,1,F
09f47bc4-a563-4d3b-aeb9-ae0bcfeb5721,230508584,2019-01-15T17:03:59.238Z,2019-01-15T17:03:59.238Z,6,B5 感謝妳QAQ,0,F
9fd63926-e9d4-46f6-818c-9dbf464201d4,230508584,2019-01-15T17:27:01.251Z,2019-01-15T17:30:21.807Z,7,你好我是未來要跟你同班四年半的同學,1,M
c4158074-c315-4b9e-91a9-6aabcdfc3a2e,230508584,2019-01-15T18:06:09.305Z,2019-01-15T18:06:09.305Z,8,"B7 我知道你是誰😂
現在是x學系認親大會嗎XD",0,F
c1c5eeae-3853-4b3b-a26e-a11d36a904ad,230508584,2019-01-16T04:48:25.933Z,2019-01-16T04:48:25.933Z,9,我也來認親了,1,M
0eeb06c2-ff41-469b-b2b0-da6c7270e90c,230508584,2019-01-16T13:42:12.891Z,2019-01-16T13:42:12.891Z,10,認親+1,0,F
fade07f2-0435-4f12-96a4-0d6239911cc5,230508584,2019-01-16T14:10:04.351Z,2019-01-16T14:10:04.351Z,11,B9 B10 怎麼感覺好像大家都知道是我發的可是我都不知道來認親的是誰😂,0,F
186ead52-8b2c-4a28-9cd0-41d683575736,230508584,2019-01-16T14:51:55.677Z,2019-01-16T14:51:55.677Z,12,到底是誰說自己邊緣人的😏,1,F
ad0fe8f8-310f-4e13-a233-6941d8278c31,230508584,2019-01-16T15:02:59.528Z,2019-01-16T15:02:59.528Z,13,B12 我覺得會來留言是文的問題不是我的問題🤔,0,F
e170407f-94a4-4d46-95d0-2db66bac2d42,230508584,2019-01-16T17:30:15.347Z,2019-01-16T17:30:15.347Z,14,"B13 我是B7
我來是因為人不是因為文（咦",0,M
da4e90e0-8c48-4c2f-a150-ec656570c1c1,230508584,2019-01-17T05:03:50.037Z,2019-01-17T05:03:50.037Z,15,B14 嘖嘖直接打臉我😂,1,F
4c794961-9b0d-4126-ae2d-7f1b218aec50,230508584,2019-01-17T08:10:53.954Z,2019-01-17T08:10:53.954Z,16,"B15 嗨我又是B7
我不打臉，因為太多人靠臉吃飯了",0,M
1b1ee7d1-d0f1-44cf-82a2-88468be30125,230508584,2019-01-17T10:26:55.270Z,2019-01-17T10:26:55.270Z,17,"看來我知道你是誰~
幫哭哭",0,F
5fabeea2-62a5-4945-a10d-46dd87150206,230508584,2019-01-17T11:30:42.045Z,2019-01-17T11:30:42.045Z,18,"B17 那妳知道我是誰嗎😏（這個對話串逐漸母湯

B1",0,F
5504e71a-8c15-48d1-9c2f-31a344152d84,230508584,2019-01-18T05:58:35.452Z,2019-01-18T05:58:35.452Z,19,"B16 我的臉打不爛(啥
B17 等下妳又是誰😱
B18 😂😂😂",0,F
7746896a-8e35-47f2-96e1-5802c1b45d22,230508584,2019-01-18T18:23:49.260Z,2019-01-18T18:23:49.260Z,20,喔耶,0,M
f749c4df-000e-4621-947f-32915ad01216,230508584,2019-01-18T18:24:52.731Z,2019-01-18T18:24:52.731Z,21,B20 你484該去睡了🤔,0,M
8ab59bc3-a45e-477b-8bde-cfbfcedf15e7,230508584,2019-01-19T15:12:38.894Z,2019-01-19T15:12:38.894Z,22,B21又一個新的人🤔,0,F
42b5b2c1-22b4-416a-ab3f-7d6b7c4310e2,230275163,2018-12-16T13:11:09.465Z,2018-12-16T13:11:09.465Z,1,"會有取樣偏差吧

除非有拿到市場給中年人填寫",0,F
3eeac18a-f571-4c9d-a009-5246cba155f1,230275163,2018-12-17T01:34:48.864Z,2018-12-17T01:34:48.864Z,2,"感謝各位踴躍的填寫！
B1 謝謝你提供我們意見，關於取樣的部分我們目前鎖定的即是大學生群體喔，很開心你提到這個部分: )",0,F
fade907d-02b6-4189-8fc8-489a8f1e31cf,230268681,2018-12-13T17:10:19.546Z,2018-12-13T17:10:19.546Z,1,"陽明人都很忙的
當然閒的人也不少
靠北陽明才是大宗資訊集散地哦",17,M
d98c859f-6896-45cb-b7ae-467c4a864ab5,230268681,2018-12-13T17:12:27.728Z,2018-12-13T17:12:27.728Z,2,B1 好哦 可能我只有大一而已還很閒😂,1,F
d4e8af0f-2021-48d5-94cc-edefef778037,230268681,2018-12-16T16:32:41.609Z,2018-12-16T16:32:41.609Z,3,還有陽明貿易港也比較熱絡,1,M
129c8499-4e3e-4242-a921-ab7794d19dbc,230268681,2018-12-19T11:14:10.664Z,2019-01-10T14:04:07.118Z,4,B3 嗨又是牙壓ㄟ🦆,2,M
7e885962-3864-4a3a-9501-c6807dba657f,230268681,2018-12-21T16:50:37.862Z,2018-12-21T16:50:37.862Z,5,B4 竟然知道我耶你是DD多少啊XD,0,M
240565cb-64ff-4ee3-a862-d3f61240193c,230268681,2018-12-22T06:59:38.233Z,2018-12-22T06:59:38.233Z,6,B5 111喔😝😝,0,M
1d1d09b9-4075-457a-8f6d-0504317d4209,230268681,2018-12-22T08:11:27.613Z,2018-12-22T08:11:27.613Z,7,"哇我們差五屆！
那你竟然還認識我！？！？",4,M
ade9df59-2540-4f2f-b7b6-a7ac62a18f53,230268681,2019-01-20T16:32:22.726Z,2019-01-20T16:32:22.726Z,8,第一天+1,0,F
13205671-c973-455b-a58b-663f429e8ed7,230257972,2018-12-12T08:28:42.811Z,2018-12-12T08:28:42.811Z,1,每天下山的動力，就是Ok,10,M
df612031-e6e8-4a84-bb23-60e777b7043a,230257972,2018-12-12T16:16:22.890Z,2018-12-12T16:16:22.890Z,2,b1 😂😂😂😂😂,0,M
737cc658-f8d0-41d0-8ece-6462a0e5a79e,230257972,2018-12-12T18:34:13.464Z,2018-12-12T18:34:13.464Z,3,給我ymu看paper其餘免談,0,F
4c0e15e3-e4ef-4e9b-8b51-7a5d7aca6ca7,230257972,2018-12-13T14:31:26.811Z,2018-12-13T14:31:26.811Z,4,https://m.facebook.com/story.php?story_fbid=2110501082305816&id=471098689579405,0,M
355f5531-57f6-49fb-9a91-b892489646d2,230130006,2018-11-25T03:18:47.495Z,2018-11-25T03:18:59.573Z,1,,,
976dc39c-b322-4612-afcf-dba66874d958,230130006,2018-11-29T13:57:39.449Z,2018-11-29T13:57:39.449Z,2,"很好啊
大家都不在學餐吃飯",0,F
ef5950a0-868c-479a-8cb3-209e908c6f15,230130006,2018-11-29T15:07:59.367Z,2018-11-29T15:07:59.367Z,3,"B2 學校不把學餐搞好
怎麼讓學生願意去餐廳吃飯呢",0,M
fe7fe1ff-85cb-44a6-b887-29a493609d7a,230130006,2018-11-30T12:14:19.484Z,2018-11-30T12:14:19.484Z,4,"B3 我個人是滿喜歡紅番茄的
只是現在去榮總實習後，覺得榮總的飯更好吃",0,F
e3d1aa30-f614-4cfa-9cbb-c9fda31c75ef,230021324,2018-11-09T16:21:19.887Z,2018-11-09T16:21:19.887Z,1,"Z先生不錯
只是剪到一半會跑出去抽煙
不過還是會跑回來
100元潮到出水",2,M
cc6d72e4-27f2-4386-b352-50ae0416b41b,230021324,2018-11-10T05:16:24.177Z,2018-11-10T05:16:24.177Z,2,"B1 我有一次要去找他剪 他跟我說沒空 要打遊戲
殊不知他店裡面全部排滿 他卻坐在店門口玩手機😂",2,M
7d600add-0fb3-4aac-a54f-51541d276f6d,230021324,2018-11-11T16:44:42.653Z,2018-11-11T16:44:42.653Z,3,建中理髮部 100塊以內,2,M
b05090e0-10f6-429c-9cd8-bf46507d395d,230021324,2018-12-05T06:55:33.581Z,2018-12-05T06:55:33.581Z,4,b1 請問在哪😅,0,M
3bde794e-c3fd-4d71-a5a7-86e69f801615,230021324,2018-12-05T07:45:16.953Z,2018-12-05T07:45:16.953Z,5,B4 水龜伯附近啊,0,M
5c57f046-1c91-48cd-bb19-c57b5f1aaeb8,230021324,2018-12-05T08:27:03.620Z,2018-12-05T08:27:03.620Z,6,b5 每天都從那邊經過居然不知道有這間,0,M
90fbf8c3-e708-4579-b152-202670bd9149,230021324,2019-01-12T17:28:58.825Z,2019-01-12T17:28:58.825Z,7,"可以拍店面或給地址嗎？謝謝～
想推薦朋友去⋯",0,F
b0f89c6f-f847-48f3-90eb-c7dcc19c3c80,230004114,2018-11-06T09:12:24.136Z,2018-11-06T09:16:43.295Z,1,,,
6907217f-7447-4be9-b3d4-0fc6af1ecc52,230004114,2018-11-06T16:26:06.084Z,2018-11-09T09:26:51.603Z,2,你非常確定申請失敗的話，可以在當屆馬上重現用原本的中華台北名義再報名一次嗎？，還是申請失敗的話，就要下次再重現報名囉～,4,M
66334204-1a0c-4260-a7c9-438b61bb3167,230004114,2018-11-07T19:46:24.183Z,2018-11-08T06:32:23.614Z,3,,,
ecd466c5-d95b-49d3-9751-49b3146e8a59,230004114,2018-11-09T15:24:23.124Z,2018-11-09T15:24:23.124Z,4,"只是申請改名，沒過本來就照舊
難道用中華台北就不會打壓嗎，從來沒少過",7,M
8d526242-4521-4986-9f27-c2c633c1378e,230004114,2018-11-18T08:37:07.533Z,2018-11-18T08:37:07.533Z,5,https://udn.com/news/story/12539/3487646?utm_source=udnnews&utm_medium=fb&fbclid=IwAR2V5ybrUyYXMNBEA5mHqYPpNSkii7tjstlA-pfN4QZGFcW95SiArDpLLWg,0,M
a0a868b9-82d3-4398-9fff-ed97ffa96c92,230004114,2018-11-18T08:41:44.814Z,2018-11-18T08:41:44.814Z,6,"也許是吧
但過不過實質對那些靠運動比賽過活的體育選手都沒有任何好處
我對這種一點好處的都沒有的正名甚至還會冒著我們選手可能沒資格的風險

我是絕對投反對票的",0,M
c8bc3c4b-2421-4a8c-b896-32d958636274,230004114,2018-11-18T21:53:14.430Z,2019-02-04T08:51:18.095Z,7,"B5
看新聞要懂得查證好嗎
不想看英文丟google翻譯也比都不看好

IOC已經講了完全尊重台灣內部的公投程序
CTOC的更名權力是在IOC手上
會員會籍更名是一個IOC掌握的權利因此而申請當然沒有違反IOC憲章
東奧正名公投過了不會影響CTOC的會籍的；惟有不當壓力(我就不說誰才是不當壓力了)迫使CTOC違反1981 年洛桑協議才會有導致依IOC憲章規則27.9被中止或撤銷會籍承認

2018年11月16日 國際奧會(IOC)來信，內容如下：

Dear Mr. Lin,
Dear Dr. Kao,

The IOC has bee closely following the situation regarding the local referendum about the name of your NOC/delegation for the Olympic Games Tokyo 2020 (and other upcoming international sporting events), which is expected to take place on 24 November 2018.

The IOC does not interfere with local procedures and fully respects freedom of expression. However, to avoid any unnecessary expectation or speculation, the IOC wishes to reiterate this matter is under its jurisdiction, in accordance with the Olympic Charter.

The name of the Chinese Taipei Olympic Committee (CTOC) is currently determined by the agreement signed between the CTOC and the IOC in1981, and any change to the name of the CTOC/delegation is subject to the approval of the IOC Executive Board, in accordance with the Olympic Charter.

The IOC Executive Board has already examined this situation - at its meeting on 2 and 3 May 2018 in Lausanne - and decided to re-confirm the IOC's position and not to approve any change to the name of the CTOC。

Consequently, the 1981 agreement remains unchanged and fully applicable, and neither the IOC nor the CTOC have any plans to amend the name of the NOC/delegation.

In view of this, any attempts to exercise undue pressure on the CTOC to breach the 1981 agreement and/or to act against the decisions of the IOC Executive Board would be considered as external interference, which might expose the CTOC to the protective measures set out in the Olympic Charter in these circumstances (Rule 27.9 in particular).

Therefore, the IOC is hoping that the interests of the Olympic Movement in Chinese Taipei will prevail over political considerations, so as not to disrupt the CTOC delegation and the athletes in their preparation for upcoming international sporting events, and to avoid any unnecessary complication.",1,M
0b5463cf-bc92-4331-9ca0-0b206ad01884,230004114,2018-11-19T01:11:03.691Z,2018-11-19T01:14:09.365Z,8,"你說的那個我知道
但我說的其實就是那個不當壓力
所以被犧牲的還是那些體育人
竟然你也知道難保他們有奧步
應該更知道不該選這個情境來發聲

我相信會有比這個更好的機會的",0,M
d4e440a1-f8e4-497e-b0e7-020e0c515727,230004114,2018-11-19T01:48:14.393Z,2018-11-19T01:48:14.393Z,9,用中華台北也是不當壓力啊,2,M
b449e9c9-c047-489c-83a9-82a736834605,230004114,2018-11-19T05:20:26.358Z,2018-11-19T05:20:26.358Z,10,"B8 沒錯 所以公投過了之後
申請正名台灣是人民的意見
不是政府違背人民意願的
也沒有強制要正名
哪裡有什麼不當壓力呢？
違反奧會規定的是中國
他們會不會受到懲罰我覺得不一定
不過既然台灣走在遊戲規則內
也符合國際奧會的最新的發函
就必定不會被懲罰",0,M
9c23b22d-ac5a-4a51-bab4-a3abb01b89dc,230004114,2018-11-19T05:24:48.338Z,2018-11-19T05:24:48.338Z,11,"1981 國民黨執政威權戒嚴時期 中華台北
2018 政黨輪替兩次後民主時期 臺灣

請問哪個是不當壓力？",1,M
a384c046-b246-4fbb-a0d0-90c8cd085536,230004114,2019-02-04T08:50:59.998Z,2019-02-04T08:51:55.418Z,12,,,
e09e77a3-0153-4ce2-8f37-456b10b248ca,230004114,2019-02-04T08:51:39.008Z,2019-02-04T08:51:57.976Z,13,,,
bd750fd4-0be8-4a3b-845c-3cda5505a602,229817360,2018-10-09T14:08:32.308Z,2018-10-09T14:08:32.308Z,1,妳願意的話，我可以幫妳♥,3,M
20362106-4d68-4de5-8d72-661e20a75cdc,229817360,2018-10-09T14:40:35.802Z,2018-10-09T14:40:35.802Z,2,B1 也太sweet,0,F
fa5c8018-d0f6-42b7-b66c-bb86746acc26,229817360,2018-10-09T15:00:52.106Z,2018-10-09T15:00:52.106Z,3,"教會那邊小路裡好像有一間
B1 這個move也太會",1,M
22769963-a6df-4800-be91-e9230e117f90,229817360,2018-10-09T16:37:58.270Z,2018-10-09T16:37:58.270Z,4,B1 人家是要改窄不是要撐開,1,M
fdc9d2de-2982-4662-b499-cf726cd875b0,229817360,2018-10-10T02:27:08.425Z,2018-10-10T02:27:08.425Z,5,B4 撐開哪裡? (誤,0,M
8d3184e1-1db9-483c-b088-02ed49b6a676,229817360,2018-10-10T08:07:16.610Z,2018-10-10T08:07:16.610Z,6,"最近剛好有在找
網路上看到一家叫 陳媽媽時裝工作事
還沒試過 妳可以參考看看",0,M
32d2a56f-3ea5-44e9-8692-baa85e79e634,229817360,2018-10-10T13:06:23.570Z,2018-10-10T13:06:23.570Z,7,感謝大家哈哈😄,0,F
1a9fd680-00dc-430f-96fc-68913553654d,229817360,2018-10-10T13:06:58.281Z,2018-10-10T13:06:58.281Z,8,B3 B6 我會去找找看的 謝謝你們,0,F
e34b2597-41fb-4734-a7f2-9b184a85676a,229817360,2018-10-21T18:15:54.190Z,2018-10-21T18:15:54.190Z,9,7-11對面or石牌國小對面石牌市場裡面,1,M
b6b358a3-967b-4d2e-9efd-3220a3076f14,229811204,2018-10-08T13:02:26.522Z,2018-10-08T13:02:26.522Z,1,可以去維格或李國屏,1,M
5185003e-1220-4b40-ba0f-ce254602d8aa,229811204,2018-10-09T08:14:49.367Z,2018-10-09T08:14:49.367Z,2,"推維格，醫生洗牙超認真，櫃檯小姐漂亮，
牙助細心。
人不會太多，也滿好預約的。",1,M
37b86703-f174-482b-a330-3c0b25da7b4a,229811204,2018-10-09T12:21:39.960Z,2018-10-09T12:21:39.960Z,3,B2 都在看櫃台小姐吼,0,M
cd8e51db-d89c-40e8-b743-93103d8035e0,229811204,2018-10-09T13:18:53.863Z,2018-10-21T14:20:59.906Z,4,維格 劉仕堯醫師,0,F
c50be189-f776-4ba0-b79e-e447e7c6627c,229811204,2018-10-21T18:03:44.820Z,2018-10-21T18:03:44.820Z,5,只有我都去陽明牙醫嗎？（憑學生證只要50元欸 牙套還9折）,1,F
9fa1c51e-8047-41e7-8c57-5cc1c7be8618,229811204,2018-10-22T08:26:51.102Z,2018-10-22T08:26:51.102Z,6,B5 聽說櫃檯很兇？,0,M
57053db1-1c3e-4f40-a010-9b56194d128a,229811204,2018-11-13T16:06:52.892Z,2018-11-13T16:06:52.892Z,7,李國屏+1,0,M
cc075d11-46cd-42c3-93b5-66d6d70888d4,229759115,2018-09-30T14:45:20.788Z,2018-09-30T14:45:20.788Z,1,"汎宇體育用品
112台北市北投區石牌路一段18號
02 2820 2279

https://goo.gl/maps/f2ub2Vc8oZx

推這家，雖然要走一段路，但是價格合理老闆人也不錯",2,M
f99a6f57-53e2-4fd9-ad6d-e283e7c2c664,229759115,2018-09-30T15:32:22.854Z,2018-09-30T15:32:22.854Z,2,"冠春(企)
112, Taipei City, Beitou District, 台北市北投區石牌路一段166巷78號
02 2820 1572
https://goo.gl/maps/XDAs1pfnnT52
推這家 冠春體育用品
之前有在這裡穿過線 價格公道合理 老闆與老闆娘介紹的很詳細 各種線的優缺都有講清楚",1,M
3a879561-7790-43f6-b233-305e509f54ae,229759115,2018-10-01T02:23:00.250Z,2018-10-01T02:23:00.250Z,3,感謝兩位的幫忙,0,M
a9de8bc6-2779-4d8f-8970-cfa74cd3cb4a,229759115,2018-10-01T07:05:19.838Z,2018-10-01T07:06:41.473Z,4,"推 B1那家，老闆人很好，羽球拍大部分都比網路便宜，綁線也快

羽球的價位合理(無過貴或過便宜)，私心推BG66UM的線(易斷，但聲音超大超爽)",2,M
403168b8-fcba-4186-8329-f3333f4adeb7,229747036,2018-09-28T15:02:34.634Z,2018-09-28T15:02:34.634Z,1,+1,1,M
c1eb019c-b15c-4397-9104-12f7a10514d7,229747036,2018-09-28T17:56:54.506Z,2019-02-04T10:44:33.014Z,2,"要在學重考可以
不要去雷分組報告隊友拜託

-曾經幫在學重考生做完整份報告的智障路過",13,F
e5542c78-ac52-4332-8206-6787a6e81eac,229747036,2018-09-29T02:57:22.297Z,2018-09-29T02:57:22.297Z,3,啊這裡不能交換個資怎麼跟夥伴相認,0,F
5792a6fd-e887-451b-8118-8190d6ab2cf9,229747036,2018-09-29T03:00:43.188Z,2018-09-29T03:00:43.188Z,4,時間地點？,0,M
5ea98f72-2e2a-4752-b598-4af6efb594e9,229747036,2018-09-29T04:03:03.677Z,2018-09-29T04:03:03.677Z,5,+1,0,M
803e6591-7a51-4ba9-b09b-5b11ce34f5e3,229747036,2018-09-29T04:30:30.469Z,2018-09-29T04:30:30.469Z,6,有看過填表單的方式😂,0,M
5f16034f-a3d4-439d-aa6f-00a1588e4d3c,229747036,2018-09-29T04:35:25.203Z,2018-11-08T13:06:33.901Z,7,表單要滿20人的樣子,0,M
aa95555d-9865-4ca2-a23d-7576de7c7242,229747036,2018-09-29T07:29:02.355Z,2018-09-29T07:29:02.355Z,8,重考就專心重考 還來唸幹嘛 看過身旁太多失敗的例子了 說話有點衝抱歉XD,11,M
a3860f6a-d91f-4604-a35a-068b6176ac23,229747036,2018-09-29T14:15:03.126Z,2018-09-29T14:15:03.126Z,9,妳要重考什麼🤔🤔,2,M
ef6725ff-cfae-4ccc-9727-b56b83db5d74,229747036,2018-09-29T15:55:56.793Z,2018-10-10T20:15:05.136Z,10,如果真有心重考的話就別讀了 儒林歡迎你,5,F
9d8881f6-8a08-4c93-849b-5545a9cf783f,229747036,2018-09-29T15:59:56.528Z,2018-09-29T15:59:56.528Z,11,不推在學重考,2,M
e4daa823-277f-4cda-9e82-86c18365b6b8,229747036,2018-11-02T06:53:45.118Z,2018-11-02T06:53:45.118Z,12,順天儒林出品 給妳參考,1,M
847fe747-515d-48b9-bdcd-5d9a902cabfc,229747036,2018-11-11T08:38:23.084Z,2018-11-11T08:38:23.084Z,13,B12 你是我室友嗎,0,M
5e90a90d-e7ae-4c56-998e-a89726acba77,229735541,2018-09-27T07:51:13.500Z,2018-09-27T07:51:13.500Z,1,做個跨越各大樓的宇宙大天橋(or超級電扶梯),12,M
8d579277-a43d-4b1c-b689-54b7f83fdd9b,229735541,2018-09-27T07:51:40.617Z,2018-09-27T07:51:40.617Z,2,真的很棒,1,F
492bfedc-e422-4f7e-810f-0bd0283ae71d,229735541,2018-09-28T11:08:12.037Z,2018-10-01T15:00:41.205Z,3,最好山頂跟大門有纜車😂😂,10,F
84b0cf9a-83f5-49f6-ab31-a63b759520e6,229735541,2018-09-29T14:15:40.420Z,2018-09-29T14:15:40.420Z,4,樓上的不分系還可以通過審核喔😂,0,M
6e3c4238-b8af-4d5a-8ece-93e2f7dc615e,229735541,2019-07-10T00:29:22.843Z,2019-07-10T00:29:22.843Z,5,可以喔,0,M
