a43eb9d3-8c5d-42db-b4ca-91389c37bdb4,228928769,2018-05-22T14:20:56.092Z,2018-05-22T14:21:16.396Z,1,"終於!!!
2018
Happy New Year


我屏東人抱歉",1,M
1807d7c7-8b42-4c40-9071-eb3f2ef01f8f,228928769,2018-05-22T14:40:01.131Z,2018-05-22T14:40:01.131Z,2,剛看完世大運 抱歉我用ie,0,M
5a39727a-1805-48fc-b1ba-449e8ac682ca,228928769,2018-05-22T15:07:21.483Z,2018-05-22T15:07:21.483Z,3,B1 同鄉你好👋,0,F
a6f2a91e-a593-4a8c-a80b-b8afa9df84e8,228928769,2018-05-22T15:41:24.138Z,2018-05-22T15:41:24.138Z,4,"B1
喔喔你好🙋🙋
但是我是在屏東縣XD",0,M
650c030d-2020-47dc-91cd-2fb788abee8c,228883883,2018-05-26T04:31:44.949Z,2018-05-26T04:31:44.949Z,1,前面是棉花嗎～,0,F
4ae0a53a-53e6-4c3c-a4a5-0ead05e3903d,228883883,2018-05-26T15:07:48.365Z,2018-05-26T15:07:48.365Z,2,B1 是棉花❤️,1,F
2562aa6e-e85b-441b-b085-83dd750849bf,228883883,2018-05-29T04:25:48.612Z,2018-05-29T04:25:48.612Z,3,請問是全部都用倒掛法曬乾嗎？,0,M
46af7bba-cbb7-4001-a3c3-6abd0af9d0d3,228883883,2018-06-07T11:20:06.027Z,2018-06-07T11:20:06.027Z,4,B3 有些是去花市買的，有些是自己曬的,0,F
1695a59b-27e7-4689-ac26-97f12389f991,228879938,2018-05-14T12:33:34.139Z,2018-05-14T12:33:34.139Z,1,"我的更扯
我遇到其他人，他們小孩不是女的 就是男的

怕.jpg",10,M
602b7a91-b530-44dd-a867-a1ddb642719a,228879938,2018-05-14T12:45:09.878Z,2018-05-14T12:45:09.878Z,2,"因為忙啊
錢跟時間只能選一個",0,F
c4d619f6-12a4-4e71-82f3-6dfadcb31c1e,228879938,2018-05-14T13:06:25.488Z,2018-05-14T13:06:25.488Z,3,也是啦...,0,M
c7b04f3b-e5c7-4941-be8e-f6790a465163,228879938,2018-05-14T15:08:18.819Z,2018-05-14T15:08:47.808Z,4,"我阿姨家的小孩不是妖魔鬼怪就是P孩
我只要不要跟他們打照面就阿彌陀佛了
遇到學霸頂多被比下去而已
沒家教的小孩才是最恐怖的",0,F
cf5b96b5-8511-41a6-b05f-c324e5e1562c,228877206,2018-05-21T08:40:45.003Z,2018-05-21T08:40:45.003Z,1,害我差點在肯德基哭出來,1,F
5e70451b-1684-4afd-a20e-32eec68cd76f,228876403,2018-05-13T23:17:08.895Z,2018-05-13T23:17:08.895Z,1,你辛苦了，爸媽沒辦法選，但自己的人生可以選，是我就把該進的義務做到，剩下的，他們自生自滅,4,M
1704ae93-83e6-43a2-9b5e-73eb5f3305c7,228876403,2018-05-14T00:16:47.888Z,2018-05-14T00:16:47.888Z,2,"原PO抱抱

天下有不是的父母",1,F
541acc76-f10b-43c6-8a06-20f61ca2c7c0,228876403,2018-05-14T01:07:03.319Z,2018-05-14T08:33:20.275Z,3,"這是準備步驟之一，先看以下這篇：
https://www.dcard.tw/f/job/p/228746946?ref=android

妳要我給妳看的那篇文章，當做社會的現實，就是妳的一切他們都知道，只是知道的方法並不一定是那樣。

妳聽著，
首先妳要去想到一件事，
所有人知道妳的所有事，
也知道妳現在在想什麼，
同樣的也發生在我身上，
也發生在每一個人身上，
只不過有人是肉眼觀察，
有的人是用電子顯微鏡，
有的人用的是腦波監視。

現在所有人角色扮演各司其職，
有的人不知道自己被指揮，
有的人被迫接受上級命令，
頭頭們根據上段的資料研判，
到底這個世界所有人要怎麼對待妳。
也就是，
妳想像一部最驚悚的電影，
所有人有意無意聯合起來，
對付妳，監督妳，
撫慰妳，獎勵妳。

妳的事情對團體影響較大的，
頭頭們開會決議，
像情報局裡的幹部開會一樣，
會議桌上還擺著妳的檔案夾，
決定要犧牲妳還是犧牲別人，
決定讓妳出頭還是栽培別人，
一切決定都要有充份的理由。

影響較小的，
丟給小頭們處理，
包括妳父母在內。

只是既然是情報，
就有分級，
有人看到的是限制級，
有人看到的是普通級，
最上層的看的是無碼，
有的人還拿到假情報。

人都自私自利，
第一流的用功勞來管，
第二流的用道德來管，
最上流的拿權力來管，
只有這一流才是贏家。

踩著別人肩膀往上爬是常態，
恨不得妳道德犯了錯誤，
這樣子妳的支持者會少很多。

妳只是他們的奴隸之一，
他們在妳身上撈到好處，
這些方法法律無法禁止，
所以眾口爍金指鹿為馬，
就怕妳學得太聰明了，
就怕妳不被他們控制，
所以才會這樣指責妳，
兼試探妳。

他們的心眼很小，
是因為他們擁有的也很少，
只要是有利可圖，
利用妳，
踩上去，
只要是無利可圖，
背叛妳，
出賣妳。
交織其中的，
外在，
是財富跟性愛的交易，
內在，
是虛榮跟傷害的輪迴。

算命的行業為何一直有？
妳的劇本也早就杜撰好，
一出生也許就分門別類，
也許妳上輩子做了錯事，
也許別人做錯妳卻代罰，
一切以團體利益為優先，
只不過中途再修修改改，
妳偏離先天命運的軌跡，
團體權力就把妳壓回去，
就如此而已，
所以才會準。

最後，
生命的幸福，
生命的選擇，
要學他們，
或者不學，
還是有另一條路？

還有串文要丟給妳看，等一下：
https://www.dcard.tw/f/relationship/p/228703624?ref=android",1,M
38588b17-3170-43a1-858a-7632a48788ad,228876403,2018-05-14T01:34:01.401Z,2018-05-14T01:34:01.401Z,4,加油( *･ω･)ﾉ,1,M
7528b209-5bee-4f73-ab5b-32d958457b44,228876403,2018-05-14T04:09:06.205Z,2018-05-14T04:09:06.205Z,5,"原po加油
有點無法想像妳小時候怎麼撐過來的
國小根本就還在任性的階段啊
居然就要自理了",1,M
686929ce-4d69-41b0-bc8a-d438d1ac79f6,228876403,2018-05-14T17:47:50.090Z,2018-05-14T17:47:50.090Z,6,"雖然我的能力沒有你強，但大概能懂你五分
 我的母親也是一樣，甚至我從小的衣服她都沒買過給我，國中就只有我要去打工，明明我們家都是女孩，我都懷疑是不是親生的了

希望原PO可以好好放過自己
那句“再怎麼樣，他們依然是自己父母”
你要是過於堅持這個，會害死自己的

妳可以偶爾金錢幫助，也可以幫他們規劃 買保險，讓他們老年也不用擔心生病醫療

但你得試著放過你自己，有時候不是你做了多 父母就會感謝 更愛你",1,F
d511b073-44aa-47b6-a34d-15ae809ea6f3,228875828,2018-05-13T17:58:41.759Z,2018-05-13T17:58:41.759Z,1,眼眶泛淚了⋯你很棒☺️,1,F
547b061f-0984-4e4f-95c2-76c0bcdda079,228875828,2018-05-13T19:50:38.155Z,2018-05-13T19:50:38.155Z,2,你媽超正,4,F
a4105b57-3749-4825-b498-fa50fef45784,228875828,2018-05-13T20:23:24.487Z,2018-05-13T20:23:24.487Z,3,你很棒！媽媽看起來只能叫姊姊的感覺☺️,1,F
64cbcd5b-d10c-4d5e-8d0b-9fe4aea9e81f,228875828,2018-05-14T01:33:46.937Z,2018-05-14T01:33:46.937Z,4,媽媽也太美了！！！,0,M
35be481b-b2ae-41fb-8633-70b1a24a8058,228875828,2018-05-14T18:15:52.174Z,2018-05-14T18:15:52.174Z,5,正,0,M
e66db604-5390-4622-979e-0f96cbcbad48,228875828,2018-05-15T02:24:19.311Z,2018-05-15T02:24:19.311Z,6,媽媽真的好漂亮！,0,F
141c481e-32a1-408e-ba27-40b33943b5da,228875828,2018-05-15T02:29:42.877Z,2018-05-15T02:29:42.877Z,7,看到哭是怎樣啦😭😭😭,0,M
7a9408f4-6bde-4db7-8fc5-3e4f4e20c867,228875650,2018-05-13T17:36:23.744Z,2018-05-15T04:00:39.755Z,1,"加油 辛苦了 母親節快樂🎉
哈哈哈哈哈",696,F
96660d53-714f-4b90-be0d-940e6a49e029,228875650,2018-05-13T17:48:30.356Z,2018-05-15T05:05:34.282Z,2,"真的只有當了媽媽才能體會這種辛苦
媽媽真偉大QQ",521,F
fbe02382-0b05-4664-9354-85c2523e1566,228875650,2018-05-13T23:51:09.667Z,2018-05-15T11:56:51.996Z,3,"https://i.imgur.com/eV31mkT.jpg
我的熊寶❤❤
小小熊的媽😘😘",405,F
1d323d8a-5373-4bf9-a897-ac2b5f82cf9f,228875650,2018-05-14T00:14:23.453Z,2018-05-14T00:14:23.453Z,4,"小奶怪可愛～～
媽媽也辛苦了
生、養小孩真的不容易啊…",9,F
ac67de36-f182-4098-bf3f-1606e9df74bf,228875650,2018-05-14T07:34:00.758Z,2018-05-14T07:34:00.758Z,5,"大便夾斷😂😂
好笑又中肯",15,F
0ce64771-08b7-4a17-a708-7466e66c63e7,228875650,2018-05-14T07:36:30.416Z,2018-05-14T07:36:30.416Z,6,"你的寶寶真可愛
辛苦了💓",4,F
4cefed5d-d005-4c45-b0e4-54703eb2a28e,228875650,2018-05-14T07:57:25.688Z,2018-05-14T12:15:37.473Z,7,媽媽真的是世界上最偉大的人了❤,6,F
d77cddaa-d0f7-451d-a5df-695450bec92b,228875650,2018-05-14T08:17:58.240Z,2018-05-14T08:17:58.240Z,8,"當媽媽真的很辛苦很辛苦
不過每當看見寶寶 就依然覺得很值得❤
你的寶貝好可愛😍
我也很期待我的寶寶出來 但又怕受傷害😂
母親節快樂哦😊

- 月底即將卸貨的媽🙋",18,F
43cf7103-b97d-4a16-9251-7bcbb7b3b045,228875650,2018-05-14T09:04:04.598Z,2018-05-14T09:04:04.598Z,9,媽咪們太偉大了QQ,2,F
8e62a231-155e-480c-b238-07fd1f1633c7,228875650,2018-05-14T09:20:44.209Z,2018-05-15T00:32:30.606Z,10,寫的太好了，我真的佩服的五體投地,9,F
77a8939f-4f3c-421a-b5b9-baf04fdb7ca5,228875650,2018-05-14T09:21:06.507Z,2018-05-14T09:21:06.507Z,11,可以借我轉貼嗎,3,F
25bcc27d-afe8-4bf8-ab30-53c945957ae8,228875650,2018-05-14T09:43:14.291Z,2018-05-14T09:43:14.291Z,12,依舊很想咬一口🤤,3,F
8f7de905-c253-438f-b839-78c8d6fe8d77,228875650,2018-05-14T09:49:50.568Z,2018-10-31T10:50:18.245Z,13,"你講寄生我突然好像什麼開竅了...
寫的好，母親節快樂",7,F
ba5abccb-893b-43d8-a348-3189fce413e2,228875650,2018-05-14T10:03:00.847Z,2018-05-14T10:03:00.847Z,14,感動,4,F
1df0e578-fef7-4fb5-9c86-e36869fe92ce,228875650,2018-05-14T10:18:48.606Z,2018-05-14T10:18:48.606Z,15,母親節快樂啦,2,F
3ebec623-2dee-4f1e-b2d4-09c3a282562d,228875650,2018-05-14T10:19:09.635Z,2018-05-14T10:19:09.635Z,16,好感動，辛苦了❤️,3,F
50b208cf-25fc-48d2-ae8a-c1056e47c478,228875650,2018-05-14T10:20:47.104Z,2018-05-14T10:20:47.104Z,17,看到哭😭,13,F
86c1438c-211c-4e28-9670-0ea1a00d0e91,228875650,2018-05-14T10:22:51.448Z,2018-05-14T10:22:51.448Z,18,這個也太可愛了吧🤗🤗🤗,2,M
9b83c0f9-1f5b-469a-84a2-4b88aaa2ede6,228875650,2018-05-14T10:31:18.852Z,2018-05-15T03:35:04.314Z,19,"屎一出來的那一霎那聽到小孩哭，真的只有夾斷，衝出去抱小孩！中下午就只能掛在身上，完全沒有自己的時間🤦🏻‍♀️
https://i.imgur.com/uTls5ub.jpg",35,F
aa882e0c-7943-4ee3-ac95-9c42083fe369,228875650,2018-05-14T11:14:25.928Z,2018-05-15T01:02:19.769Z,20,辛苦媽媽,3,M
c0414e19-4600-4349-9acd-7a27b53eb8e2,228875650,2018-05-14T11:24:19.250Z,2018-05-14T11:24:19.250Z,21,一直看到夾斷大便😂,9,F
d7b9e2f7-f059-4bb4-8c52-5f2242edb401,228875650,2018-05-14T11:36:39.053Z,2018-05-14T11:36:39.053Z,22,"真的哈哈哈我正在寄生獸的階段剩15天就要出生了😂😂😂
接下來就要各種體驗了天啊",7,F
77d06519-a604-4dbd-8a0c-c1e012102c84,228875650,2018-05-14T12:12:30.492Z,2018-05-14T12:16:39.024Z,23,"https://i.imgur.com/T1Q0QHg.jpg
我今年第二年了(⁎⁍̴̛ᴗ⁍̴̛⁎)
被轟炸到習慣
現在還在托嬰中心工作根本搞死自己😂😂😂

母親節快樂呦❤️❤️❤️",40,F
0d7281ce-5cc8-4cc0-b6e2-cce103a28e40,228875650,2018-05-14T12:12:39.734Z,2018-05-14T12:12:39.734Z,24,辛苦了，我也是新手媽媽 能夠體會妳的心情，看到孩子的笑容和成長，都很值得,6,F
b828f30b-8f61-46cf-9cf4-06e30b62b839,228875650,2018-05-14T13:13:54.918Z,2018-05-14T13:13:54.918Z,25,"超有感😭😭
當媽以後才能體會這是多麼辛苦的身分",2,F
2825ec52-95b7-47e7-85af-5d03a83b1e1e,228875650,2018-05-14T13:19:43.707Z,2018-05-14T13:19:43.707Z,26,"真的！！！
我因為有讀研
所以有找保母幫我顧小孩
但在家裡即使在讀書
一聽到孩子哭還是立刻衝去看",4,F
b8487f3c-59dc-4d21-a778-26c2a27eb89c,228875650,2018-05-14T13:22:28.842Z,2018-05-14T13:22:28.842Z,27,"好喜歡這篇
不知道我什麼時候能夠體會🤣🤣",2,F
243bba5b-c20e-46e7-b923-3d272a662609,228875650,2018-05-14T13:22:40.114Z,2018-05-14T13:22:40.114Z,28,媽媽真的好辛苦!!!世界上最美最偉大的女人們,1,F
b4d15474-754b-4d0d-9b9f-f4de1e397f79,228875650,2018-05-14T13:30:01.613Z,2018-05-14T13:30:01.613Z,29,"被迫變媽咪、看著心酸起來！
我也是....",1,F
2f19d432-0400-43c0-a0ba-bb104aa76639,228875650,2018-05-14T13:40:13.577Z,2018-05-14T13:40:13.577Z,30,"超有感😭
https://i.imgur.com/BVdNmJD.jpg",11,F
66e4dcec-84e5-4d0b-857a-95054a312df4,228875650,2018-05-14T13:40:50.727Z,2018-05-14T13:40:50.727Z,31,一點都不想嘗試😒,11,F
c788a5a1-3406-4563-b9ed-f0298021787e,228875650,2018-05-14T13:56:06.905Z,2018-05-14T13:56:39.102Z,32,媽媽們都辛苦了❤️,1,F
4305a29d-66e7-4a59-a3ea-d18741204c4a,228875650,2018-05-14T13:57:35.227Z,2018-05-14T13:57:35.227Z,33,夾斷大便很煩😂,2,M
207b5977-dcba-48a0-84d7-b14b9fa2d447,228875650,2018-05-14T14:00:23.916Z,2018-05-14T14:00:23.916Z,34,廢話 1分鐘60秒,2,M
9bf4d48b-93ae-4840-96ea-13ba2f17156b,228875650,2018-05-14T14:12:11.719Z,2018-05-14T14:12:11.719Z,35,收藏就獻給妳了,2,M
00bb5aa3-ff22-4d2c-8a96-b0db560ad821,228875650,2018-05-14T14:48:24.572Z,2018-05-14T14:48:24.572Z,36,"身為一個新手媽媽，我非常認同！
借分享複製😭",2,F
28d524ff-2102-44d7-82a2-f748467a645e,228875650,2018-05-14T14:51:22.920Z,2018-05-14T14:51:22.920Z,37,"辛苦了，女友的第一胎因為胚胎不良，自然流掉了😭😭
我跟他都蠻難過的，過陣子再努力💪

遲來的母親節快樂",4,M
a0747b74-e1df-40d9-aeda-0b3e477a493a,228875650,2018-05-14T15:01:15.022Z,2018-05-14T15:01:15.022Z,38,"真的已經抵擋不住了
差不多要開一間媽寶版了吧!!!!!!!!!!!!!",2,F
862e50b6-8b8a-4583-bc38-3bc2a7ab3cd0,228875650,2018-05-14T15:04:02.075Z,2018-05-14T15:04:02.075Z,39,"https://i.imgur.com/dyMraJL.jpg
https://i.imgur.com/sRprZWq.jpg
我還多了打針這條路才有這個寶貝的",63,F
e7311b5b-c7f9-472a-af02-35ac5f5d846b,228875650,2018-05-14T15:29:46.084Z,2018-05-14T15:29:46.084Z,40,"超有感🙋🏻‍♀️ 才習慣三個月左右而已 還有的拼💪🏻
https://i.imgur.com/UZbuR5q.jpg",20,F
f7480fda-9a4a-4bc2-a1f7-7367eeb39623,228875650,2018-05-14T15:37:16.321Z,2018-05-14T15:37:16.321Z,41,"真的很有感😭😭😭😭
就算照顧的當下很累、很煩、很想把小屁孩塞回去
但是看著孩子慢慢長大、學會走路、學會咀嚼、學會喊爸爸媽媽的時候
就覺得 嗯 好像其實也還好
不要求孩子能夠立馬學會什麼 但卻希望他能夠健康平安長大
各位媽媽們都很辛苦
母親節快樂！（遲到的母親節😂😂
https://i.imgur.com/B3ms9vT.jpg",18,F
d69c20b9-a79d-4723-bf09-c6e30cef3043,228875650,2018-05-14T15:46:41.153Z,2018-05-14T15:46:41.153Z,42,看到哭了,3,F
c361cbcd-f870-4810-b42a-713f119afddc,228875650,2018-05-14T16:03:56.361Z,2018-05-14T16:03:56.361Z,43,b3 好萌阿 小小的最可愛了,1,F
f3adcbdb-d6c3-467b-b689-e5791acc7b90,228875650,2018-05-14T16:20:07.917Z,2018-05-14T16:20:07.917Z,44,b8 平平安安阿 媽媽加油,0,F
43b9d980-f513-4261-b59b-bcc4f44b96d6,228875650,2018-05-14T16:20:29.298Z,2018-05-14T16:20:29.298Z,45,b11 可以啊,0,F
b4a68716-fde8-48e0-9e8f-6e4c7786b3cf,228875650,2018-05-14T16:41:57.797Z,2018-05-14T16:41:57.797Z,46,"https://i.imgur.com/J2yFmg4.jpg
只要笑一個媽媽就無怨無悔了😭😭😭",9,F
6a0eff49-8de3-40c9-a8cb-fcb726af01e1,228875650,2018-05-14T16:44:01.088Z,2018-05-14T16:44:01.088Z,47,"b12 https://i.imgur.com/8kLEXP1.jpg
分你一口",9,F
8c737cc9-613b-4a05-bdfb-fdcf5ee6b502,228875650,2018-05-14T16:46:48.265Z,2018-05-14T16:46:48.265Z,48,"b13 我媽都這樣講我😫
她說這個過程跟宿主被寄生一樣，提供身體跟養分
靠她講得有夠像恐怖片",2,F
5fc80f2e-288d-4cae-ba17-fb6c4183b4f1,228875650,2018-05-14T16:47:21.389Z,2018-05-14T16:47:21.389Z,49,b17 不哭不哭,1,F
bab6b87f-bd06-47db-9f70-85574bd6ee3f,228875650,2018-05-14T16:49:16.486Z,2018-05-14T16:49:16.486Z,50,"b19 對!!
有時候還只能抱著上

寶寶好可愛😍",1,F
739043a9-5900-4646-9dd3-f1a35ffe1a44,228875650,2018-05-14T16:49:57.429Z,2018-05-14T16:49:57.429Z,51,"辛苦了
也是我的第一個母親節唷https://i.imgur.com/UNP3BoW.jpg",7,F
0920a638-3ca6-4128-8395-0487abdb027d,228875650,2018-05-14T16:50:05.924Z,2018-05-14T16:50:05.924Z,52,"b22 加油阿媽咪
要健健康康平平安安的喔",2,F
60a325f9-f26a-4a9f-8a62-9b2829c91f07,228875650,2018-05-14T16:50:43.699Z,2018-05-14T16:50:43.699Z,53,b23 好可愛 這個以後一定正咩,3,F
5006a072-3ee1-47d0-8492-b03a50435596,228875650,2018-05-14T18:28:34.509Z,2018-05-14T18:28:34.509Z,54,"https://i.imgur.com/D6Z1N4p.jpg
自從她出生之後沒一天能睡飽😭
但是baby的笑容真的是會融化每一個做媽媽的⋯⋯",9,F
0825c6e8-1178-40cd-88da-550da5b82398,228875650,2018-05-14T19:21:41.343Z,2018-05-14T19:21:41.343Z,55,"如果我在拉屎 我女兒哭了
我還是會把屎拉完唷❤️

我也是第一個母親節
母親節快樂🎉",2,F
fefa56a3-13fd-407b-bb4d-b58123b60494,228875650,2018-05-14T21:21:31.074Z,2018-05-14T21:21:31.074Z,56,靚靚啊靚靚~,0,F
15a4d139-1c3a-48d7-add0-f08d3cf3608a,228875650,2018-05-14T22:20:24.041Z,2018-05-14T22:20:24.041Z,57,"看到你們的北鼻都好可愛
等到自己生之後，好氣又好可愛
媽媽們辛苦了，不管是不是母親節，都辛苦了",0,F
97182e2f-ef3f-4044-ae61-e9f37b4b09c3,228875650,2018-05-14T22:51:54.386Z,2018-05-14T22:53:00.328Z,58,"兩個小時喝一次太頻繁了 ，可以拉長時間唷 ，至少可以拉長至每四小時喝一次，不然這樣太辛苦了，拍嗝的部分要看情況，不是所有小朋友都需要拍這麼久才會打嗝

母親節快樂",1,F
3f179300-753b-4f5a-a34f-e74ed42f0b80,228875650,2018-05-14T23:16:26.137Z,2018-05-14T23:16:26.137Z,59,母親節快樂❤️❤️❤️,0,F
75780aeb-212e-42ba-8ece-455c4310f7d0,228875650,2018-05-14T23:49:10.419Z,2018-05-14T23:49:51.815Z,60,"非常有感 真的很累
他老娘我超想睡覺的
他又一直不睡 在那邊嗯嗯啊啊亂哭
啊～誰來把我打昏 讓我可以好好的睡覺💤",1,F
08c5e51b-9a6c-4f55-bf9d-c8cc526ae54e,228875650,2018-05-15T00:18:19.477Z,2018-05-15T00:18:19.477Z,61,我家 我爸媽都是是媬母 每天都看到很多小孩 XD,0,M
3746f2c0-85fa-4473-863b-955f56c39e26,228875650,2018-05-15T00:24:56.129Z,2018-05-15T00:24:56.129Z,62,"加油啊，像我終於熬出頭了。
https://i.imgur.com/RvSyVKs.jpg

出去玩，我都叫哥哥把妹妹顧好，牽好。
https://i.imgur.com/aZz9yvz.jpg",15,F
75f18eb7-8914-44aa-9872-cc445f920273,228875650,2018-05-15T00:38:03.216Z,2018-05-15T02:21:49.217Z,63,"你很棒
全天下的母親都是偉大的💕",0,F
f3fe911f-d281-4d4c-bd4e-8bfdc682bb55,228875650,2018-05-15T00:57:22.826Z,2018-05-15T00:57:22.826Z,64,中出快樂,0,M
f37829a6-95c6-4458-8467-dd1aa40129bd,228875650,2018-05-15T01:02:00.045Z,2018-05-15T01:02:00.045Z,65,"https://i.imgur.com/jhiJkcs.jpg
那我也來分享一下我可愛的額子🤗🤗🤗",7,F
4216950d-da11-4c1b-8037-5e0a477ae7e5,228875650,2018-05-15T01:11:23.929Z,2018-05-15T01:13:52.354Z,66,"加油
我是個單親媽媽每次上班遇到瓶頸
很難過我就會跟我女兒視訊或是看看他的照片就會有動力
她現在2歲了
每當周圍的朋友問說不後悔嗎
我都會堅定地說我完全不後面我的青春時間都在他身上
我反而感覺自己很幸福
每當回到家我女兒都會衝來門口叫我媽媽
我都感覺是件很幸福的事
看到她會爬會走路會叫我媽媽會說愛媽媽
那種開心感動真的比不上任何事情
雖然她現在很皮
但是我還是很愛他
母親節的最好禮物就是有他來到我的生命中
祝所有媽媽都母親節快樂😁😁
https://i.imgur.com/cgc94Zq.jpg",17,F
569e0d7d-9b39-4ef8-bba3-692a48cc47cb,228875650,2018-05-15T01:17:51.779Z,2018-05-15T01:17:51.779Z,67,"https://i.imgur.com/t7U0XBp.jpg
真的只有自己知道苦在哪🤣",4,F
67b9804a-cf44-48cf-bec4-bd4f8278669b,228875650,2018-05-15T01:19:06.741Z,2018-05-15T01:19:06.741Z,68,為什麼偷偷加了洋蔥,1,F
68185945-56a2-4eef-a1cc-8fc4733f9312,228875650,2018-05-15T01:22:22.840Z,2018-05-15T01:22:22.840Z,69,後面突然丟顆洋蔥手榴彈是怎樣嗚嗚,0,F
c068e830-bb5d-4373-863f-a9a899028f8f,228875650,2018-05-15T01:40:05.077Z,2018-05-15T04:39:15.905Z,70,嗚嗚嗚嗚 好感動   也不要忘記好好的孝順你父母,0,M
b5887c38-f6d9-4b84-bf4e-9a7fbd69820f,228875650,2018-05-15T01:54:23.227Z,2018-05-15T01:54:23.227Z,71,"天啊這串好多小寶寶😍😍😍😍
好可愛 可是他們也是小惡魔哈哈",1,F
c1172efa-1965-425f-8ec8-22302fd591c1,228875650,2018-05-15T01:56:32.894Z,2018-05-15T01:56:32.894Z,72,謝謝所有偉大的媽媽們,0,F
cba2a80e-8231-4a58-acd2-20cec84a0527,228875650,2018-05-15T02:01:13.757Z,2018-05-15T02:01:13.757Z,73,很值得收藏的一篇洋蔥文,0,M
7a6f4a34-8318-47d4-81c2-44f72ebeb319,228875650,2018-05-15T02:07:20.485Z,2018-05-15T02:07:20.485Z,74,深有同感，孩子真的是怪物的化身😂,0,F
56a2a626-3faf-46e0-a394-519ddd115bf5,228875650,2018-05-15T02:14:29.634Z,2018-05-15T02:14:29.634Z,75,看完好感動啊😭,0,F
9e071479-0172-46d4-94be-48882c5f4bfc,228875650,2018-05-15T02:24:57.251Z,2018-05-15T02:24:57.251Z,76,"打死我也不生小孩
太可怕了",1,F
4cde1650-d674-493a-9ca4-98f0dd7892ac,228875650,2018-05-15T02:27:15.442Z,2018-05-15T02:27:15.442Z,77,被中出過喔,0,M
596c76a6-1f1d-4c73-95b4-09a5b321425d,228875650,2018-05-15T02:27:31.288Z,2018-05-15T02:27:31.288Z,78,"減痛真的是要看體質，我生兒子的時候完全無痛，都全開了我還沒感覺ㄌㄟ，一直持續到按摩完子宮都無痛😂
附上小惡魔一只
https://i.imgur.com/eC7zGoi.jpg",7,F
2ec3ce75-27e0-4d3c-9736-bb7cd4178706,228875650,2018-05-15T02:28:34.807Z,2018-05-15T02:28:34.807Z,79,"一直看到夾斷大便哈哈
請問如果夾斷大便後，老公突然想肛肛好.........XD 撞牆的概念",0,M
74d036dc-5962-4029-bc00-e02d65c94dba,228875650,2018-05-15T02:33:37.768Z,2018-05-15T02:33:37.768Z,80,就已經便秘了還要夾斷大便😭😭 這樣我以後生小孩怎麼辦😱,1,F
63b13a9a-4002-43c5-914e-e9ecf80a93ca,228875650,2018-05-15T02:36:10.957Z,2018-05-15T02:36:10.957Z,81,"第二年陪我過母親節的孩子
讓媽咪常常眼神死的調皮男孩
https://i.imgur.com/NNiq7Bw.jpg",2,F
e2d788f7-8b20-4c9d-9814-02e0963ba46b,228875650,2018-05-15T02:40:03.506Z,2018-05-15T02:40:03.506Z,82,辛苦了,0,F
c7339e77-acf4-4410-bd69-e1061afdaca9,228875650,2018-05-15T02:47:15.749Z,2018-05-15T02:47:15.749Z,83,把大便夾斷 嗯....正在吃早餐,1,F
910154cc-ffc7-489f-b5bb-ec9225386be9,228875650,2018-05-15T02:53:12.006Z,2018-05-15T02:53:12.006Z,84,"很寫實啊！
但為什麼要一直強調夾大便啦XDDD

每看到一次我腦海就出現畫面…",1,F
834409c6-a749-48c9-80ff-ce0f657912fd,228875650,2018-05-15T03:01:12.113Z,2018-05-15T03:01:12.113Z,85,「沒有屬於自己的生活」看到這句話眼眶泛紅啊啊啊啊 我媽真的是女強人👍👍👍,1,M
80480331-e389-4c3a-9ff2-3c364b239ddd,228875650,2018-05-15T03:14:23.472Z,2018-05-15T05:33:51.616Z,86,,,
f8b383ec-3a8c-4db9-a788-2822fa83dc87,228875650,2018-05-15T03:32:15.039Z,2018-05-15T03:32:15.039Z,87,"辛苦了 
三寶媽含淚含汗路過....
https://i.imgur.com/ZY44oXb.jpg",10,F
79f19e9b-e835-4dcf-adee-b9eade49fbb4,228875650,2018-05-15T03:37:10.196Z,2018-05-15T03:37:10.196Z,88,有人跟我一樣在想像寶寶出生時就會自己爬出來的畫面好像很可怕ㄇ.........,1,F
42caac45-5dd3-462b-9409-743e6b504ba8,228875650,2018-05-15T03:37:18.614Z,2018-05-15T03:37:18.614Z,89,"【沒有人教我怎麼當個媽，但我生下你的那刻起，我就必須是媽媽】
看到這句話差點哭了
好感動😢真的辛苦了🙏",5,F
705a29e0-e23c-4c76-b68f-fd4570a96094,228875650,2018-05-15T03:38:03.634Z,2018-05-15T03:38:03.634Z,90,"照顧女兒我從來不覺得辛苦 辛苦的是有個什麼都要插一咖的婆婆🙄🙄🙄
但是看到她的笑容什麼辛苦疲勞都不見了
https://i.imgur.com/KMyk1X5.jpg",4,F
bf6ebe2f-1ca3-4112-8bcd-595d953ee5c9,228875650,2018-05-15T03:46:40.222Z,2018-05-15T03:46:40.222Z,91,"天啊 我四月也剛卸貨 看完都哭了 
完全說出我的心聲 感同身受
媽媽真的好辛苦好偉大 一起加油
雖然有時候很崩潰 但半夜看著寶寶的睡相和笑容
一切辛苦崩潰都拋在腦後了",0,F
0e0592fe-4d23-4927-a5a8-19033d919ce6,228875650,2018-05-15T03:47:50.798Z,2018-05-15T03:47:50.798Z,92,"今年也是我第一個母親節
https://i.imgur.com/BMfcVfA.jpg",4,F
a8da663c-9c1d-4c3d-b94f-acd89c4e4b11,228875650,2018-05-15T04:01:42.255Z,2018-05-15T04:01:42.255Z,93,"https://i.imgur.com/ILhBbGa.jpg
親身體驗才知道恐怖..",2,F
84530adc-8d3c-4539-bafe-be4e313cb3f8,228875650,2018-05-15T04:01:54.164Z,2018-05-15T04:01:54.164Z,94,眼睛太小那段 我每天都這樣跟我媽媽說😭哈哈,0,F
b5d84d4c-854a-4d64-992a-dbbdb31b556a,228875650,2018-05-15T04:16:25.590Z,2018-05-15T04:16:25.590Z,95,看了這篇真的很辛苦啊⋯⋯果然生了孩子就是得辭職在家，不然孩子真沒法顧⋯⋯,0,M
0f3da162-2b57-4875-89f9-712b782b5e3f,228875650,2018-05-15T04:19:12.867Z,2018-05-15T04:19:12.867Z,96,母親真的很偉大,0,M
edf68a58-b88e-4da9-9bd8-ce7d5c1f3cfb,228875650,2018-05-15T04:33:28.612Z,2018-05-15T04:33:28.612Z,97,"今年也是我第一個母親節，我的女兒這個月22號就滿五個月聊到，看了妳的文章眼睛有點濕。
媽咪辛苦了。",0,F
e9ca59ff-9eff-486e-abc0-3678e7ddac6e,228875650,2018-05-15T05:00:21.134Z,2018-05-15T05:00:21.134Z,98,"https://i.imgur.com/KZdxaup.jpg
致辛苦的媽媽們

我也是第一年的母親節✌🏻✌🏻✌🏻",4,F
e9f95ade-6ddb-426f-873a-2afe657b1721,228875650,2018-05-15T05:07:56.050Z,2018-05-15T05:07:56.050Z,99,"B66我知道妳是誰！哈哈
加油加油 你女兒超可愛的😍
祝福她平安健康長大💕
也祝妳幸福 👾",0,F
c446315c-db4a-406c-ba74-f9f42f3ddf4e,228875650,2018-05-15T05:11:05.786Z,2018-05-15T05:11:05.786Z,100,就算這樣還是會想當媽❤️,0,F
9c570e6d-9afd-4d49-95c2-bd96d23118e9,228875650,2018-05-15T05:17:00.342Z,2018-05-15T05:17:00.342Z,101,"https://i.imgur.com/ZLcWGOf.jpg
第二個母親節❤️",2,F
88d7ec8d-14d6-454d-abc9-785262dbde9b,228875650,2018-05-15T05:17:43.780Z,2018-05-15T05:17:43.780Z,102,滿滿的人妻！？,1,M
8aafd841-47ef-45e3-b314-42cd9134b2e5,228875650,2018-05-15T06:23:55.931Z,2018-05-15T06:23:55.931Z,103,"除了生下來 其他沒了~


沒在過母親節的我",0,M
5f578e33-8a25-4060-b5cb-773e31e56399,228875650,2018-05-15T10:13:48.582Z,2018-05-15T10:13:48.582Z,104,"那滿滿像米其林的小肥肉
我好愛捏阿!!!!!!",0,M
0baab3b2-df41-4457-b83d-2cbba6ad787c,228875650,2018-05-15T15:15:04.870Z,2018-05-16T11:23:11.014Z,105,"送上 心情不美麗的拉拉蟲
今年也是第一個母親節https://i.imgur.com/lmHC2Cn.jpg",1,F
e6f0ac48-6eb0-4204-84c3-89b46f5fbba7,228875650,2018-05-16T05:01:48.038Z,2018-05-16T05:01:48.038Z,106,真的，只有當媽才會超有感，因為也是我第一個母親節，我也還在換尿布，餵奶，擠奶輪迴中。😭,0,F
7ddc5abe-199f-4bcf-969d-742fc31ab178,228875650,2018-05-16T05:22:15.658Z,2018-05-16T05:22:15.658Z,107,"B90
超有感，累的不是照顧孩子，累的是旁邊的人意見一堆很煩",0,F
7a46ffa7-f392-4440-a75a-7842a4156c29,228875650,2018-05-16T17:25:11.911Z,2018-05-16T17:25:11.911Z,108,"b26 你超強
辛苦了媽咪",0,F
ca3df9c6-43a7-4d6f-87ef-aa7f5061379e,228875650,2018-05-16T17:29:47.395Z,2018-05-16T17:29:47.395Z,109,"b30 養的好好☺
b35 謝謝喜歡
b36 好的一起加油
b37 加油 寶寶會再回來的
b39 真的不容易 但值得
b40 好可愛哦 加油☺
b41 我也常常想塞回去😂",1,F
9289566c-9693-4a2b-b515-098c09c0e038,228875650,2018-05-16T17:31:25.068Z,2018-05-16T17:31:25.068Z,110,"B109 
https://i.imgur.com/b9w27H6.jpg
我家的屁小孩😂😂😂",0,F
3de316d9-8d3e-4960-bfee-d118a03e73d4,228875650,2018-06-06T13:56:29.768Z,2018-06-06T13:58:33.020Z,111,"我是B22
我的寶寶結束寄生獸階段了哈哈
她是我今年最棒的生日禮物❤️❤️
在我生日前兩天跟我相見歡
還好我生日大餐已經提早吃完了😂
https://i.imgur.com/dR5wnz9.jpg",2,F
025c5090-e619-48f6-8cfa-d70884c69299,228875650,2018-06-06T14:09:28.996Z,2018-06-06T14:09:28.996Z,112,B111 恭喜妳，我兒子也是非常剛好在我生日當天破水😂幸好我提早一天去吃大餐,1,F
5a3ac9b6-d004-409b-b718-aaf584035670,228875650,2018-06-06T14:16:14.393Z,2018-06-06T14:16:14.393Z,113,B111 好可愛啊啊啊啊啊！！,0,F
27733d05-6e1e-409d-85d6-c5793c017d59,228875650,2018-06-06T17:19:02.472Z,2018-06-06T17:19:02.472Z,114,"B111 恭喜你也辛苦了
長得好可愛
看起來健健康康的
記得坐月子好好把握休息時間
接下來一起體驗各種夾斷大便的時刻吧❤",0,F
4dc9da84-c214-49ee-9ed5-b44628b203c8,228875650,2018-06-07T03:51:49.151Z,2018-06-07T03:51:49.151Z,115,"版上的小朋友都太可愛了吧
小天使一堆",1,F
af4e7fdc-0f8c-4f15-a81f-ad8a167b22a5,228875650,2018-06-07T18:32:18.489Z,2018-06-07T18:32:18.489Z,116,B88 哈哈哈是用轉的鑽出來的😂,1,F
45c87889-d97b-480f-882f-77193e679723,228875108,2018-05-13T16:31:57.320Z,2018-05-13T16:31:57.320Z,1,好美～想給你訂做畢業花束,0,F
022a5f9f-e6ca-44bc-9556-febbcb8b5d1b,228875108,2018-05-14T04:41:48.887Z,2018-05-14T04:41:48.887Z,2,很美~~很賞心悅目,0,F
db87e505-4e89-4869-85e5-80b85644c3f2,228875108,2018-05-23T03:37:06.875Z,2018-05-23T03:37:06.875Z,3,做這樣大概要多少錢😋,0,F
51fc7650-5aa8-4ab3-b7b0-3e266bd6774b,228875108,2018-05-24T09:15:03.698Z,2018-05-24T09:15:03.698Z,4,B3 我是自己做的拉 外面賣應該不便宜,0,F
7a2cab04-b6c2-4129-a2cf-46562cc5d9dd,228875108,2018-05-24T09:19:01.382Z,2018-05-24T09:19:01.382Z,5,B4 我知道哦～就是想知道 買花材、包裝 總共花了多少 因為自己也想做做看 想參考看看～,0,F
b57eac73-5019-488e-8d95-aa1045a20fb9,228875108,2018-05-24T09:23:29.150Z,2018-05-24T09:23:29.150Z,6,我沒算耶 但其實弄一弄應該也快一兩千 嗚嗚嗚嗚,0,F
b624fad6-479c-4be9-8adc-74f00beb4649,228875108,2018-05-24T09:25:46.845Z,2018-05-24T09:25:46.845Z,7,B6 乾燥花真的都很貴呢😭😭😭我最近也有在學習做😋,0,F
66a647a6-52f7-4437-8506-ffa7af9bd647,228875108,2018-05-24T09:26:43.429Z,2018-05-24T09:26:43.429Z,8,"B7 我也是～～～
超喜歡乾燥花",0,F
f95825d8-2571-4a0d-b2ec-fbab09ef8f6b,228875108,2018-05-30T11:24:26.839Z,2018-05-30T11:24:26.839Z,9,"請問包裝有教學嗎~
你包的好好看😳😳",0,F
bb729105-780d-4105-b213-55722fdc8305,228875108,2018-05-30T17:07:21.446Z,2018-05-30T17:07:21.446Z,10,"B9 謝謝你的喜歡
這是一個學花藝的朋友教我的",0,F
150b0319-9f36-47b1-bd92-3bbb85e8e06a,228874887,2018-05-13T15:36:01.543Z,2018-05-13T16:19:17.503Z,1,好難過的一篇文～沒有甜甜的竹馬,154,F
6789a19c-993f-4374-9e17-48eeaa1c8610,228874887,2018-05-13T15:37:59.242Z,2018-05-23T13:59:53.969Z,2,"可惡頭香被搶走了qq

最近的文都讓人好捨不得竹馬啊～",3,F
d4a2ecf4-79ef-4b1f-b209-c06b092b3653,228874887,2018-05-13T15:40:01.699Z,2018-05-13T15:54:57.838Z,3,"給竹馬拍拍
他真的值得更幸福

---
樓上的真的有把文章看完嗎😂",30,F
7ed55aa0-6a10-4a92-83c5-7f3def0729b6,228874887,2018-05-13T15:41:50.202Z,2018-05-13T15:41:50.202Z,4,😢,0,F
b28c6240-3225-4bd4-8c14-95ccc9be116b,228874887,2018-05-13T15:42:18.167Z,2018-08-07T18:06:44.884Z,5,每次看到姐姐的文 不管多好笑 心裡都有一個部份好心疼竹馬😭😭😭😭,9,F
d8603d81-07fb-4138-89d2-e81ad3aa33ec,228874887,2018-05-13T15:48:17.143Z,2019-03-15T10:51:40.824Z,6,"親情真的是最暴力的枷鎖......

看到這類型的文底下還有人在搶頭香
心情好複雜",130,F
63c98097-f29c-4495-916e-1f2151ffd3c1,228874887,2018-05-13T15:53:26.929Z,2018-05-13T15:53:54.882Z,7,"😢😢😢
竹馬真的很讓人心疼嗚嗚嗚嗚",3,F
ac8fc2c7-d2c1-4edb-86e9-64be63a8bdec,228874887,2018-05-13T16:04:33.396Z,2018-05-13T16:04:33.396Z,8,B2 沒搶到頭香有什麼好QQ的？,5,F
469ababf-c911-4e45-9667-f7eca5801711,228874887,2018-05-13T16:16:29.209Z,2018-05-15T03:49:15.361Z,9,每次看完姐姐的文都覺得好險竹馬有著你們愛他😭,3,F
d45c8b2f-a13b-45ba-af8b-27e651095904,228874887,2018-05-13T16:18:48.552Z,2018-05-13T16:20:37.715Z,10,"B1 下一篇一定甜，這幾天都在虐大家，今天就先這樣吧！

大家，B0有更新在下面，關於我為什麼會寫這篇。",5,F
a8b8c2ac-e68b-4a7f-9b2d-1086694ca195,228874887,2018-05-13T16:20:05.071Z,2018-05-26T10:27:55.562Z,11,"好心酸吶
竹馬真的很可憐
還好遇上了姊姊一家人

說真的
債務憑什麼是竹馬還
又不是他欠的
什麼年代了還父債子還...
心疼竹馬",3,F
3f03afe4-2316-42d2-a163-d1102c270a5f,228874887,2018-05-13T16:21:11.038Z,2018-05-13T16:22:17.198Z,12,"竹馬真的好可憐
好險有你們能讓他依靠",2,F
f1ceafdc-6a6d-4caf-9452-116389b3e5d6,228874887,2018-05-13T16:42:38.117Z,2018-05-13T16:48:28.576Z,13,"B11 
其實，竹馬有說過，這些債務是他自願還的。
當初他覺得他家裡的人都逃避問題、逃避責任，他也受不了每日每夜家裡電話接不完的生活，所以他說了一些重話，就離家出走來扛家裡的生計，雖然背後還有一些原因導致他的家人不諒解他，但竹馬始終都沒有不滿還債這件事情，他說，畢竟是他自願的，雖然有時候太累了會有點埋怨，但是他不後悔。
但是，即使他還了債，他的家人還是不願意多愛他一點、多在乎他一點，姊姊覺得痛。😭",10,F
c40f8b2c-5b51-4aaa-b42c-dcf426806549,228874887,2018-05-13T16:46:52.805Z,2018-05-13T16:46:52.805Z,14,"B13 
越是這樣越讓人心疼吶
願意默默付出的好像都得不到回報
即使是一點點也沒有😥

B11",5,F
a79edbea-3f9a-4021-8f0a-a7cde327835d,228874887,2018-05-13T17:10:27.593Z,2018-05-13T17:10:27.593Z,15,"什麼叫誰換債看了這些都要噴火了
還我甜文QAQ",0,M
93c5c770-22ac-44c8-a281-f2c4d99489fd,228874887,2018-05-13T18:04:49.583Z,2018-05-13T18:04:49.583Z,16,QQ心疼,0,M
b692832b-51eb-4deb-9733-d2a797fbe224,228874887,2018-05-13T18:08:11.960Z,2018-05-13T18:08:11.960Z,17,"看到最後一句…
還我眼淚！！",2,F
f8da67d1-64ba-452c-9505-e4bc83c31337,228874887,2018-05-13T19:22:19.405Z,2018-05-14T02:35:34.216Z,18,"看到前兩篇文中的妹妹和竹馬，覺得有點眼熟，就把姐姐的所有文章給追完了(發現前面我有看過，可有時迪卡文看過就忘了😂)
接連著看下來，覺得真的有種看小說的感覺，真實的上演著這些故事，有甜蜜的生活還有生活的無奈，比一般的文更服貼在心上。
可以看的出來你們很疼惜竹馬，竹馬也真的相當負責任和體貼，看著文章有一種被療癒的感覺。 (原諒我也有好多情緒，看起來頗不連貫😭
謝謝姐姐把這些故事分享給我們，讓我知道世上還有這麼美的感情，妳的感悟和詮釋我也相當喜歡。
祝福妹妹工作順心.竹馬可以跟妹妹繼續走下去～
最後想說還好妳們姐妹情深，不然姐姐其中一任醫生前男友的行為，真的很讓人生氣啊啊
當然姐姐一定也難做人，還好把對方甩了
最最後想問妹妹跟竹馬多大了呀?上面有提到23，想說23就結婚太厲害了!!!
期待之後姐姐的其他文章～～
(留言好長啊XD",1,F
e7ba278e-14e1-477b-80a7-8c8b54bf0a17,228874887,2018-05-14T01:15:24.879Z,2018-05-14T01:15:24.879Z,19,"到底為什麼會有家人這樣說話啊
看了真的很生氣欸 有夠心疼竹馬 😡

但是最後一句害我笑出來了 😂",0,F
fc55f165-1b4e-47e9-bb16-3751cab9c77d,228874887,2018-05-14T02:07:06.284Z,2018-05-14T02:07:06.284Z,20,為什麼他家人會對他這麼的壞  只因為是最小的嗎？不也是親生的嗎？,0,F
4c0e59d5-cdc5-4ca2-baae-383691cbde05,228874887,2018-05-14T03:02:27.471Z,2018-05-14T03:02:27.471Z,21,"B17 不要哈哈哈
B18 
竹馬的地位直逼我跟我妹 變成我爸媽心目中的第一名啦😂
不用擔心他過得很好 他只差沒有變胖而已哈哈哈
至於我前男友不要再理他了 就讓他放水流好咧～
哈哈他們都23歲喲 雖然我妹還差10天 但差不多啦
謝謝妳們喜歡 只要你們喜歡 我就會繼續寫的😁
B19 
連竹馬自己都笑了 哈哈哈
B20 
其實我也不是很清楚呢 最一開始確切的原因",2,F
076eb4fe-d41a-4d6c-b834-570ed1c83162,228874887,2018-05-14T04:08:04.339Z,2018-05-14T04:08:04.339Z,22,"我一直以為家中的老么會因為年紀小，而被家人寵的跟寶物一樣，結果竹馬卻與大家相反，反而很成熟、穩重，真的不知道以前他是怎麼過來的😭😭😭
好心疼他喔😭😭😭",1,F
91af8114-7b08-49e7-9df9-a1b432e44be9,228874887,2018-05-14T04:33:27.510Z,2018-05-14T04:33:27.510Z,23,最後一句害我笑出來😂,2,M
2773a470-bf06-406d-90aa-07328400557a,228874887,2018-05-14T06:10:17.863Z,2018-05-14T06:10:17.863Z,24,"還在一起的時候，腦子老是想著媽媽有多不好
離開的時候，滿腦子想的都是媽媽的好",1,F
72796407-7706-4fa5-a883-2bbbedd420ca,228874887,2018-05-14T06:31:03.713Z,2018-05-14T06:31:03.713Z,25,"我能懂竹馬當初充滿恨的感覺
因為我現在就在經歷類似的過程
看他的故事好有感觸
謝謝妳寫出這個故事",1,F
e94abef8-8df6-4aec-8f11-f00e960d50ba,228874887,2018-05-14T08:44:37.026Z,2018-05-14T09:03:58.372Z,26,"B22 
真的，從認識他開始就從沒看過他有什麼老么光環，我們家就兩個小孩，我妹都被我們寵得要上天了，竹馬的哥哥都大他這麼多，反而不受寵呢...他真的太成熟了，姊姊覺得難過😭
不過我媽現在把他當成最小的在寵愛，他最近有越來越幼稚的跡象...？😆

B25 
怎麼覺得有點心疼妳呀😭",2,F
57c44f13-1784-4ea9-a9ec-ce3bac4a079f,228874887,2018-05-14T08:46:49.702Z,2018-05-14T08:46:49.702Z,27,"我花了半天的時間把妳的所以文章看完

結果我現在什麼都看不到了😎😎😎",1,M
cf7662ef-dac4-4643-a1d2-fee69bfae16a,228874887,2018-05-14T09:01:35.849Z,2018-05-14T09:03:17.138Z,28,"B24 
其實，我相信竹馬從來不曾看到他媽媽對他不好的那一面，只是他迫於無奈、要承擔責任，他才沒辦法和他媽媽好好相處吧..
在他媽媽過世以後，雖然他和他媽媽是不歡而散，竹馬花了好長一段時間才終於走出來呢",0,F
7701124a-0de3-4921-ae0b-3ee9558c11b2,228874887,2018-05-14T09:04:31.955Z,2018-05-14T09:04:31.955Z,29,B27 呃...但是這篇不閃呀..？,0,F
6a895d33-6536-4b1a-b31d-294a786d999b,228874887,2018-05-14T09:07:34.393Z,2018-05-14T09:07:34.393Z,30,"B29
之前的文章啊
我早上都在看，一篇接著一篇
根本停不下來rrrrrr",0,M
f704496f-a3a7-401f-8c46-01a5ef5efa63,228874887,2018-05-14T17:17:33.506Z,2018-05-14T17:17:33.506Z,31,B30 我覺得你們真的很厲害欸😂一篇一篇接著看看得下去哈哈哈不會吐嗎😆,0,F
bda9ec56-06be-4b30-b4e8-99263f09f1cd,228874887,2018-05-14T17:20:31.623Z,2018-05-14T17:20:31.623Z,32,"B31
不會吐啊
只是被閃瞎而已，沒什麼😏",1,M
63117964-d183-4bf0-ae14-63a4f9fd9b76,228874887,2018-05-14T18:17:26.500Z,2018-05-14T18:17:26.500Z,33,"B31 我也把姐姐的文看了兩遍
姐姐寫的文章我都會有畫面浮現
覺得你們一家人都好有愛
我是B1",0,F
ed489403-ebc7-493c-b098-96b48736a1aa,228874887,2018-05-15T02:15:33.296Z,2018-05-15T02:15:33.296Z,34,發現之前追了這一系列的文，只能說還好他遇上妳們一家，遇上你妹讓他走出來，希望姐姐你要快點找到屬於妳的幸福唷,0,F
706e7a11-873c-46ef-b1eb-37cd29764b03,228874887,2018-05-25T01:02:19.697Z,2018-05-25T01:02:19.697Z,35,"最後一句讓我笑了
明明是帶有洋蔥的故事不是嗎😰",0,F
ff4d54ab-c020-409d-878f-cef372c8158c,228874887,2018-05-26T17:35:02.949Z,2018-05-26T17:35:02.949Z,36,"B33 現在竹馬也變得很有愛～～改造成功😆😆
B34 姊姊只能慢慢找啦😅
B35 但是因為他真的會揍我，他愛在心裡口難開，別人幫他開他會害羞的時候他就會開始揍人😂",0,F
cae3db81-9dbe-4a2e-868b-e38bd75ca520,228874887,2018-06-11T23:16:26.619Z,2018-06-12T09:40:55.101Z,37,,,
f68291ca-1c7f-4047-995f-857520e6bde3,228874887,2018-06-16T13:55:45.650Z,2018-06-16T13:55:45.650Z,38,哈哈喜歡看姐姐寫些沒營養的放閃文,0,F
f6d79f69-04a9-4ce0-b9b2-da469a620c44,228874887,2018-07-01T15:02:23.215Z,2018-07-01T15:02:23.215Z,39,"B38 
沒營養😂😂😂
哈哈哈聽起來有莫名笑點
謝謝😆",0,F
fc5168fa-88e7-49c6-8084-96fe048e9516,228874887,2019-09-13T06:51:02.515Z,2019-09-13T06:51:02.515Z,40,這篇好感人，然後剛剛成為吳姓姐姐的粉絲，每篇故事都好好看,0,F
7389166e-72d1-47f0-b9fd-c3faa627c5b9,228874853,2018-05-13T15:53:28.711Z,2018-05-13T15:53:28.711Z,1,"通常這種大節日上班前我都會調整心情,順便把「不好意思」 「對不起」一直掛在嘴邊到下班反正客人也愛聽！",0,M
08399cb8-0397-4f88-ba1d-40202871f5e3,228874853,2018-05-13T16:22:38.265Z,2018-05-13T16:23:11.895Z,2,好奇你們一家店如果接不了這麼多客人不能拒絕嗎？維護品質@@或是告知客人前面還有多少組客人要等,0,F
f8154401-41f7-4cc1-8fdb-04363a9da116,228874853,2018-05-18T17:40:42.438Z,2018-05-18T17:40:42.438Z,3,"B2 網路最多只能延90分鐘

不能拒接 上面想賺錢",0,M
66bc0a70-c2fb-4a23-8ec6-87f23e7a226a,228874286,2018-05-15T02:19:24.899Z,2018-05-15T02:19:24.899Z,1,是布莉歐的蛋糕嗎？？,0,F
d621cc3b-443b-403e-a420-125bde0ea1c6,228874269,2018-05-13T14:18:25.010Z,2018-05-13T14:18:25.010Z,1,之前就有了啊,0,F
5b409b79-6f36-4db4-a3cd-bc5ce4eb0b2d,228874269,2018-05-13T14:37:24.039Z,2018-05-13T15:18:10.481Z,2,行之有年 菜逼八(´-ω-`),0,F
2a798f6d-5b0a-4b95-a754-f5dcf079b668,228874269,2018-05-13T14:45:27.868Z,2018-05-13T14:45:27.868Z,3,B1 那為啥沒清明節,0,M
2c3586b6-8a1d-405f-9abf-edc83b314c4d,228874269,2018-05-13T14:51:31.208Z,2018-05-13T14:51:31.208Z,4,B3 你可以建議一下,0,F
ca81070c-dc9b-4e03-9518-1008a16911bf,228874269,2018-05-22T08:51:26.760Z,2018-05-22T08:51:26.760Z,5,嗯,0,M
595cd6b8-1f1d-45fe-9fb0-20452031cbe2,228873995,2018-05-13T13:29:59.013Z,2018-05-13T13:29:59.013Z,1,"好有同感....
平常都有有打給媽媽
但我愛妳就是說不出口
趁母親節該來說一下了",3,F
bbe5c859-73d4-4232-a4de-326d8d7a8707,228873995,2018-05-13T13:35:26.199Z,2018-05-13T13:35:26.199Z,2,"最簡單的一句話
卻最難說出口
我也是愛在心裡口難開的類型
好感動",2,F
03cb3fca-8566-4b79-bdcf-990a972708c8,228873995,2018-05-14T02:24:16.338Z,2018-05-14T02:24:16.338Z,3,"我愛你真的很難說出口
但我覺得媽媽一定知道",2,F
2d355c75-cc0a-4bda-a5b4-b1f2bbfed333,228873995,2018-05-14T02:31:01.918Z,2018-05-14T02:31:01.918Z,4,B1 一年一次的母親節真的要試試看,0,F
605e48bc-2eb9-4db8-bcce-81db888e2908,228873995,2018-05-14T02:31:32.091Z,2018-05-14T02:31:32.091Z,5,B2 影片真的看到眼眶泛紅,0,F
a3c910d2-d025-4687-afb5-3c6509502f38,228873995,2018-05-14T02:32:18.933Z,2018-05-14T02:32:18.933Z,6,B3 對媽媽說出我愛你就是最好的母親節禮物,0,F
7383e6f6-b600-41e2-adb1-f93d336afc18,228873995,2018-05-14T02:39:37.691Z,2018-05-14T02:39:37.691Z,7,"我媽媽身體也不是很好
但我平時無法在身邊照顧她
只能透過電話關心
這次回家看她身心都還不錯就放心多了
原po的媽媽好堅強 一定會身體健康的",1,F
8a8e2594-bc52-4708-b809-de94d633b405,228873977,2018-05-13T13:28:13.323Z,2018-05-13T13:28:13.323Z,1,"原來不是只有我媽這樣😂
不過30度不會開冷氣的",1,F
b4bef8ee-db8c-4674-a75a-4a68f67b9918,228873977,2018-05-13T14:09:19.677Z,2018-05-13T14:09:19.677Z,2,"B1 竟然 可是我媽媽跟妳媽媽有點不一樣
我媽是心理體感溫度30以上就會開了",1,M
fa6a5550-0a2b-441c-a0ab-24281bafbd05,228873918,2018-05-14T19:22:50.799Z,2018-05-14T19:22:50.799Z,1,加油 妳很棒的💪🏻,2,F
af5846f9-a5a2-472b-9557-351ed8bc79ce,228873805,2018-05-13T14:59:27.391Z,2018-05-13T14:59:27.391Z,1,加油加油💪💪😊,1,F
d2623ac6-ac78-483c-8316-30f163923c39,228873805,2018-05-13T16:19:17.717Z,2018-05-13T16:19:17.717Z,2,"母親節也是我爸爸的頭七...
雖然父母離婚很久沒見面但還是很難過

平常心面對 一起加油💪",1,F
745ad0d2-1541-4869-a35c-ff970f623c7e,228873730,2018-05-13T12:43:19.662Z,2018-05-13T12:43:19.662Z,1,想體驗當媽媽的感覺嘛~請撥打0800-xxx-xxx，保證10個月可以享受以秒計算的方案,1,M
118dca3b-6e10-43ce-87d6-939ca4c69a1f,228873730,2018-05-13T12:47:44.890Z,2018-05-13T12:47:44.890Z,2,"樓上
想體驗當監獄犯的的感覺嘛~請撥打
110，保證N年可以享受 以年計算的方案",2,F
5b55be93-e513-4dec-8481-44510cf790e1,228873730,2018-05-13T14:17:49.380Z,2018-05-13T14:17:49.380Z,3,"樓上
想體驗網內通話免費的感覺嗎～請撥打0800-08x-xxx，保證30個月可以享受499網路吃到飽的方案。

499之亂",0,M
bad27f5b-eea6-4823-8343-ff2d299a649c,228873730,2018-05-13T14:20:31.109Z,2018-05-13T14:20:31.109Z,4,B2 B3 各種想體驗XD,0,M
85249847-5780-4dfd-81a4-fd3774d3d23c,228873630,2018-05-13T12:27:24.230Z,2018-05-14T17:07:58.860Z,1,有洋蔥😢,23,F
9a393da0-9299-47c3-a132-a508a2a605b5,228873630,2018-05-13T13:30:19.618Z,2018-05-13T13:30:19.618Z,2,嗚嗚嗚,0,F
fb3623d2-460d-48d0-8ad5-f0f1ae1bcc40,228873630,2018-05-13T18:48:14.369Z,2018-05-13T18:48:14.369Z,3,"看到後面的圖淚崩
原波好好的就是媽媽最開心的了！
抱一個",5,F
e7d746ef-43b3-42e5-8acf-0d8f61cb6eb2,228873630,2018-05-13T18:51:17.772Z,2018-05-13T18:51:17.772Z,4,"我看到流眼淚
我也想我媽媽
無奈有活動回不了家
不然我好想回去抱抱他",0,F
245ab7e2-470e-463a-9aaa-5986df1a08a2,228873630,2018-05-13T19:07:46.943Z,2018-05-13T19:07:46.943Z,5,嗚嗚 有洋蔥 你媽會以你為榮的,2,M
cd5135c5-8f87-4360-aca8-3f6361da1bef,228873630,2018-05-13T21:11:48.562Z,2018-05-14T14:03:49.165Z,6,原po怎麼切了一盤洋蔥呢？,1,F
56ea6aa3-2a87-4fb7-9fd9-7a040e19e4c3,228873630,2018-05-14T05:43:15.943Z,2018-05-14T05:43:29.681Z,7,"這是我用迪卡兩年來
第一篇看到流眼淚的文

加油💕",1,F
811610a8-30e8-410a-b45e-90667a46ec5e,228873630,2018-05-14T09:04:47.235Z,2018-05-14T09:04:47.235Z,8,"我媽媽也是因為路面不平導致車禍過世😭😭
完全明白你的心情
現在哪裡的路段路面全部重整了
還掛了警示標誌

雖然怎麼樣也換不回深愛的人
但至少那你不曾再帶走任何人",4,F
4e90f271-e85f-4ca1-a207-df54833ea32e,228873630,2018-05-14T12:24:47.468Z,2018-05-14T12:24:47.468Z,9,"B4 不用等特別的節日 
有空就抱抱她說愛她💕",0,F
4b10a7a3-8c6b-4a74-ad4f-c6ff54eb108c,228873630,2018-05-14T12:28:08.828Z,2018-05-14T12:28:08.828Z,10,"B3 謝謝妳，抱一個
B5 我一直都是她的驕傲☺️
每個孩子都是對父母親來說都是
B1 B2 B6 B7不哭不哭了",1,F
9e0cf456-545b-4c8e-9362-0de3a87638b1,228873630,2018-05-14T12:33:16.753Z,2018-05-14T12:33:16.753Z,11,"B8
辛苦妳了.. 
雖然講起來很現實
但因為我媽的犧牲，
可以換來地方的重視
不要再有下一個受害者..

我媽不是因為路面不平
是那邊的道路規劃不好
機車沒有路權又危險
那天剛好被一台違規蛇行超車的貨車撞倒輾斃....",1,F
9b1411dc-9de0-4e2b-a3a8-aa8eb3125ec2,228873630,2018-05-14T18:41:39.527Z,2018-05-14T18:41:39.527Z,12,😭😭加油,0,F
cc9c892e-496c-4095-a541-4bb7a1cda4b1,228873630,2018-05-15T10:33:47.046Z,2018-05-15T10:33:47.046Z,13,後勁很強,0,M
b1814415-62b8-4b0e-9e94-f8a4d4120e95,228873629,2018-05-13T12:27:15.871Z,2018-05-13T12:27:15.871Z,1,"哈哈哈哈好狂
我覺得這好有創意喔😂😂😂學起來，讚讚

鼠鼠好可愛😍😍😍",1,F
9608ba8e-b4b5-4873-b7d2-524dd097a609,228873629,2018-05-21T14:50:35.595Z,2018-05-21T14:50:35.595Z,2,不怕不怕！天天超可愛的🤣,0,F
3b3d33e9-e373-4221-a354-54e5c7fff184,228873629,2018-08-15T08:19:28.819Z,2018-08-15T08:19:28.819Z,3,想問一下 這樣天天不會鑽出來嗎？,0,M
5363a1ee-59df-4e89-8014-a966f8c26287,228873489,2018-05-13T12:14:29.334Z,2018-05-13T12:14:29.334Z,1,感覺像大學生😱😳😍,1,F
87937e26-21a9-4a2b-9ba6-225b5aa0b9c9,228873458,2018-05-13T11:56:09.850Z,2018-05-13T11:56:09.850Z,1,紫色的花更吸睛呦,0,F
0d6895b6-aa35-496e-90b1-4a1ddb544884,228873458,2018-05-13T11:57:20.474Z,2018-05-13T11:57:20.474Z,2,b1 嗚嗚嗚那我就要去賣血了,0,F
830d1c8f-86e5-4161-97de-9d73f4c4c197,228873232,2018-05-13T11:11:00.913Z,2018-05-14T15:43:44.901Z,1,比起那些網美照…天然ㄟ尚厚！,1070,M
cc8c6730-8a46-4600-a8fb-b0904a454ec4,228873232,2018-05-13T11:15:13.495Z,2018-05-13T11:19:03.324Z,2,自然最美❤️,6,F
466a8015-361b-4b61-8822-28f449be6db1,228873232,2018-05-13T11:17:28.064Z,2018-05-14T08:26:45.403Z,3,"B1 我爸也是這樣說

B2 沒錯👍",1,M
3ae09d34-80b7-4760-bd0b-c30c7495836d,228873232,2018-05-13T16:34:08.672Z,2018-05-14T13:55:24.957Z,4,"媽媽手臂好瘦，頭髮好仙，衣服好正！

媽媽很美啊～

B9
NoNoNo，我還不敢這樣穿呢！",512,F
f5a2f4c6-3153-4db0-ba09-4a75901c6cf0,228873232,2018-05-13T23:51:54.341Z,2018-05-13T23:52:20.791Z,5,"這種才真誠

馬的
一堆腳站不直
脊椎側彎
烙枕",9,M
390dc215-00eb-4af9-9acc-1e7e4e120004,228873232,2018-05-14T01:19:50.180Z,2018-05-14T01:19:50.180Z,6,"但是你媽媽的照片真的好看
果然自然最美😀",2,F
e9280a12-9f0f-4c5d-8b7f-adc873ad6210,228873232,2018-05-14T03:05:39.706Z,2018-05-14T03:05:39.706Z,7,這是你媽...,1,F
612d0e0f-664a-4e7b-86f0-e1fb0751a9e9,228873232,2018-05-14T03:17:46.012Z,2018-05-14T03:17:46.012Z,8,我知道你是誰😏😏,1,F
a917c666-b6dc-48e8-811a-d6d453d5567a,228873232,2018-05-14T03:30:21.115Z,2018-05-14T16:00:02.392Z,9,"B4 我每次都說她那件衣服像蚊帳哈哈
B5 自然美
B6 應該是我拍得好哈哈哈
B7 最美人妻
B8 我應該也知道妳",2,M
dc593e41-699f-49ab-b84d-8142a1c348a2,228873232,2018-05-14T04:45:54.896Z,2018-05-14T04:45:54.896Z,10,"你媽在你後面
他很火",2,M
9f491feb-a2be-4e10-8a27-da911762b22d,228873232,2018-05-14T05:01:57.657Z,2018-05-14T05:01:57.657Z,11,你媽媽好正,1,F
bc46616e-23fa-422f-bba3-ae1f7fe277a1,228873232,2018-05-14T05:07:00.192Z,2018-05-14T05:07:00.192Z,12,想看媽媽正常照 感覺很美,1,F
b579f417-af21-4ce9-b337-e05f39e5e291,228873232,2018-05-14T06:11:26.651Z,2018-05-14T06:11:26.651Z,13,619了卡正常照,1,F
da56d8bb-982b-4409-886a-6feb07362a26,228873232,2018-05-14T06:40:12.360Z,2018-05-14T06:40:12.360Z,14,700多了，\正常照/\正常照/\正常照/,1,F
6d6acdcf-a916-48a9-bbf7-0e09bc4a0cec,228873232,2018-05-14T06:43:38.544Z,2018-05-14T06:43:38.544Z,15,配上後面夕陽超美的,1,F
f3903b51-effc-4a9d-ada0-1c30289c3c5b,228873232,2018-05-14T07:03:05.981Z,2018-05-14T07:03:05.981Z,16,超美  但我好怕手機飛掉😂,1,F
40f232e0-3952-442c-87f8-4f41ec07eafa,228873232,2018-05-14T07:25:37.560Z,2018-05-14T07:25:37.560Z,17,"B10 她蠻開心的因為很多人說她正
B11 她說謝謝
B12 謝謝妳們哈哈哈
B15 美景配美人
B16 手機飛掉？",0,M
d25f0b77-69b7-4f04-86b3-b35179159c51,228873232,2018-05-14T08:06:21.658Z,2018-05-14T08:06:21.658Z,18,我跟你媽媽買一樣的裙子 哈哈哈,1,F
73e4071f-ec80-440d-be45-610acd7958d4,228873232,2018-05-14T09:21:52.297Z,2018-05-14T09:21:52.297Z,19,覺得圖片有聲音😂,1,F
7398b58f-3af1-4b12-ba00-c1be2beb274f,228873232,2018-05-14T09:32:15.613Z,2018-05-14T09:32:15.613Z,20,歡迎大家來福隆玩喔🤣,1,F
06f32f4b-898f-4bf2-b8a6-4dd004d39f81,228873232,2018-05-14T09:55:57.711Z,2018-05-14T09:56:30.806Z,21,媽媽真勾錐也很美🤣❤️,1,F
cf11386d-b7ff-4dbc-bb52-3d5c9e2f00b5,228873232,2018-05-14T10:29:14.615Z,2018-05-14T10:29:14.615Z,22,媽媽好美😍,2,F
1eb138d7-cb1a-4f89-a6b2-245a9387d754,228873232,2018-05-14T11:08:27.630Z,2018-05-14T11:08:27.630Z,23,覺得最後一張很像金家好媳婦裡面的金媽！,1,F
1cf305a3-ef15-417a-b452-63a7ebb46075,228873232,2018-05-14T11:09:36.999Z,2018-05-14T11:09:36.999Z,24,"B18 有眼光喔
B19 我爸也這樣說哈哈
B20 我已經全身曬到紅通通了
B21 謝謝😊
B22 謝謝😊",0,M
c4c2c596-0dd0-4e1c-91b8-bb350e1c8a57,228873232,2018-05-14T11:17:22.705Z,2018-05-14T11:17:22.705Z,25,這幾天太陽都超毒,1,F
a46e320b-3282-43a4-a33a-eef90ccfa38a,228873232,2018-05-14T11:20:12.364Z,2018-05-14T11:20:12.364Z,26,B1 但你還是會選擇網美😏,3,M
fadc284c-a761-40db-a2e8-e8d11c2c1340,228873232,2018-05-14T11:23:02.313Z,2018-05-14T11:23:02.313Z,27,仰天大笑那張 以為18歲,1,F
3d10ef7b-36e7-4354-a4d1-5a127201406d,228873232,2018-05-14T11:23:43.185Z,2018-05-14T11:23:43.185Z,28,"媽媽真的有可愛耶~
----B14",1,F
ed67f68e-f84c-4cb8-ad84-4fb3f99743af,228873232,2018-05-14T11:28:16.205Z,2018-05-14T16:16:43.960Z,29,你是不是著名的北大金城武啊？,1,M
324ab3b0-2b10-43fe-8783-345dc0e604f5,228873232,2018-05-14T11:44:09.818Z,2018-05-14T11:44:23.655Z,30,,,
ebc489d7-1d0a-4545-a9c5-d8790033fb05,228873232,2018-05-14T11:44:29.265Z,2018-05-14T11:44:29.265Z,31,omg,1,M
acf674ae-c7ad-4a26-9091-60d213ec8011,228873232,2018-05-14T11:44:33.545Z,2018-05-14T11:44:33.545Z,32,"仰天大笑抓的真剛好
媽媽好可愛XD",1,F
0ce764cc-20a7-4491-806f-e7bb65c7ff90,228873232,2018-05-14T13:40:15.919Z,2018-05-14T13:40:15.919Z,33,媽媽跟老婆都很漂亮欸你好幸福喔,1,F
be191518-0514-44e6-a549-2410fc3c799b,228873232,2018-05-14T13:47:16.426Z,2018-05-14T13:47:16.426Z,34,媽媽真的很漂亮,1,F
bcbb83dc-acdc-4128-b3ae-d032a8375c70,228873232,2018-05-14T14:06:35.643Z,2018-05-14T14:06:35.643Z,35,媽媽好可愛,1,F
a8920ee4-f485-40be-af7c-c79824eea7e1,228873232,2018-05-14T14:09:35.310Z,2018-05-14T14:09:35.310Z,36,"B25 尤其是海邊
B27 我媽會爽死哈哈哈
B28 跟我一樣可愛
B29 應該不是，如果有稱號應該是北大彭于晏（被打
B32 運氣好哈哈哈
B33 女兒也很可愛😍
B34 謝謝妳😊
B35 感恩感恩",2,M
53dcd80a-7e0c-4040-a9af-3fc510c1def2,228873232,2018-05-14T14:16:42.789Z,2018-05-14T14:16:42.789Z,37,那你知道我是實踐彭于晏吧？,1,M
a5fac8ec-c727-4d7f-83a1-957549e6676d,228873232,2018-05-14T14:28:03.462Z,2018-05-14T14:28:03.462Z,38,我知道你媽媽！！,1,F
8c1b1bdb-2619-42de-a7f2-6f95f4eef4fa,228873232,2018-05-14T14:31:12.554Z,2018-05-14T14:31:12.554Z,39,"B37 別跟我搶😂
B38 那你應該知道我吧？",0,M
2a8540e9-8f72-4334-b331-7722b80ee6eb,228873232,2018-05-14T14:36:47.150Z,2018-05-14T14:36:47.150Z,40,媽媽也懂黑紗😂,0,F
a2df4937-d21e-4360-b7bf-512c038d74ae,228873232,2018-05-14T14:37:36.482Z,2018-05-14T14:37:36.482Z,41,ㄗㄨㄞˋ啦,0,M
4bf1ddb1-3315-40ce-b067-ac060611d486,228873232,2018-05-14T14:57:22.458Z,2018-05-14T14:57:22.458Z,42,"是寶寶香蕉牙刷耶～
我家寶寶也有一個哈哈好可愛",0,F
eef94867-83de-4ca2-8eca-2e737ac59403,228873232,2018-05-14T15:04:52.898Z,2018-05-14T15:05:05.974Z,43,,,
86c72a0e-91ad-410c-8df6-0c5dee24de70,228873232,2018-05-14T16:11:50.151Z,2018-05-14T16:11:50.151Z,44,"https://i.imgur.com/enQsmSM.jpg
把香蕉當寵物 哈哈哈 🍌",1,F
79e4d5ff-6e7e-403e-9507-9d70b79e9f7e,228873232,2018-05-14T16:18:25.419Z,2018-05-14T16:18:25.419Z,45,髮質看起來超好！！,0,F
dc635eff-70a3-4342-8b20-0732469754ea,228873232,2018-05-14T16:39:25.987Z,2018-05-14T16:39:25.987Z,46,媽媽的腿很美欸,0,F
5640bf82-81ac-42e5-b3a3-3a323ed7ff0c,228873232,2018-05-14T16:44:38.739Z,2018-05-14T16:44:38.739Z,47,"哈哈哈哈哈
媽媽是自然系網美",0,F
59b5840f-8186-4250-b589-81b2f508a08b,228873232,2018-05-14T16:55:58.164Z,2018-05-14T16:55:58.164Z,48,"母親們跟花拍照的姿勢是不是都這樣啊
我母親也是
有夠可愛 哈哈",0,F
cdb9fc5d-5eb4-4352-8e6b-7c74bb6c08ef,228873232,2018-05-14T18:02:26.664Z,2018-05-14T18:02:26.664Z,49,"你北大彭于晏我就是北大炎若曦
怎麼樣我的暗號Hen猛吧",0,F
8b15ab78-dfe7-495c-8463-87ce728b34ef,228873232,2018-05-14T18:13:28.991Z,2018-05-14T18:13:28.991Z,50,"衣服好像是mango的
我有試穿過哈哈",0,F
8b9db3c9-78b5-4b22-85b4-a8dc47d7e547,228873232,2018-05-15T16:06:41.838Z,2019-03-04T13:20:55.191Z,51,,,
4a119c63-0012-4da6-9bc8-c9a962581e86,228873219,2018-05-13T11:12:16.553Z,2018-05-13T11:16:59.370Z,1,"不是前情提要嗎？ （頭香耶
我也有2個媽媽 一個是親阿姨 但她沒結婚也沒小孩 一直把我當自己的小孩疼愛
最愛她們惹❤",1,F
86703971-e8d2-4e42-b65c-9058d6f7acdc,228873219,2018-05-13T14:20:37.440Z,2018-05-13T14:20:37.440Z,2,"B1 打太快啦哈哈哈~
謝謝媽媽們的付出~~",0,M
193c6c3b-87d7-4f20-bf9b-ecb1bdcd2793,228872958,2018-05-13T10:22:42.256Z,2018-05-13T10:22:42.256Z,1,(ಥ_ಥ),0,F
dde28d6c-63f6-4658-8422-465c8101048f,228872958,2018-05-13T10:32:08.739Z,2018-05-13T10:32:08.739Z,2,內文要15字,0,F
3bf7028b-e13b-4943-be9c-69219aec5874,228872937,2018-05-13T14:48:23.280Z,2018-05-13T14:48:23.280Z,1,你很孝順👍🏻,0,M
fb44fa81-091f-4d2d-9f08-26695e06c3de,228872937,2018-05-13T19:53:50.235Z,2018-05-13T19:53:50.235Z,2,祝一切順利平安～,0,F
4b077d6d-b0c1-4836-9f70-0056cbb51b81,228872878,2018-05-13T10:17:36.415Z,2018-05-13T10:17:36.415Z,1,求教學😳😳😳,0,F
1a2ed822-517a-4370-a18a-760969ede8e8,228872876,2018-05-13T14:51:48.860Z,2018-05-13T14:51:48.860Z,1,頭香,1,F
bee268f4-c75c-4a41-ba1b-b319211b92d0,228872876,2018-05-13T15:29:40.872Z,2018-05-13T15:29:40.872Z,2,總是當媽媽後才懂得媽媽的辛苦與愛,4,F
27482ccd-8dbe-4312-8bca-ad7868bafe77,228872876,2018-05-13T15:41:00.816Z,2018-05-13T15:41:00.816Z,3,"B1 ❤️❤️❤️謝謝妳
B2 真的😭😭😭雖然我還沒生小孩，但當個人妻就覺得很辛苦了",1,F
ecb0c04c-fe7d-4aa7-8e81-0d8500e59fcf,228872775,2018-05-13T09:40:20.054Z,2018-05-13T09:40:20.054Z,1,訂金呢~?,3,M
8dfbd37e-d7e8-40e0-95d3-ba46326f1fcd,228872775,2018-05-13T09:42:47.737Z,2018-05-13T09:42:47.737Z,2,訂金 錄音?,1,M
c1556f38-f7c8-431c-9b3a-fbb1fd10c0e7,228872775,2018-05-13T10:08:58.742Z,2018-05-13T10:08:58.742Z,3,樓上，訂金的部分是怕有些人住比較遠（像外縣市的）他們可能會說不能多跑這一趟之類的，有沒有比較完善的方法呢？做好幾年了每年真的都有人訂了不來 損失真的很多😭😭😭😭,0,F
f8ee54d2-4b3e-4458-b739-64d55961a4be,228872775,2018-05-13T10:19:13.192Z,2018-05-13T10:19:13.192Z,4,"B3 我是飯店業的，廣義來說我們可以算同行XD?
好啦 建議你們主管可以新增一個訂金匯款帳戶
客人匯款完成後請他們來電告知帳號末五碼
確認完畢後訂單成立
很多地方都有使用這種方式
例如說 4000一桌的菜 收個30%訂金 1200元
請他們先匯款，通常碰到不願意匯款的
可以表明無法接單
相信你去外面住宿也是一樣，重大節日沒訂金人家根本不鳥你",2,M
b2f61bb1-a811-4cde-810c-01fe93efe23b,228872775,2018-05-13T10:19:35.248Z,2018-05-13T10:19:35.248Z,5,匯訂金？,0,F
d2fee973-e9de-4aad-ab5d-c68ebb7dd94d,228872775,2018-05-13T10:37:45.328Z,2018-05-13T10:37:45.328Z,6,"B4 請問那個帳戶就是這個名字嗎（就是要去申辦的話要怎麼跟承辦人員說呢？）
那這個戶頭 是入帳之後會有簡訊通知帳戶的所有人嗎？
不好意思問題很多，因為我們沒有接觸到這塊😭",0,F
ba6513d1-4a7f-45dc-8d75-107fc6b901af,228872775,2018-05-13T10:38:10.396Z,2018-05-13T10:38:10.396Z,7,B5 在請教b4了 謝謝你😭,0,F
c591f22a-03ed-47ff-8218-4464cebede86,228872775,2018-05-13T10:50:44.431Z,2018-05-13T10:50:44.431Z,8,"沒關係，我來解答
例如說 你們的餐廳叫做:XXXX餐廳 後面可以增加一個負責主管的名字
例如說 超級好吃餐廳 王大明 這樣即可 跟承辦人員直接說此帳戶要使用來生意往來訂金等等之類的就可以了

簡訊也可以阿 我個人是用陽信銀行，使用他APP裡面的網路銀行就有推撥通知了 信用卡消費 入帳 出帳都會通知
主要是你們內部的金流制度要完善
誰負責甚麼業務，然後建議每筆訂單建檔，使用Excel就可以了
也可以清楚甚麼時候訂，誰訂的，幾桌幾人，訂金匯款了沒",1,M
a95b9d44-4b79-4963-8ae1-637e3be1fc7b,228872775,2018-05-13T10:54:56.731Z,2018-05-13T10:54:56.731Z,9,"叫老闆去申請一個企業帳戶就好啦。帳號密碼放在電腦上，每個人都可以登入看，電話打來說已匯款，上網看ㄧ下。
然後，看要記錄在電腦還是紙本，有沒有匯也都有記錄。
登記下來，不用簡訊通知每個人，只要有確實做好登記就好了。",1,M
01ef06eb-7a48-4f43-8150-6a72f612f82d,228872775,2018-05-14T09:29:40.343Z,2018-05-14T09:29:40.343Z,10,B8 b9 謝謝你們這麼用心跟我解釋！我大概有了解了，真的很謝謝你們哦☺️☺️☺️,1,F
dd9490ab-e23f-4b7e-bd15-98d0a1dc7445,228872729,2019-05-04T11:59:24.416Z,2019-05-04T11:59:24.416Z,1,好厲害阿你們❤️看到都餓惹🤤🤤🤤,2,F
6392e0bc-990f-4986-9bfe-111ae83775f5,228872729,2019-05-05T13:43:07.238Z,2019-05-05T13:43:07.238Z,2,哈哈哈哈謝謝～你也可以的!!,0,F
965e8c49-6c7a-49d1-b575-59a909de10c4,228872276,2018-05-13T08:02:23.674Z,2018-05-13T08:02:23.674Z,1,沒有什麼比媽媽開心，來的更重要了😭,1,M
26eeaa71-b1af-42c8-a07d-9d5602c89836,228872170,2018-05-13T07:33:46.510Z,2018-05-13T08:09:21.047Z,1,你媽以前也是外面女人,23,F
e295bf34-5a78-4d0f-9a67-27fb48d0bd29,228872170,2018-05-13T07:42:29.770Z,2018-05-13T07:42:29.770Z,2,推樓上,4,F
1bd41b5a-8565-4627-b5e1-07e906db42b8,228872170,2018-05-13T07:54:40.478Z,2018-05-18T15:08:39.124Z,3,,,
99c22fe7-6837-4b77-af32-5c75138bc86a,228872170,2018-05-13T08:01:04.519Z,2018-05-13T08:01:04.519Z,4,你幹嘛把你媽媽靜音,4,M
da55b844-47a2-40d7-bee2-33902ec5a667,228872170,2018-05-13T08:39:15.010Z,2018-05-13T08:40:12.651Z,5,你跟你媽第一次聊天哦？,1,F
138573a2-ec9c-457f-a633-77b162a5bac5,228871519,2018-05-13T05:12:24.680Z,2018-05-13T05:12:24.680Z,1,"講一句實在的

1年1次的母親節

在孝敬也沒幾次

如果他媽50歲，也只剩30次，甚至更少

錢再賺就好，畢竟你男朋友也是他媽懷胎十月生的

在妳男朋友沒經濟能力的時候吃苦的也是他媽

所以我覺得不為過",0,M
e3ece488-07d9-44a5-91e3-25996d933306,228871519,2018-05-13T05:12:42.999Z,2018-05-13T05:15:17.120Z,2,等跟妳熟了就換跟妳要了，一定是很厚臉皮的那種，也不是說不送，只是用要的感覺真的很奇怪而且還花的不手軟，除非妳男友賺很大，不然要是我，我不可能買iPhone給我媽，只會用賴跟打電話而已，拿到iPhone還嫌難用不用了我真的會吐血,2,M
8bad16ba-ff03-4e4a-a7d8-6c7277226249,228871519,2018-05-13T05:21:15.468Z,2018-05-13T05:21:15.468Z,3,平常孝順比較重要吧XD母親節特別孝敬還是討禮物個人事無感啦～～,0,F
39bde875-61ba-4e28-a117-5b85415bb71a,228871519,2018-05-13T05:25:56.572Z,2018-05-13T05:30:06.345Z,4,"B1 B3
我本來也覺得母親節一年一次沒差
但是他媽媽蠻常跟他要的..
看到他買了什麼東西就會說他也要一份
在上上個月也是要了一台6000多的吸塵器
只是這兩次是以母親節為由要了滿多東西的，而且還是兩次
是天天都在母親節喔XD
主要是主動要這個感覺啦...不然我覺得如果男友是主動送的話我就覺得沒差
我也跟他說對家人不要太省 不過他好像是覺得反正他媽媽都會跟他要所以不會主動送東西",0,F
75b96ef1-d0dd-49c5-9a04-6b34c9e41d1d,228871519,2018-05-13T05:35:13.877Z,2018-05-13T05:37:27.886Z,5,"B2
說到重點了..
所以不太想跟他熟
而且他媽媽一開始聽到我男友跟我交往.同居
劈頭就一直問我會不會花他的錢  平常錢都怎麼分  表示不樂意他交女友
事後還傳line給他：不要有了女友就忘了家人什麼之類的話
哇靠 都不認識我敵意就那麼重
是怕我跟他搶兒子嗎
好歹我也是別人家的千金..感覺嫁過去就會是惡婆婆 不太妙",0,F
6a4874af-e9a2-423b-899e-45538815106f,228871519,2018-05-13T06:12:39.870Z,2018-05-13T06:12:39.870Z,6,你男友是獨生子嗎0.0,0,F
491dc419-c115-4c83-8eb9-59dce2b36b13,228871519,2018-05-13T06:42:25.948Z,2018-05-13T06:46:48.736Z,7,"B6
還有一個哥哥
不過他爸媽跟哥哥比較沒那麼好
他們不會跟他要東西  家裡要幫忙的話也都只找我男友
可能我男友薪資比較高吧
他哥則是都跟我男友抱怨爸媽",0,F
13e57f3f-a821-4e2a-b934-5fcac5a9980b,228871519,2018-05-13T14:20:55.502Z,2018-05-13T14:20:55.502Z,8,"我覺得無所謂

因為等人死之後

再多後悔都沒用",0,M
7d7428ab-f05e-4327-9728-ddf9a628a333,228871193,2018-05-13T03:54:20.410Z,2018-05-13T03:54:20.410Z,1,麵,0,M
a1f84604-6ec4-4bad-b26a-4120252c5e4a,228871193,2018-05-13T03:54:25.997Z,2018-05-13T03:54:25.997Z,2,魚湯,0,M
ecad1649-e02b-4bea-8af0-a0cfa01b9576,228871193,2018-05-13T03:54:33.517Z,2018-05-13T03:54:33.517Z,3,干貝,0,M
c7aa4dc1-d189-4258-a17c-62ad2ad4bb41,228871193,2018-05-13T04:27:56.529Z,2018-05-13T04:27:56.529Z,4,嫁給我好嗎？,0,M
e539b9ee-0f83-42bf-bebc-2cc3b10291df,228871193,2018-05-13T04:31:08.939Z,2018-05-13T04:31:08.939Z,5,強,0,F
33bbec46-0889-41a5-bcab-445e5163b370,228871124,2018-05-13T04:01:08.607Z,2018-05-13T04:01:08.607Z,1,"人生無常，換個角度或許你媽媽是要讓你學會珍惜當下把握現在，我相信媽媽一樣在你身旁守護著你們，要加油噢💪好好替媽媽照顧你的家人也要好好照顧自己，這樣她在天上才會開心

-180小巨人",1,F
78c3362b-a83e-40fb-b771-01b38b93bc27,228871124,2018-05-13T08:29:46.800Z,2018-05-13T08:29:46.800Z,2,B1 謝謝妳，我會的。,1,M
f1b840f8-23d3-4942-83c2-8bc6825166d7,228871099,2018-05-13T03:29:18.437Z,2018-05-13T03:29:18.437Z,1,妳媽看到「歇斯底里」四個字有沒有把妳們當晚餐材料(((o(*ﾟ▽ﾟ*)o))),2,M
a53d8781-42db-47af-a993-a5de49e15256,228871099,2018-05-13T12:10:53.208Z,2018-05-13T12:10:53.208Z,2,B1 還好沒有＃不然現在就不會在這邊po文了xd,0,F
e2bd7150-bcb7-4a67-8f1d-5b97c78b8689,228871091,2018-05-13T04:05:03.560Z,2018-05-13T04:05:03.560Z,1,好可愛,0,F
aa825412-2894-43ef-a8ba-6e515f1229a1,228871091,2018-05-13T10:21:55.516Z,2018-05-13T10:21:55.516Z,2,B1 謝謝(*⁰▿⁰*),0,F
38ef50f0-e701-4952-8958-098455761e6e,228870694,2018-05-13T02:14:35.720Z,2018-05-13T02:14:35.720Z,1,太可愛了吧XD,0,M
ba2b4db4-06ca-41f5-8226-b1a990625887,228870667,2018-05-13T00:17:20.211Z,2018-05-13T00:21:33.510Z,1,太難過了😫,0,M
b394009d-81d5-4a48-8ea2-1b8e2a093aed,228870667,2018-05-13T03:34:45.179Z,2018-05-13T03:34:45.179Z,2,偉大,0,M
da11a01f-086d-4be3-852d-e26c9f18bfcd,228870470,2018-05-12T20:29:53.320Z,2018-05-12T20:29:53.320Z,1,我選左一,0,M
6e496e11-0dfc-42f8-8d49-ffcafa6c55c3,228870470,2018-05-12T20:56:05.977Z,2018-05-12T21:12:42.181Z,2,我覺得右一是媽媽 不過喜歡左一😁,0,M
b9f2119c-a58d-4fc0-837c-b30fa944c3b4,228870470,2018-05-12T21:09:50.905Z,2018-05-14T00:55:46.973Z,3,我比較喜歡左一,0,M
637216b3-043d-44a3-b55a-1b8ec19675a8,228870470,2018-05-12T21:40:31.284Z,2018-05-12T21:40:31.284Z,4,"左你 中嬤 右媽 

媽媽味是看的出來的...吧😂",6,F
30d13c39-f295-4c36-882b-9fbd75f2c73a,228870470,2018-05-12T22:08:22.434Z,2018-05-12T22:26:13.700Z,5,"我肚裡一個小搗蛋 8月底準備出世
我阿祖不知道幾歲 可以來個5代合照了
我外婆64歲當阿祖
我爸媽42歲當外公外婆
我妹18歲當阿姨 我弟10歲當舅舅",3,F
5a156f5f-307c-4050-83f3-01c381de2170,228870470,2018-05-13T02:16:44.483Z,2018-05-13T02:16:44.483Z,6,"猜猜我是誰😂
愛妳喔❤️",0,F
df02c5ee-a57f-407c-b99f-507d1c9856b0,228870470,2018-05-13T04:22:59.512Z,2018-05-13T04:22:59.512Z,7,"B1 你是指正宮媽媽嗎？
B2 哈哈哈I think I know who you are~
B3 選妃嗎大大😂
B4 其實是 左嬤 中媽 右我
B5 8月底好啊！處女座就是個好星座😏
我阿嬤也是60幾歲就當阿祖了哈哈哈
B6 哈哈哈當然知道妳是誰 我也愛妳❤️",0,F
d1fac833-2fd1-43e5-be56-4b210c4e003d,228870470,2018-05-13T05:15:43.023Z,2018-05-13T05:15:43.023Z,8,B3 我也比較喜歡左一,0,M
33f97e29-0736-40e2-8e63-aca972509ded,228870470,2018-05-13T05:23:48.326Z,2018-05-13T05:23:48.326Z,9,B7 沒有啦...只是你比較可愛哈哈,0,M
be914ef4-b10a-4041-a336-80845efe2ae6,228870470,2018-05-13T05:23:53.636Z,2018-05-13T05:23:53.636Z,10,B8 志同道合,0,M
cf90c053-0357-4286-8088-c548330d2dc2,228870470,2018-05-13T05:45:40.842Z,2018-05-13T05:45:40.842Z,11,"我猜左一是阿姨
右一是媽媽
中間哪位是阿嬤
姐妹倆國小是就讀海邊旁邊的學校
家在廟附近
純屬個人隨意猜測",0,M
e9a6609b-2ccc-4f96-b28e-d0bd91d7afe0,228870470,2018-05-13T06:20:24.438Z,2018-05-13T06:20:24.438Z,12,B7 什麼？左一是阿嬤？穿黑白條紋的？,0,F
e3f76727-2666-47db-8fac-c8cecf1885f0,228870470,2018-05-13T06:28:30.906Z,2018-05-13T06:28:30.906Z,13,"B8 哈哈哈我知道你是誰 你也太明顯了
B9 謝謝啦 其實我的重點是找出年輕阿嬤啦😂
B11 哈哈哈哥 你不要嚇我 我還想說是誰講的出來國小的事情
B12 哈哈沒有啦～開玩笑的啦",0,F
c496fec4-9eb5-4742-8717-8d4c6290daaf,228870470,2018-05-13T06:34:28.763Z,2018-05-13T06:34:28.763Z,14,"哈哈哈
純粹個人天馬行空的想像
😁😁😁",0,M
c5b3d1d9-0556-45aa-93fe-39124065f29f,228870470,2018-05-13T08:31:41.626Z,2018-05-13T08:31:41.626Z,15,B7 哈哈哈 被發現了嗎😂,0,M
016c71f0-e149-446d-8030-0dbd3b0d3a28,228870470,2018-05-14T00:06:54.951Z,2018-05-14T00:06:54.951Z,16,"https://i.imgur.com/MPowOCi.jpg
熊寶3個多月❤❤
小小熊的媽😘😘",0,F
ad28e440-5982-42df-b7ef-bcaf7a911e4d,228870470,2018-05-14T05:49:36.082Z,2018-05-14T05:49:36.082Z,17,如果說你們是三姐妹我也相信,0,M
4b913b2c-4d1d-43ab-b6dc-393626d353b4,228870470,2018-05-14T07:13:16.506Z,2018-05-14T07:13:16.506Z,18,答案是.....?,0,M
1bda168f-9a47-4223-95aa-fda51f091ff2,228870470,2018-05-15T17:54:52.911Z,2018-05-15T17:54:52.911Z,19,"B16 好可愛 新手媽媽是不是很辛苦
B17 再說下去 我媽媽屁股都翹起來了
B18 正解是B4呦",0,F
dc082ca1-b5cf-4620-b80f-ddbe2124c37e,228870470,2018-05-15T23:36:09.047Z,2018-05-15T23:36:09.047Z,20,"B19 她現在很多話（雖然只是一些聲音）會一直說。
而且流口水（我媽說還沒長牙所以單純流口水）有時會自己笑不用逗她。",0,F
7022e73d-192a-44b1-8b9f-0a1c2f1ef76a,228870470,2018-07-19T09:14:15.968Z,2018-07-19T09:14:15.968Z,21,"38歲……
我媽38歲時我還在跟她吵著要買77乳加QQ",0,F
73ad8770-69de-4f06-9df1-fc4a55068db3,228870376,2018-05-12T22:56:02.302Z,2018-05-12T22:56:02.302Z,1,媽媽說她喜歡藍色的！,1,M
d278147f-e209-4de3-a793-4c38d10c8904,228870376,2018-05-12T23:49:03.838Z,2018-05-12T23:49:03.838Z,2,B1. 媽媽喜歡的是紫色才對,1,F
24da8d4f-0a0c-4fba-aeb9-81934f8ecad5,228869642,2018-05-12T17:20:48.060Z,2018-05-12T17:20:48.060Z,1,推推👍🏼,0,M
3b2d166c-3c80-4825-92af-60bf5e3c202a,228869642,2018-05-13T05:34:59.144Z,2018-05-13T05:34:59.144Z,2,可以收編臭弟嗎😂,1,M
5e93c02d-fc90-455f-affd-736b6185111e,228869642,2018-05-13T12:00:50.465Z,2018-05-13T17:21:14.282Z,3,"害我看了也眼眶泛淚😢

然後可以50收弟弟嗎(˶‾᷄ ⁻̫ ‾᷅˵)
不然100也可以啦🙈🙈",0,F
4b1ba121-5932-4b33-b376-8c40d3ba5ee4,228869642,2018-05-14T01:57:21.595Z,2018-05-14T01:57:21.595Z,4,媽媽在哪裡？我只看到一個少女,0,F
08bd9dd4-0ab8-4640-ba88-08370482f028,228869173,2018-05-13T03:30:36.020Z,2018-05-13T03:30:36.020Z,1,"送呀~這是你對媽媽的心意，我想她一定會很開心的！
加油！",1,F
4a98191f-b315-4246-8cd1-8657918bb121,228869173,2018-05-13T15:31:36.439Z,2018-05-13T15:31:36.439Z,2,"B1 今天把卡片送給媽媽,她說她很喜歡，還好沒被罵 😂
謝謝妳的貼心建議😘",0,F
67658f47-d29f-403a-ad34-fd5d87ed9625,228868975,2018-05-12T16:03:31.660Z,2018-05-12T16:03:31.660Z,1,雞蛋花好還原!!,1,F
856f0b23-d70c-4029-a135-e598876d23b2,228868975,2018-05-12T16:08:02.311Z,2018-05-12T16:08:02.311Z,2,"B1好讓我開心的一句話～
因為這朵花的花瓣要一片一片折
再一片一片黏起來，雖然很快摺好
但是超級難黏！！！！！！
謝謝你～～～～^^",1,F
2f6575cd-0d91-4932-a28b-08238514489d,228868975,2018-05-12T16:19:56.353Z,2018-05-12T16:19:56.353Z,3,B2不會~辛苦了😉,0,F
2f0cb328-f9ee-4d2f-a6ac-7d254229539a,228868975,2019-04-15T05:22:25.371Z,2019-04-15T05:22:25.371Z,4,求做法！！！母親節又快到了,0,F
260d10a3-9257-4c44-b827-3f1e5699ee31,228868746,2018-05-12T15:33:48.623Z,2018-05-14T02:52:01.865Z,1,"拍拍   母親節還是可以過的，
去看看你媽媽🤔",305,M
d0c01d0c-137d-4cd2-be71-3b75c9bca69d,228868746,2018-05-12T15:52:23.051Z,2018-05-12T15:52:23.051Z,2,幫妳媽媽唸阿彌陀佛><,10,F
e9352672-8497-4d17-ae04-2158b03914dd,228868746,2018-05-12T16:21:43.805Z,2018-05-13T17:32:40.532Z,3,"對內心的創傷一定很大⋯
還好你走出來了
心疼ಥ_ಥ",571,F
921b0ed8-37bd-468a-afb0-ee30529416bd,228868746,2018-05-13T04:43:57.886Z,2018-05-13T04:43:57.886Z,4,請節哀不過...腦神經斷掉??,9,F
0f6c2055-3000-4e3b-8352-6bf79981de8f,228868746,2018-05-13T06:04:14.041Z,2018-05-13T09:27:19.445Z,5,,,
9a389f9e-c4f0-4e1f-b421-1b7b4348ef5f,228868746,2018-05-13T08:58:40.187Z,2018-05-14T00:27:44.379Z,6,加油,2,F
ff580809-13aa-46b0-a9fd-7abb92f556da,228868746,2018-05-13T12:28:04.627Z,2018-05-13T12:28:04.627Z,7,"很心疼妳
要繼續好好的活下去",3,F
b720f178-1d07-4266-a697-ff8ddecc2a75,228868746,2018-05-13T15:20:45.457Z,2018-05-14T01:46:33.456Z,8,我媽在我國小也走了，大概16年前吧，還記得那時候家裡大人只有我媽在家，我一早去叫我媽的時候他已經醒不來了，非常後悔還沒幫我媽過過母親節，所以大家真的要珍惜，祝天下的媽媽都母親節快樂呀！！,110,M
d1b5cb87-dd75-4cba-937e-1bf4c2219381,228868746,2018-05-13T16:50:21.660Z,2018-05-13T20:05:56.918Z,9,加油💪,1,F
e71cf813-1682-4d91-8487-808de7ae6e67,228868746,2018-05-13T17:05:08.871Z,2018-05-13T17:05:08.871Z,10,加油💪,2,M
d91ff185-3bf8-4803-8901-05c24e58b936,228868746,2018-05-13T17:26:32.170Z,2018-05-13T17:26:32.170Z,11,拍拍原po,0,M
f9fc40f5-2ccd-4a98-9e10-a4ca27e43480,228868746,2018-05-13T17:40:27.965Z,2018-05-13T17:40:27.965Z,12,"拍拍原po   Q_Q
我也有家人在我面前過世過⋯⋯
 
Mr.z",0,M
635814a5-9132-4c17-a3fa-d2244888ba32,228868746,2018-05-13T18:27:35.809Z,2018-05-13T18:27:35.809Z,13,"我母親上個月去世了，大概能理解妳的感受。
一起加油。",4,M
0e20a2ab-e14f-4eae-bc3e-e06a95843dbd,228868746,2018-05-13T18:42:52.421Z,2018-05-13T18:42:52.421Z,14,加油 你很棒很孝順會過去的～,0,M
0f284386-b6de-4de8-bc7c-e6dd52055082,228868746,2018-05-13T19:08:44.532Z,2018-05-13T21:55:08.703Z,15,"為什麼自己感覺那畫面好真實好像真的在那個當下明明不乾我的事.....
看完覺得好心疼妳
才小學四年級就要承受這種痛
真是辛苦妳了❤️
記得要好好孝順爸爸知道嗎",7,F
77dda73e-6e06-4b6a-915c-9c17e339e220,228868746,2018-05-13T19:08:48.880Z,2018-05-13T19:08:48.880Z,16,"真的好可怕
媽媽就這樣這麼突然的...
如果是我 我會崩潰",2,F
97df8a00-9af3-4df1-9cc2-b36f637ffcf7,228868746,2018-05-13T23:00:24.559Z,2018-05-13T23:00:24.559Z,17,阿彌陀佛,2,M
a19e46d3-0761-4748-8f2e-3673bf594468,228868746,2018-05-14T00:24:57.299Z,2018-05-14T00:24:57.299Z,18,很難過⋯⋯ 加油💪,1,M
2be385fc-c75f-4476-a947-0603c4fba199,228868746,2018-05-14T00:39:49.842Z,2018-05-14T00:39:49.842Z,19,拍拍,0,F
4db6b5be-e807-48c9-acb2-c666b9be6d8b,228868746,2018-05-14T00:47:49.215Z,2018-05-14T00:47:49.215Z,20,"沒有人願意這個意外發生
原Po也不要太自責了",0,F
aec48479-7c18-4776-afa1-1c6c2c3d6c5f,228868746,2018-05-14T01:12:32.445Z,2018-05-14T01:12:32.445Z,21,抱抱～😢,0,F
e516d3f2-6c20-45b4-b4c4-29e174ee34ed,228868746,2018-05-14T01:55:45.709Z,2018-05-14T01:55:45.709Z,22,爺爺也是這樣走的...,0,F
f8163bf8-4243-478d-b9b4-5cffb3c261c5,228868746,2018-05-14T02:01:00.771Z,2018-05-14T02:01:00.771Z,23,"我也是在小時候目睹父母過世...
真的是一輩子的創傷，一起加油💪🏻",0,F
179a2820-2cc9-4171-a632-615b58cbe8f6,228868746,2018-05-14T02:06:26.872Z,2018-05-14T02:06:26.872Z,24,"加油
你很棒很堅強
一定會過去的👍👍",0,F
7d95a8e0-cc83-4062-aedc-6f76281aea1e,228868746,2018-05-14T02:38:54.971Z,2018-05-14T02:38:54.971Z,25,"沒事的，不是妳的錯
媽媽一定也不希望妳自責",0,F
2b342a24-a8f6-444c-9014-ab0e6dd54b95,228868746,2018-05-14T02:42:38.280Z,2018-05-14T02:42:38.280Z,26,有洋蔥,0,F
d22f232a-8b6e-4dab-bda6-a54cb33f3148,228868746,2018-05-14T02:47:38.145Z,2018-05-14T02:47:38.145Z,27,"昨天本來要慶祝母親節結果外公在家跌倒
家人發現的時候整個地上都是血而且一部分已經黑掉不知道他已經趴在那裡多久了
現在在加護病房努力中😥",0,F
501bd1a3-40bb-4556-b1b7-8471863e207e,228868746,2018-05-14T03:06:28.460Z,2018-05-14T03:06:28.460Z,28,"B0 媽媽會在天上好好保佑妳的！
B27 幫外公集氣！",0,M
a8404688-ba54-4161-9375-d7bcf74c83f3,228868746,2018-05-14T03:07:16.591Z,2018-05-14T03:07:16.591Z,29,加油唷～ 要好好過好每一天❤️,0,F
247b4b6c-745d-457c-904f-d01fb9799893,228868746,2018-05-14T03:09:25.028Z,2018-05-14T03:09:25.028Z,30,拍拍你...加油,1,F
c65e84a6-9c9b-4c0a-98ce-81a91055e2e9,228868746,2018-05-14T03:21:40.494Z,2018-05-14T03:21:40.494Z,31,"媽媽也在我小學三年級的時候走了
原因是腦溢血
送去醫院前我和媽媽還很平常的在房間裡準備入睡
那晚是我一輩子都忘記不了的
12年來沒有過母親節也沒有開口喊過媽媽兩個字
有的時候會覺得自己的成長過程中如果媽媽還在有多好
看到爸媽帶著小孩逛街這麼平常的事也可以紅了眼眶
但也想想能夠讓自己提早學會獨立也是一件好事
原po加油一起為生活努力💪",1,F
abb4d574-70e6-4507-93c3-fe8ec2579e84,228868537,2018-05-13T13:06:43.036Z,2018-05-13T13:06:43.036Z,1,好難過，我是外婆帶大寵大的，也預想過如果有一天外婆怎麼了我會不能接受...,0,F
822d2e8b-4ad2-43bf-b8c1-d6b9fa94c6b0,228868519,2018-05-12T14:58:21.202Z,2018-05-12T14:58:21.202Z,1,"第一張照片那個開花那個，讓我想到總鋪師😂😂

很厲害👍🏼👍🏼
祝你媽媽母親節快樂喔❤❤❤❤",1,F
a500437b-12b2-4329-92c6-6b2005cffec5,228868519,2018-05-12T15:44:07.623Z,2018-05-12T15:44:07.623Z,2,"等等..你怎麼比我還會煮


我的等級停留在煎蛋",0,F
3dc0b37d-ef8c-4250-976a-a90154edef4f,228868519,2018-05-12T16:09:28.025Z,2018-05-12T16:09:28.025Z,3,那道開花的！超厲害,0,F
569bc4d5-2589-4454-9652-86b3c7a66d25,228868519,2018-05-12T23:06:06.967Z,2018-05-12T23:06:06.967Z,4,"B1 B3 其實應該算還好只是煎蛋皮比較麻煩，每年基本上家裡母親節我都會固定做這道
B2 其實會煎蛋就能做囉",0,M
e09107b7-f68e-408a-b1ec-0256ac51d1fe,228868519,2018-05-15T04:56:17.391Z,2018-05-15T04:56:17.391Z,5,"B1 B2 B3 
其實開花那道在煎蛋皮的時候要+1匙太白粉然後蛋皮要厚度平均((所以手腕要很靈活
材料：雞蛋 3顆 太白粉 1.5匙 白胡椒粉 些許 竹筍  胡羅蔔 菠菜 適量 
香菇6朵 絞肉 半碗(碗公) 蝦漿半碗(碗公)(因為自己對蝦子會過敏所以改成花枝漿)
干貝 適量(乾貨干貝泡發的水可以留)
醬油 1大匙 米酒 1.5大匙 (以下可加可不加)
迷迭香葉  1茶匙 羅勒葉 1茶匙(因為要壓海鮮跟絞肉的味道)
做法：
1.雞蛋3顆混入太白粉後攪拌均勻到無蛋筋
2.把竹筍、胡蘿蔔、香菇切成絲(有用乾香菇的話泡香菇的水要留著)菠菜切小段，然後留一朵香菇當裝飾(切花紋)
3.用平底鍋將蛋液煎成蛋皮(不要翻面煎)後放入大碗公中
4.在蛋皮中央放入切花的香菇在均勻地放入竹筍絲、胡蘿蔔絲、香菇絲跟切細的菠菜段
5.蝦漿及絞肉加入米酒、太白粉、醬油、白胡椒粉、香菇水、迷迭香葉及羅勒葉後攪拌均勻(有泡干貝的水可以加入)
6.在竹筍絲、胡蘿蔔絲、香菇絲及菠菜段上擺上干貝後用蝦漿跟絞肉把蛋皮黏合(盡量別留縫隙)
7.在電鍋外鍋放入1.5碗的水後把半成品的菊花筍絲干貝放入蒸到電鍋跳起來後端出來後，用大盤子蓋住後到扣，並在蛋皮上用刀切開絕對不能切斷!
不能切斷!!
不能切斷!!!
這樣你就能有一道菊花筍絲干貝拉~
(好險這次沒人注意到旁邊那碗魷魚螺肉蒜((擦汗",1,M
658cdbe7-bbc4-49e8-989e-f1c3ab3eab70,228868519,2018-05-23T08:13:42.666Z,2018-05-23T08:13:42.666Z,6,"B5原ＰＯ好細心～好貼心～分享怎麼做！！！！！
看完後，依舊驚嘆你的好手藝～～",0,F
c29c5e86-b655-4b1f-b4b5-8d6946bff30d,228868519,2018-05-23T08:24:59.745Z,2018-05-23T08:24:59.745Z,7,"B6 因為這樣大家就可以自己在家做拉~
魷魚螺肉蒜的食譜我看之前有沒有留",1,M
87f6a5d3-5d42-4295-89fc-9d6ef4c46445,228868519,2018-05-23T08:26:05.382Z,2018-05-23T08:26:05.382Z,8,"附上魷魚螺肉蒜的食譜
https://www.dcard.tw/f/food/p/228545629-%E8%A5%BF%E6%BB%B7%E8%82%89%E5%8F%8A%E9%AD%B7%E9%AD%9A%E8%9E%BA%E8%82%89%E8%92%9C
請大家笑納
這幾天會再計畫做其他菜吧((除了魚之外",1,M
e355f994-f3d5-473f-8508-48052d2d9b43,228868273,2018-05-12T14:22:27.735Z,2018-05-12T14:22:27.735Z,1,根本一模一樣啊～,1,F
8a2e60d4-6855-45f6-ba6d-38f546fe06d9,228868273,2018-05-12T17:14:18.520Z,2018-05-12T17:14:18.520Z,2,好厲害 畫得很像☺,0,F
a53dec50-b3df-4b16-8307-1278b5be99c3,228868208,2018-05-12T14:59:53.515Z,2018-05-12T14:59:53.515Z,1,"我今天做巧克力塔，有一步是要將蛋白打發到硬性發泡
幸好有表姐幫忙一起接力，不然自己用手打真的會廢掉
https://i.imgur.com/qQPcTFu.jpg",2,M
5305111b-0313-4e50-921b-021186385502,228868202,2018-05-12T13:59:47.345Z,2018-05-12T14:00:19.125Z,1,"頭香!
……母親節快樂💕",8,F
c74d69d2-b132-4101-8a8e-831f967cb5c0,228868202,2018-05-12T14:00:14.504Z,2018-05-12T14:00:14.504Z,2,說聲母親節快樂 媽媽就很開心的！,6,F
7f764b71-b1d4-47cc-bf7f-8de1b68a571b,228868202,2018-05-12T14:06:35.157Z,2018-05-26T19:36:06.671Z,3,我沒有媽媽 如果有 我會很愛他,191,M
f3ad018a-9b4e-4bd9-a39c-054a36e97733,228868202,2018-05-12T14:10:04.689Z,2018-05-12T14:10:04.689Z,4,圍繞著還在轉˙˙,2,M
8ee1196b-f772-4ab6-b319-b204ebeb62a3,228868202,2018-05-12T14:10:20.998Z,2018-05-12T14:10:20.998Z,5,"好感動
要是我和我媽也能這麼互動就好了
（因爸媽離婚而很久才能看到媽媽一次的女子（離婚過程不怎麼好……",2,F
c337bfa9-2f10-48ba-a5cc-620deb1d58c1,228868202,2018-05-12T14:13:52.088Z,2018-05-13T16:23:31.737Z,6,有媽媽  就有愛心,1,F
9a6d5a9f-2309-4be7-8c6b-1b5215ccb49c,228868202,2018-05-12T14:59:36.406Z,2018-05-12T14:59:36.406Z,7,終於又發文了～～～～,3,M
aecab710-9527-4421-befa-c8731040e36b,228868202,2018-05-12T15:57:05.104Z,2018-05-12T15:57:05.104Z,8,雖然我媽每次都叫我不要回家，但我一回家她都喜歡叫我陪她去哪去哪，連買東西也會邀約我哈哈哈  標準刀子嘴豆腐心 最愛她了😘,2,F
07dca65b-95bf-4d8e-b77e-ac23ed6e614a,228868202,2018-05-12T16:32:07.116Z,2018-05-12T16:32:07.116Z,9,"我高中那陣子很煩我媽
覺得她只會一直叫我讀書這個不行那個不行的
我高三的時候跨考衛生護理群
那時候讀到關於死亡
想到在將來的某一天爸媽都會離開我
坐在書桌前的我忍不住哭了出來
我就去房間找我媽媽哭
現在上了大學離開了家
剛到大學的那陣子特別不習慣
打電話回家聽到爸媽的聲音就會哭（好啦抱歉我就是很愛哭😂
他們說我也很想妳的時候
我真的超想買車票回家的
現在回家我都黏著媽媽或爸爸
也開始學著對爸媽撒嬌
很珍惜我在家的每天
有爸媽在的地方就是我的歸處",23,F
db6085c6-a299-4a52-b2e5-7fb991416dc8,228868202,2018-05-12T18:04:48.508Z,2018-05-12T18:04:48.508Z,10,好久沒看到你發文了🤤,1,F
6f9514e7-362b-4585-8fba-fb52b2cce444,228868202,2018-05-13T02:00:56.584Z,2018-05-13T22:58:25.254Z,11,辰光寫的 篇篇落淚,1,M
7c122e37-8661-461f-b07f-0ceba0dbb9ea,228868202,2018-05-13T03:53:20.032Z,2018-05-13T04:10:20.920Z,12,"好方法 準備來去實驗——😋

——————
我：欸媽媽 妳身上好像有個味道耶？
媽：油煙味嗎？
我：不是啦
媽：汗臭味吧😛
我：不是 是香的~
（嗅嗅~
我：噢 是麻麻的味道啦~😋
媽：羞~>///<（抱
媽：都是黃臉婆了😂
我：不 妳是我最愛的小矮子媽咪~~😚

嘿嘿嘿嘿嘿😆
感謝原po😁😁😁",3,F
5d7310d0-3203-4d91-a9cf-91794e405c9a,228868202,2018-05-13T07:54:50.047Z,2018-05-13T07:54:50.047Z,13,B1 母親節快樂👌,0,M
3d87bfbe-7d9d-44f8-94d8-6a9d086b0408,228868202,2018-05-13T07:55:09.782Z,2018-05-13T07:55:09.782Z,14,B2 真的真的！👀,0,M
0dfe6ab9-8b86-48ce-8bd9-06e973b847b1,228868202,2018-05-13T07:56:13.763Z,2018-05-13T07:56:13.763Z,15,B3 要告訴自己，媽媽在你看不到的地方守護著你😁  加油,1,M
19694bc9-16da-4973-bf3d-4e0ce3d00ca6,228868202,2018-05-13T07:56:36.922Z,2018-05-13T07:56:53.395Z,16,B4 發文時沒注意到，已更正，謝謝🙋,0,M
509a7481-1f7e-4892-8c6d-762ecd594e5e,228868202,2018-05-13T07:57:54.684Z,2018-05-13T07:57:54.684Z,17,"B5 嗯… 聽來有點難過… 拍拍
但不論如何，至少…媽媽還健在嘛😁",0,M
fb82c27f-6d5d-46ad-8588-1a0e0e75b4e6,228868202,2018-05-13T07:58:19.526Z,2018-05-13T07:58:19.526Z,18,B6 好😂 先去謝謝媽媽一個😊,1,M
b703b84c-3105-4bca-ad34-b23030bf754c,228868202,2018-05-13T07:58:53.434Z,2018-05-13T07:58:53.434Z,19,B7 嗯…😂 母親節嘛 忍不住想分享一下😅,1,M
c5587fdf-33bb-4073-a4d9-f881ec9e229d,228868202,2018-05-13T07:59:26.929Z,2018-05-13T07:59:26.929Z,20,B8  真的，媽媽都刀子嘴豆腐心，明明就很喜歡我們撒嬌，常常去關心他😂,1,M
207c4571-f583-47a5-a771-7b34020702c8,228868202,2018-05-13T08:00:28.133Z,2018-05-13T08:00:28.133Z,21,B9 在不經意間突然發現，媽媽的年紀漸漸地大了的時候，心真的會很酸… 突然很怕😭,0,M
cf2680c6-2863-422e-ad9f-8941e0933f5d,228868202,2018-05-13T08:00:45.710Z,2018-05-13T08:00:45.710Z,22,B10 母親節忍不住想分享一下😂😂😂,1,M
20b3296b-d795-4ec2-9aa4-35b2a254dc24,228868202,2018-05-13T08:01:10.415Z,2018-05-13T08:01:10.415Z,23,B11 好，謝謝🙋 我知道你想說的是篇篇啦😂,0,M
10dbeead-3761-4281-ba86-f47a04137c0f,228868202,2018-05-13T08:01:51.972Z,2018-05-13T08:01:51.972Z,24,"B12 媽媽開心就好阿～～～ 不用謝我啦哈哈 我也是看到別人分享的這個方法😂
媽媽最辛苦，最偉大了呢😭",1,M
5e6e27f3-3a30-46fa-91e7-2e4f39cba8e7,228868202,2018-05-13T08:05:20.549Z,2018-05-13T08:05:20.549Z,25,"B17
是沒錯😂😂
不過心很痛就是真的了😂😂

（我是B5",1,F
1ac5ac17-99dc-468f-894f-a7c1cf32ba49,228868202,2018-05-13T08:11:04.764Z,2018-05-13T08:11:04.764Z,26,B17 雖然不能得知你們的狀況，但真心祝福你們的關係，隨著時間越來越好😊,0,M
7b86fe2b-c833-40a4-9ee6-c34e79875b05,228868202,2018-05-13T08:11:57.315Z,2018-05-13T08:11:57.315Z,27,"這個我常跟我媽說～
我媽就會把手舉起來問 是這個味道嗎（狐臭
😂😂",1,F
91eefd52-ba9e-4306-9d7a-1cab332e5ea1,228868202,2018-05-13T08:12:09.041Z,2018-05-13T08:12:09.041Z,28,"哦哦哦哦是辰光啊啊啊啊啊

迷妹在此(◐∇◐*)",1,F
7cddf649-f8d9-41b9-9746-21c1b582d51b,228868202,2018-05-13T08:22:10.833Z,2018-05-13T08:22:10.833Z,29,B27 媽媽也是一個很可愛哈哈哈😂😂😂 完全配合演出阿🤔,0,M
40ce167b-05f2-41f6-bf43-94505dea176d,228868202,2018-05-13T08:22:43.809Z,2018-05-13T08:22:43.809Z,30,B28 呃…😂 快去找媽媽說我愛你啦😂😂😂,0,M
4af29a26-b3c2-4636-9d53-3e78681870de,228868202,2018-05-13T09:37:06.363Z,2018-05-13T09:37:06.363Z,31,明明就這一句不太好笑的笑話，我卻笑出來了，眼角也不自覺濕了…,1,M
aea74887-dfb4-410c-bd3c-d93739dc55f0,228868202,2018-05-13T11:57:46.530Z,2018-05-19T13:11:06.297Z,32,,,
c2699a32-3c88-4c69-b56b-baf7c41792f8,228868202,2018-05-13T12:36:36.249Z,2018-05-13T12:36:36.249Z,33,B29 對啊 哈哈,1,F
bf3c98c1-cd37-440e-8088-be8050a43101,228868202,2018-05-13T13:14:04.199Z,2018-05-13T13:14:04.199Z,34,"我剛也這樣跟我媽說
但她回我.....

蕭欸我還以為是有東西燒掉的味道

我哭😭😭
但我還是很愛她啦❤",3,F
34955eac-95ef-4af9-a6f0-65e787fdf278,228868202,2018-05-13T14:07:31.139Z,2018-05-13T14:07:31.139Z,35,B34 哈哈哈哈哈我猜我媽也會這樣反應 晚點來試試,1,F
4153c9b4-342f-4a6c-a9c5-6b51b5e431f4,228868202,2018-05-13T17:29:58.933Z,2018-05-13T17:29:58.933Z,36,我就沒有無私的媽媽 羨慕,1,F
14ba9c81-926a-4839-8ffb-57f4e1b643c3,228868202,2018-05-13T18:41:45.222Z,2018-05-13T18:41:45.222Z,37,"你很幸福，更幸福的是懂得珍惜。

有種媽媽是最自私的存在
別說陪伴一整天
連想到她都會覺得厭世
會懷疑她是不是上帝最失敗的作品",3,F
b2e4df33-abff-4ec0-bdc6-d92483ac0d05,228868202,2018-05-13T19:27:16.065Z,2018-05-13T19:27:16.065Z,38,B31 有時候，突然會覺得，有些話聽完後，苦笑著然後就哭了😢,0,M
6561727e-2ad5-440c-9089-ec1f6fd02a29,228868202,2018-05-13T19:27:30.530Z,2018-05-13T19:27:30.530Z,39,B32 阿母也是很配合啦哈哈哈 很可愛的那種🤔,0,M
2d586155-956a-4efe-80fd-7e59650be917,228868202,2018-05-13T19:27:57.144Z,2018-05-13T19:27:57.144Z,40,B34 一種認真的呆XD 阿母其實有時候很可愛😁,1,M
aa408d2f-6866-444b-9753-f6806793bb1a,228868202,2018-05-13T19:28:07.568Z,2018-05-13T19:28:07.568Z,41,B35 求後續哈哈哈,0,M
3f1df99e-55df-4c4b-885f-f786d3f801f7,228868202,2018-05-13T19:28:31.132Z,2018-05-13T19:30:14.896Z,42,"B36 嗯… ((拍拍  我不知道該說什麼才好…
如果你想抒發心情的話，可以留言，我會認真看過，然後回覆你的",0,M
97146180-1eba-4aed-aa5d-de1c15f8cdcd,228868202,2018-05-13T19:29:16.517Z,2018-05-13T19:29:21.794Z,43,"B37 幸運真的是知足和珍惜而來的，我很感謝上天給的這所有。

願妳也能在生活中感到幸福，為你真心的祈禱",0,M
885327f0-34dd-40ea-b64d-22ad31d4f906,228868005,2018-05-12T13:49:40.216Z,2018-05-12T14:41:07.426Z,1,"耶～～
這束HEN棒內哈哈哈😂
果然一分錢一分貨（？
預算約高笑容越大（？",0,F
6f1ac4bf-c767-46d1-b5cc-2c92d63b0e61,228867701,2018-05-12T16:34:37.422Z,2018-05-12T16:34:37.422Z,1,母親節快樂快樂❤️,1,F
a5174519-1171-4f27-83ea-51d18d91a1dc,228867701,2018-05-12T16:35:34.845Z,2018-05-12T16:35:34.845Z,2,B1 謝謝你呀~~~你也是噢要多陪你媽媽😙,1,F
716295ea-380c-4c8c-b187-cf91776f7973,228867701,2018-09-25T14:34:44.929Z,2018-09-25T14:34:44.929Z,3,180？？？😨😨😨,0,F
fc8f795f-9f23-42ce-8cfb-faf7e4057f86,228867701,2018-09-25T16:01:18.540Z,2018-09-25T16:01:18.540Z,4,"B3 我號稱😤😤人小稚氣高😜
（（185是我男友😂😂",0,F
e038c689-5a31-47e2-83c6-7e9163b88e4a,228867356,2018-05-12T12:36:26.872Z,2018-05-12T12:36:26.872Z,1,"我每次說我媽都回
:省著點花不要亂買東西
可是我根本沒要過錢啊～",0,M
1dee3272-edb6-4aa5-8d5f-21b9b1e71cc6,228867242,2018-05-12T14:47:30.847Z,2018-05-12T14:47:30.847Z,1,"好厲害喔
很美耶!!!",0,F
5e5e2cb2-ee51-4e22-bc36-4cd73d1e1fe8,228867242,2018-05-12T17:44:51.287Z,2018-05-12T17:44:51.287Z,2,B1 做到有點崩潰😂😂，希望母親大人會喜歡哈哈,0,F
e506e7f2-bbdd-4207-bdf0-f98e21372297,228867196,2018-06-04T08:52:07.344Z,2018-06-04T08:52:07.344Z,1,"請問要怎麼固定
還是你直接放在上面而已",0,F
71bd2b1a-ad2f-4eee-83ff-1e1aca08f192,228867196,2018-06-07T07:27:01.647Z,2018-06-07T07:27:01.647Z,2,藍色的花會更好看😂,0,F
40ccc874-5007-4e9f-943b-05e53d91262e,228867107,2018-05-12T10:35:47.756Z,2018-05-12T10:35:47.756Z,1,"沒有  只有你

只
有
你",0,F
84edffda-422a-488f-b5ec-381daa830002,228867107,2018-05-12T10:38:20.904Z,2018-05-12T10:38:20.904Z,2,我啊,0,F
886903e6-3c7c-4ac9-8226-6363dad57cb3,228867107,2018-05-12T10:50:45.925Z,2018-05-12T10:50:45.925Z,3,我的心與妳同在～,0,M
b2d37e82-9b85-4d30-b5a1-622682bf74ab,228867107,2018-05-12T11:59:34.779Z,2018-05-12T11:59:34.779Z,4,我,0,F
1ae46da7-f97d-4deb-a4cb-f33986267b9d,228867107,2018-05-13T15:07:32.465Z,2018-05-13T15:07:32.465Z,5,B1 有必要這樣？,0,F
ecfebd90-590d-4899-9f32-6e8cab749f86,228866529,2018-05-12T16:01:51.113Z,2018-05-12T16:01:51.113Z,1,很可愛^ ^,0,F
613e981a-10c4-4d31-bf8a-a7ae480b7a80,228866529,2018-05-13T12:21:19.390Z,2018-05-13T12:21:19.390Z,2,講狗語?😂,0,F
25c7309a-0768-49e6-8eb3-ab034dfa62f1,228866461,2018-05-12T09:20:51.059Z,2018-05-12T09:20:51.059Z,1,看完我哭了,1,F
8c9b91a5-1eb8-4e5d-ae8d-5bf09450d4d3,228866461,2018-05-24T16:18:59.186Z,2018-05-24T16:18:59.186Z,2,要是能夠有如此的親情羈絆，此生無憾,0,M
883c4912-c5bf-4123-9f44-6bd77e93eb00,228866220,2018-05-12T07:33:45.783Z,2018-05-12T07:33:45.783Z,1,字滿好看的。。,1,M
166663bf-8cce-4d03-b23b-339132899b2b,228866220,2018-05-12T07:34:40.324Z,2018-05-12T07:34:40.324Z,2,B1 你誇獎了.....（以前有練字跟幫人家代筆的相關,2,F
4037fd97-8665-451d-87c3-9fb0da401c02,228866207,2018-05-12T16:15:27.299Z,2018-05-12T16:15:27.299Z,1,"我也討厭母親節。
我的媽媽也離開了四年
一轉眼怎麼就四年了，每到了這個節日
心就會特別的酸，眼淚也會特別的不爭氣
但也只允許自己在這一天難過一陣子
新的一天還是要堅強起來💪🏻
一起勇敢吧",0,F
d8023f23-fb15-4044-90ff-4109006fe590,228866207,2018-05-13T03:09:39.408Z,2018-05-13T03:09:39.408Z,2,"加油，母親節還是能去懷念一下母親，
你要過的比以前好相信她會看到的",0,M
c4915f43-10a1-4cf3-8862-c902979908bf,228866201,2018-05-12T08:01:29.414Z,2018-05-13T18:11:54.916Z,1,"是美肌的關係嗎?
那個74好誇張...一點都看不出來",1812,F
b3381475-01ca-4dfe-ba29-f9a88b837013,228866201,2018-05-12T08:09:35.124Z,2018-05-13T17:35:49.031Z,2,B1我們家可能我看起來最老（？,1162,F
3b27e812-da52-416d-8bb5-31a9db60644e,228866201,2018-05-12T08:24:57.028Z,2018-05-13T19:14:14.458Z,3,"她時不時就想把我弄死
我覺得這句蠻可怕",998,F
93eb6b1d-fb02-4da7-a9ed-31f4771f7460,228866201,2018-05-12T10:33:09.383Z,2018-05-13T04:20:03.617Z,4,這是你媽?,3,F
138e7c57-beb9-4ca6-a9ad-9f19ab0fd5cc,228866201,2018-05-12T10:38:51.426Z,2018-05-13T17:14:31.716Z,5,我媽要是這樣我不行,38,F
0fc64747-7067-41d8-bd0e-56e4c75bf4d9,228866201,2018-05-12T11:09:47.751Z,2018-05-13T15:58:21.616Z,6,這媽媽我可以,18,M
2854039b-4bcb-488b-b635-e04ffec10cff,228866201,2018-05-12T13:25:59.239Z,2018-05-12T13:25:59.239Z,7,"該不會是高中同學的媽吧😂
剛剛才看到而已。。。。",6,F
1400b1df-0163-464e-93c1-e573a2f9c545,228866201,2018-05-12T14:20:47.991Z,2018-05-13T07:06:58.172Z,8,"B3 應該說她在懷我的時候做了很多瘋狂的事哈哈哈還有在我調皮的時候想掐死我（？
B4沒錯哈哈哈
B5哈哈哈她只是很鬧啦
B6 爸爸？？？
B7妳是誰😂",34,F
d479f2cc-db93-4dec-b5b2-8dbf9383acf8,228866201,2018-05-12T14:21:27.134Z,2018-05-13T17:14:53.784Z,9,媽媽可愛 女兒最怪,37,F
3edd2145-ec9c-4b7a-9dac-9c2d38ba997a,228866201,2018-05-12T14:23:52.655Z,2018-05-12T23:55:10.609Z,10,看到很眼熟,1,M
e872de8a-55ef-48a3-977a-c89c49c052e7,228866201,2018-05-12T14:26:37.747Z,2018-05-13T14:41:50.163Z,11,女兒超怪 同情媽媽 媽媽加油,43,M
56c8d0c0-2c4c-4188-a53b-d479c293b855,228866201,2018-05-12T14:26:51.039Z,2018-05-12T14:26:51.039Z,12,"🐑🐠▶️
猜猜看我是誰",2,M
279f7f0a-6706-4e42-aae6-5303104247bd,228866201,2018-05-12T14:27:54.780Z,2018-05-12T14:30:43.408Z,13,,,
1ff25025-3bdb-40ad-81e1-86941ca91b2c,228866201,2018-05-12T14:31:21.319Z,2018-05-13T18:51:07.655Z,14,女兒真的很怪媽媽是美人魚,22,F
174c58ed-64e9-4970-a7bc-190d565ef3f6,228866201,2018-05-12T14:32:14.505Z,2018-05-13T18:14:17.976Z,15,我一直很期待美人魚（敲碗,5,M
32f329a6-2f50-4797-9be2-facb5ba4541e,228866201,2018-05-12T14:34:20.385Z,2018-05-13T04:55:55.977Z,16,媽媽皮膚很白,1,F
ec806330-e19e-4f80-a3a1-aed859cb561e,228866201,2018-05-12T14:41:58.848Z,2018-05-12T14:41:58.848Z,17,是傳說中的美人魚?,0,M
03d75e78-9991-41bc-8d82-1bcc8cec2d13,228866201,2018-05-12T14:44:02.214Z,2018-05-13T14:43:57.750Z,18,"媽媽直接獲勝
妳才愛亂講一通☺️",8,F
892fab81-a21d-47b4-9926-2013c13820f4,228866201,2018-05-12T15:10:57.041Z,2018-05-13T04:25:52.646Z,19,,,
2f7a1554-9fd0-49d5-8849-f02c4f50faf5,228866201,2018-05-12T15:15:11.101Z,2018-05-12T16:26:13.225Z,20,支持媽媽  媽媽獲勝 我愛你❤️,2,F
380ae0fb-e2c9-413b-8a95-039bc912d971,228866201,2018-05-12T15:45:50.818Z,2018-05-12T15:45:50.818Z,21,辛苦妳了,0,M
c47d1cf7-4367-44b2-b36a-5d41a9c34858,228866201,2018-05-12T16:41:47.657Z,2018-05-12T16:41:47.657Z,22,媽媽長得好像白癡公主喔！！！,35,F
3cee3ce9-669e-4ed3-a344-7f8386fb48c6,228866201,2018-05-12T17:53:43.026Z,2018-05-12T21:39:47.840Z,23,小君跟我可是國小朋友到現在呢🤣😆,3,F
daf132ff-9b06-48b6-9399-b52f66e62cf6,228866201,2018-05-12T18:40:29.447Z,2018-05-13T11:13:47.954Z,24,我媽這樣我不行,6,F
083ca915-cb20-470c-9e41-219d0d91313d,228866201,2018-05-12T19:10:21.361Z,2018-05-12T19:10:21.361Z,25,你媽超級網美♥,1,F
aa2881e9-bae5-4813-835a-bddd7882b43c,228866201,2018-05-12T21:02:42.345Z,2018-05-12T21:02:59.133Z,26,"第一張我以為是妳放到自己的照片
媽媽也太可愛",0,F
431dde25-450d-4a72-b786-36d7f5778bba,228866201,2018-05-12T22:56:20.940Z,2018-05-13T03:36:07.869Z,27,感覺好年輕😂,0,F
6e886be2-e36a-4256-8031-9cf54f78810b,228866201,2018-05-12T23:23:03.112Z,2018-05-12T23:23:03.112Z,28,"支持～～
超可愛的哈哈",2,F
6233886f-fd2b-4ef8-a3f5-a316dbd301aa,228866201,2018-05-13T01:27:57.253Z,2018-05-13T01:27:57.253Z,29,眼睛好像😂😂,0,F
18296e25-d7e1-47d8-998d-c13c9cf2e20a,228866201,2018-05-13T01:38:56.120Z,2018-05-13T01:38:56.120Z,30,真眼熟🤪,0,F
49c2f999-880d-4480-8df6-4bca4cdbdbeb,228866201,2018-05-13T02:48:25.749Z,2018-05-13T02:48:25.749Z,31,"我看標題以為是你媽生病心智年齡才停留在9歲
😂😂😂😂😂五告拍謝 話說媽媽很可愛欸～",54,F
213f1aee-c458-4251-a351-742608a0d186,228866201,2018-05-13T03:30:21.959Z,2018-05-13T03:30:21.959Z,32,推媽媽美人魚！,0,F
0a33e2b4-d736-48bd-b032-766844ab7fe2,228866201,2018-05-13T03:36:51.827Z,2018-05-13T15:26:33.078Z,33,媽媽長得很像白痴公主,5,F
9b806b11-1861-48b3-a1be-07628ee59700,228866201,2018-05-13T03:37:09.116Z,2018-05-13T03:37:09.116Z,34,看起來像是才35、36歲.....,4,F
9e07a29b-e0af-4950-a2e9-8cd233d8d8ae,228866201,2018-05-13T03:54:44.874Z,2018-05-13T03:54:44.874Z,35,"媽媽很偉大，要好好照顧媽媽
我在這也要說一聲
媽媽我愛妳，辛苦了",0,M
a94a8201-b726-450b-8a39-319ebec58f7e,228866201,2018-05-13T04:04:43.669Z,2018-05-13T04:04:43.669Z,36,女鵝的照片呢,0,M
03cc1bb3-73a6-41bc-abac-1a1af2837f0e,228866201,2018-05-13T04:07:45.889Z,2018-05-13T04:07:45.889Z,37,"妳們家妳最黑
窩是愛妳ㄉ❤️",0,M
510e018f-3f61-4921-afdc-b60ac1b556b0,228866201,2018-05-13T04:21:09.510Z,2018-05-13T04:21:09.510Z,38,妳媽媽的衣服都好好看喔！,1,F
6f4d2b67-df5e-4548-88cf-525a09c1a578,228866201,2018-05-13T04:21:29.997Z,2018-05-13T04:21:29.997Z,39,"媽媽很漂釀耶！祝母親節快樂

歪樓)想問最後一張媽媽腳上的白鞋是哪一款 很好看欸哈哈哈",0,F
49c5e145-91a5-47d2-8b13-0cd1529b7ddb,228866201,2018-05-13T04:23:11.615Z,2018-05-13T04:23:11.615Z,40,什麼??白癡公主是你媽???,3,M
3efd0970-d203-466b-b56b-02aa7a09b8a7,228866201,2018-05-13T04:56:57.987Z,2018-05-13T04:56:57.987Z,41,"B12 看起來是位籃球教練呢
高中同學簽到區",0,M
e6e901f2-8385-4aef-ac4b-858941533f14,228866201,2018-05-13T05:07:53.911Z,2018-05-13T05:07:53.911Z,42,"媽媽.........？
哪一個是？？？？？",0,F
182321be-c685-49ca-a8d8-045bc625cc9e,228866201,2018-05-13T05:11:17.023Z,2018-05-13T05:11:17.023Z,43,"B41 
j個是？",0,M
f4a86203-a13c-495f-8ed3-e7a7cdad0b35,228866201,2018-05-13T05:11:39.634Z,2018-05-13T05:11:39.634Z,44,笑死 什麼媽媽什麼女兒：）,0,F
970530d0-25e6-4847-969c-82b1b552d59e,228866201,2018-05-13T05:12:43.670Z,2018-05-13T05:12:43.670Z,45,是一個堅強的漂亮媽媽,0,M
edeb6691-5a22-4420-b811-daedfb96ffb3,228866201,2018-05-13T05:15:23.004Z,2018-05-13T05:15:23.004Z,46,抓 postman中壢人嗎,1,F
6dc4ceff-0819-4a41-8b52-6cbfb36f8693,228866201,2018-05-13T05:21:06.613Z,2018-05-13T05:21:06.613Z,47,最後一張好誇張的年輕...,0,F
a73165d7-4f5e-4851-be20-82676d1207cb,228866201,2018-05-13T05:22:00.117Z,2018-05-13T05:22:00.117Z,48,媽媽這麼漂亮，女兒就交給我了,1,M
42d7f2cd-86ea-4be8-a29b-772b83d360ad,228866201,2018-05-13T05:28:58.681Z,2018-05-13T05:28:58.681Z,49,很幼齒的媽媽耶😂,0,F
32176283-4f40-4a67-8976-285e2ad5ec7d,228866201,2018-05-13T05:33:04.471Z,2018-05-13T12:02:40.139Z,50,乾黑人4妳?,3,M
b8e3b108-8cac-4563-b780-9a3b0dac1baf,228866201,2018-05-13T05:34:07.712Z,2018-05-13T05:34:07.712Z,51,"好ㄏㄧㄠˊ這我不行
不過你媽媽年輕應該很美",4,F
159cb26e-b6a9-44c1-b815-8d65cb4f4a59,228866201,2018-05-13T05:37:35.310Z,2018-05-13T05:37:35.310Z,52,"偉大的媽媽😂辛苦了！
重點你也太會拍照了",0,F
28b43d44-41a1-4359-95e1-d892f7a277aa,228866201,2018-05-13T05:37:41.263Z,2018-05-13T05:37:41.263Z,53,求問美人魚尾巴哪裡買的😍😍😍,2,F
72b64cb0-6d95-41e2-8842-a896a564a08b,228866201,2018-05-13T05:54:13.495Z,2018-05-13T05:54:13.495Z,54,"真是偉大又美麗的媽媽~
希望她能享受現在的生活❤",0,F
b15076bb-af0f-4284-8f20-97bd0235f918,228866201,2018-05-13T06:09:35.776Z,2018-05-13T06:09:43.536Z,55,太扯美魔女是ni媽,0,F
8225ab7e-fa52-4b8a-82a1-bc735f7c98fe,228866201,2018-05-13T06:24:29.152Z,2018-05-13T06:24:29.152Z,56,"是中壢的postman~
好吃😋😋😋",0,M
86fc9d89-0fa6-4b02-9da2-0ccc530800b3,228866201,2018-05-13T06:31:19.054Z,2018-05-13T06:31:19.054Z,57,我想她了,1,M
08cd5f40-4a6c-4b05-80a1-06dd889f2e7d,228866201,2018-05-13T06:34:47.267Z,2018-05-13T06:58:51.295Z,58,歪個樓 POSTMAN好吃🤤,0,F
29e2e583-c60b-45ac-9257-e043dcb74a90,228866201,2018-05-13T06:43:13.293Z,2018-05-13T13:37:21.948Z,59,你們家48看起來像38，74像55，告訴我怎麼辦到的，我16看起來像30。快救我。,7,F
5e1bb935-e2ae-4231-acfe-418de4bde938,228866201,2018-05-13T07:02:00.554Z,2018-05-13T07:02:00.554Z,60,媽媽有抓到感覺 正,0,F
a7afac77-38f7-440a-a097-337fc9493839,228866201,2018-05-13T07:04:14.608Z,2018-05-13T07:04:14.608Z,61,"這是姐姐還是妹妹呀
媽媽看起來好稚嫩哦",0,M
e738d23e-7aca-42c9-bfde-5593bd2ca430,228866201,2018-05-13T07:17:48.903Z,2018-05-13T15:20:13.380Z,62,"74那個太酷好年輕！！！

B12 羊魚右？
抱歉抱歉我不認識你我只是想猜猜看XD",0,F
fb39b06f-3495-4a77-9b1c-9e325c0d14de,228866201,2018-05-13T07:51:21.313Z,2018-05-13T07:51:21.313Z,63,中壢人來認親了👋,0,M
addeb4bb-0b4c-4cd4-84ef-7083e87806c3,228866201,2018-05-13T07:51:50.916Z,2018-05-13T16:58:35.582Z,64,"看標題點進來
還以為妳媽媽是智障",4,F
7170739f-8477-4e98-822b-006e4acdcf50,228866201,2018-05-13T08:14:35.157Z,2018-05-13T08:14:35.157Z,65,相遇是緣分 但是你不主動那就一點機會都沒有了賴we361,0,F
794bc7cd-fec4-410b-bd40-55481b848fad,228866201,2018-05-13T08:37:18.656Z,2018-05-13T08:37:18.656Z,66,你放對照片嗎這看起來像姊姊啊,0,F
41d84a3e-153e-48a7-b97d-c3658d59bd8b,228866201,2018-05-13T09:00:54.211Z,2018-05-13T09:00:54.211Z,67,"前兩張照片的魚尾好眼熟
嗨同學",0,F
15cc29b9-e346-402d-a00e-8b3c39d6595f,228866201,2018-05-13T09:12:45.079Z,2018-05-13T09:12:45.079Z,68,"我會笑爛掉ㄛ
而且每次媽媽跟女兒的對話都很智障
我還以為是在國小補習班勒≧ω≦",1,M
ce3dc59f-f037-49d7-b063-8ce05a8fcd25,228866201,2018-05-13T09:18:01.006Z,2018-05-13T09:18:01.006Z,69,穿搭很可以🤣🤣,0,F
8ceca814-2d2b-4055-8050-18bffeff95c2,228866201,2018-05-13T09:25:59.587Z,2018-05-13T09:25:59.587Z,70,魔女一家,0,F
5f3e710c-f5c7-4a72-87bb-cff12d2f7b22,228866201,2018-05-13T09:38:17.419Z,2018-05-13T09:38:17.419Z,71,她還有很多女神美照欸！要紅了！,0,F
1b4cf2ee-8dd9-4432-a8d3-f88f9c3f0f0b,228866201,2018-05-13T09:43:01.562Z,2018-05-13T09:43:01.562Z,72,媽媽美人魚那張是去巴拉望嗎,1,F
17d2d243-7cde-4879-ac6b-fcf6c300d152,228866201,2018-05-13T10:02:26.248Z,2018-05-13T10:02:26.248Z,73,"你媽媽比我還會打扮...
我羞愧了🙈🙈🙈🙈",0,F
951f5185-e211-466c-a831-564c3da1e376,228866201,2018-05-13T10:09:04.076Z,2018-05-13T10:09:04.076Z,74,美人魚照 是在巴拉望拍的是吧？！ 哈哈,1,M
c2a66c39-33d1-4fee-a968-4c56983a062e,228866201,2018-05-13T10:18:59.275Z,2018-05-13T10:18:59.275Z,75,回頭率100%,0,M
4d61e33e-d597-4976-bb57-111e9dbbf140,228866201,2018-05-13T10:23:49.597Z,2018-05-13T10:23:49.597Z,76,這是妳姐吧？,0,M
41717404-56c2-4f2d-b16b-44dca454378a,228866201,2018-05-13T10:49:06.341Z,2018-05-13T10:49:06.341Z,77,腿太美了吧,0,F
19521638-9550-4e0a-8c25-c3d06a2be959,228866201,2018-05-13T10:51:19.689Z,2018-05-13T10:51:19.689Z,78,太美了吧這是姐姐吧！,0,F
28196c5c-fcae-4152-97f7-d49cc0552958,228866201,2018-05-13T10:52:20.267Z,2018-05-13T10:52:20.267Z,79,有這種老婆還不珍惜,0,F
efa7ef60-a1ea-4cb1-b34f-9497cf5589ad,228866201,2018-05-13T10:56:08.520Z,2018-05-13T10:56:08.520Z,80,B2 我不信，我要看照片,0,M
6fa967eb-ea64-4377-85af-d2494ac58c2d,228866201,2018-05-13T10:59:30.028Z,2018-05-13T10:59:30.028Z,81,你媽身材比我好ಥ_ಥ,0,F
6ba3810b-e1db-47a1-b4dc-14ce8bc39006,228866201,2018-05-13T11:01:34.587Z,2018-05-13T11:01:34.587Z,82,同校推,0,M
9b27aa90-b484-4845-bec8-e892e6f75c52,228866201,2018-05-13T11:16:59.366Z,2018-05-13T11:16:59.366Z,83,神基因 都好美,0,F
91410c82-ed87-4247-bbb8-82ba7cce45f6,228866201,2018-05-13T11:24:09.992Z,2018-05-13T11:24:09.992Z,84,原來是你妹 還以為是媽媽呢,0,M
95c0a7b8-3758-452e-9639-fcd898fa00ca,228866201,2018-05-13T11:55:37.654Z,2018-05-13T11:56:02.024Z,85,"很美的美人魚
媽媽感覺很年輕",0,M
8fb717b1-7e54-4a66-a7fd-cea0cf4f2a05,228866201,2018-05-13T11:57:01.637Z,2018-05-13T11:57:01.637Z,86,交給我了,0,M
54fcb19d-11e1-4a4c-8168-005473b394ae,228866201,2018-05-13T12:35:45.229Z,2018-05-13T12:35:45.229Z,87,媽媽超潮推個,0,M
a24215c1-1f75-4ec1-90e7-86a27027689a,228866201,2018-05-13T12:54:06.658Z,2018-05-13T12:54:06.658Z,88,不是吧 夠扯的啦,0,M
3c66b5e4-44ff-4701-aea6-2815c0d4bbb3,228866201,2018-05-13T12:55:19.971Z,2018-05-13T12:55:19.971Z,89,"美人魚超美

其他應該是""無他""的関係(笑",0,F
10e862f0-e425-454a-9ad2-2eb516ae6983,228866201,2018-05-13T12:59:45.736Z,2018-05-13T12:59:45.736Z,90,超狂人魚,1,F
7f15ea1b-1084-4d45-be5d-f9655f126c4f,228866201,2018-05-13T13:07:22.271Z,2018-05-13T13:07:22.271Z,91,原來那天吃卡司旁邊是妳媽😂,1,M
e019f969-4ec1-49ed-8d03-1ac066a3b32e,228866201,2018-05-13T13:14:00.144Z,2018-05-13T13:14:00.144Z,92,"很羨慕耶，為什麼偏偏我媽生完我以後就愛打扮成像個阿嬤死要成熟風格
我也想要有個潮媽",0,F
4cda43ab-612d-456b-b453-ab95b3b512cc,228866201,2018-05-13T13:22:32.173Z,2018-05-13T13:22:32.173Z,93,沒來張五代同堂😆,0,M
8137fb4d-cfa2-499a-aca3-6caa17ca8b83,228866201,2018-05-13T13:38:12.387Z,2018-05-13T13:38:12.387Z,94,B65 需要我截圖向學校舉發嗎？,2,F
07d13894-d565-426a-b679-e795cdbdb5b2,228866201,2018-05-13T13:41:34.939Z,2018-05-13T13:41:34.939Z,95,74那個我還以為才40、50歲而已…,0,F
19566518-b89f-4e64-bfd9-8e4065c2df50,228866201,2018-05-13T13:57:28.265Z,2018-05-13T13:57:28.265Z,96,確定是媽媽不姐姐？！！！,0,F
6b3d8a3d-b221-4e5c-ba03-ca729f5020ee,228866201,2018-05-13T14:07:39.435Z,2018-05-13T14:07:39.435Z,97,"其實看完這篇
標題有微微刺到我的內心
因為我的爸爸在幾年前因為腦中風
現在心智年齡真的只有國小三年級的程度
想到整個家庭尤其是媽媽撐過來了
雖然日子沒很好過
但至少都還活著
活著就有希望",7,M
7e5b4434-cee0-45b5-b944-4f8703b12115,228866201,2018-05-13T14:09:07.004Z,2018-05-13T14:09:07.004Z,98,我比較想看原po😀,0,F
16c55782-78c0-4e36-b344-16fc8b3b1809,228866201,2018-05-13T14:15:34.303Z,2018-05-13T14:15:34.303Z,99,媽媽活的很年輕，很好,0,F
cf9175cc-c280-4295-8ed8-2307d99ea33b,228866201,2018-05-13T14:39:33.647Z,2018-05-13T14:39:33.647Z,100,"是好吃的 Postman  ㄟ
夷 好像文不對題
總之也住原PO媽媽母親節快樂~",0,M
62fde911-a33b-4e1d-b983-27e0bfa28990,228866201,2018-05-13T14:46:26.544Z,2018-05-13T14:46:26.544Z,101,我也拒絕回覆你,0,M
890ab82f-a381-4a44-b812-3f5de387e772,228866201,2018-05-13T14:56:03.032Z,2018-05-13T14:56:03.032Z,102,我跟你說 無他相機可以把浮水印去掉噢噢,0,F
9d204add-d82d-4f3e-b0eb-f3bf322e8415,228866201,2018-05-13T15:28:01.318Z,2018-05-13T15:28:01.318Z,103,媽媽超美,0,F
43744617-49f1-4a85-8281-59fb26eef31d,228866201,2018-05-13T15:29:59.756Z,2018-05-13T15:29:59.756Z,104,B53 我也想知道+1,0,F
6457c6ce-dddb-4bc5-939b-1dc428d4b6b8,228866201,2018-05-13T15:30:52.121Z,2018-05-13T15:30:52.121Z,105,"B59 hold住現在
等妳超過三十歲就倒吃甘蔗😂",1,F
c237ab9c-8cc3-4abe-8621-e7b9bffcca25,228866201,2018-05-13T15:32:15.069Z,2018-05-13T15:32:15.069Z,106,想知道媽媽第一張的鞋子是哪雙😂,0,F
cf8932c3-0290-432a-8758-7c180f310c3c,228866201,2018-05-13T15:34:52.504Z,2018-05-13T15:34:52.504Z,107,"妳媽怎麼保養的...
那根本是你姐，逆天年齡老媽！",0,F
308ea1ba-36f4-4de2-9aba-1a5cf9dcb574,228866201,2018-05-13T16:06:57.559Z,2018-05-13T16:06:57.559Z,108,我剛看到標題時，還以為是令堂發生什麼事情，導致心智年齡停留在9歲的悲劇文...,1,M
e1af61d6-1a51-4c22-a3e8-38738771d72d,228866201,2018-05-13T16:08:22.457Z,2018-05-13T16:08:22.457Z,109,嗚嗚 可以收嗎,0,M
8efb6a76-4a4e-481b-82fa-f1a4d88cfeb4,228866201,2018-05-13T16:08:30.265Z,2018-05-13T16:08:30.265Z,110,ㄇㄐ,0,F
45159298-527d-41fb-b38f-8a16d5c8d28b,228866201,2018-05-13T16:13:32.666Z,2018-05-13T16:13:32.666Z,111,"歪個樓
阿祖好年輕才93
我21 阿公都100了🤣",0,M
e00057bf-f884-43c8-abaa-6ab8f16f0d00,228866201,2018-05-13T16:20:15.720Z,2018-05-13T16:20:15.720Z,112,那美人魚真的很狂,0,F
e1e079ff-4d57-44de-a3fd-b7f8c365eda7,228866201,2018-05-13T16:26:34.778Z,2018-05-13T16:26:34.778Z,113,還好我媽不會這樣...,1,M
c6b3ddaa-f74c-4ac6-b2c5-aa3a00c8a617,228866201,2018-05-13T16:28:48.959Z,2018-05-13T16:28:48.959Z,114,你媽媽太美了吧！！！,0,F
991c0086-2237-4c03-85a6-6eb684ea7b20,228866201,2018-05-13T16:45:59.804Z,2018-05-13T16:45:59.804Z,115,求認識    我說原po,0,M
f2972d81-02fa-455c-b4e2-10b8f9b84be4,228866201,2018-05-13T16:53:54.726Z,2018-05-13T16:53:54.726Z,116,畫韓系眉毛會更年輕！,0,F
a7bbce70-0a83-455f-97d3-3794adc0e239,228866201,2018-05-13T16:55:54.022Z,2018-05-13T16:55:54.022Z,117,標題害我以為內容很沉重...原po過來我保證不打死妳...😂😂😂,1,M
bd0ce28e-59a8-4d32-9288-0bce06fe66cb,228866201,2018-05-13T16:57:59.605Z,2018-05-13T16:57:59.605Z,118,我阿姨他們也超愛用無他相機 大概是美肌點好點滿吧,0,F
dda6ef0c-4a54-4a07-8594-669a16b52590,228866201,2018-05-13T16:58:42.391Z,2018-05-13T16:58:42.391Z,119,媽媽好美,0,F
3ec08577-8915-4d4d-9257-339704584d3b,228866201,2018-05-13T17:12:08.613Z,2018-05-13T17:12:08.613Z,120,B97 加油😭😭,0,F
88368e6a-1bc8-40b7-b022-96a658c4aaba,228866201,2018-05-13T17:12:27.852Z,2018-05-13T17:12:27.852Z,121,這是姊姊吧！也太年輕了吧,0,F
29790df0-c446-4f41-aa2e-40c6a36667db,228866201,2018-05-13T17:22:28.057Z,2018-05-13T17:22:28.057Z,122,我發現老一輩的婆婆媽媽都超愛用無他不知道為什麼😂我媽也有下載,0,F
4880bb9c-2ba5-46d2-8f36-1907d39bcd89,228866201,2018-05-13T17:41:46.078Z,2018-05-13T17:49:13.105Z,123,,,
22ec0f42-a351-4b02-876c-2f24b37676c1,228866201,2018-05-13T17:45:17.612Z,2018-05-13T17:45:17.612Z,124,長的好像白癡公主！,0,F
47328515-5842-4605-b241-8813ac3f6eda,228866201,2018-05-13T17:45:26.251Z,2018-05-13T17:45:26.251Z,125,鼻子都好挺❤️,0,F
a35f8f7f-7b56-45b1-b70d-985a1c5ea0e5,228866201,2018-05-13T17:49:22.290Z,2018-05-13T17:49:22.290Z,126,來張女兒的照片如何,0,M
fe515e6f-6918-4637-ac12-d9b5c71e0dcc,228866201,2018-05-13T18:04:07.732Z,2018-05-13T18:04:07.732Z,127,最後一張根本一般20幾歲的女生啊....,0,F
436f3132-84f6-4f5e-aef5-a7db8c3be620,228866201,2018-05-13T18:26:38.461Z,2018-05-13T18:26:38.461Z,128,美人魚是在Dos Palmas?,0,M
d00336d3-45eb-4ccd-85c7-374e24944ff8,228866201,2018-05-13T22:11:41.449Z,2018-05-13T22:11:41.449Z,129,"B122 因為這個App用了會讓自己彷彿變成正妹的錯覺
btw我也有下載😏",1,F
e8f6d02d-2022-40d7-ab1e-0d6fec9c53f9,228866201,2018-05-14T07:17:50.171Z,2018-05-14T07:17:50.171Z,130,"看標題 還以為是生了什麼病 導致心智年齡停在9歲

結果..
原來是曬媽媽阿",1,M
459ba981-e0ac-4ca8-bfae-7a6c99edd378,228866201,2018-05-14T08:53:45.617Z,2018-05-14T08:53:45.617Z,131,要怎麼樣加碼到露奶照,0,M
28180095-ed1c-4902-bbe8-af0cb038e7a3,228866201,2018-05-14T10:11:44.820Z,2018-05-14T10:11:44.820Z,132,B105 好，我會化每一個被叫阿姨的次數為力量努力hold.,0,F
99720708-af2d-4563-a02d-c832027c8588,228865988,2018-05-12T06:27:18.633Z,2018-05-12T06:30:24.017Z,1,"擦子屑來報到😂
祝全天下的媽媽們母親節快樂👩🎉❤️😆",1,F
e64c7417-228e-46d4-8c78-c4a4d96feaf0,228865988,2018-05-12T06:30:00.374Z,2018-05-12T06:30:00.374Z,2,蘭花！❤❤❤,1,M
d46eb042-c5da-4c36-b7d7-bf437e27ea8e,228865988,2018-05-12T06:37:44.504Z,2018-05-12T06:37:44.504Z,3,薰衣草....xD,1,F
18c91c82-68ee-4d6c-9498-42fe04a429b5,228865988,2018-05-12T09:15:41.817Z,2018-05-12T09:15:41.817Z,4,B1 哈囉😌,0,M
b39e5a7c-a598-46b7-8851-7a235faaa722,228865988,2018-05-12T09:15:56.718Z,2018-05-12T09:15:56.718Z,5,B2 蘭花真的很美😌,0,M
2e9f15ae-8e53-45b1-a523-da1420972517,228865988,2018-05-12T09:16:18.664Z,2018-05-12T09:16:18.664Z,6,B3 我喜歡薰衣草的味道🤣,1,M
e99490a9-9b36-44e4-a793-a19103a9d28f,228865988,2018-05-13T16:34:37.241Z,2018-05-13T16:34:37.241Z,7,我媽是三八阿花😂😂😂,0,F
64edf4e9-2593-4d8e-9506-ac360a677ca5,228865456,2018-05-12T04:24:59.090Z,2018-05-12T04:24:59.090Z,1,"中國賣家根本退不了款
覺得他只是說說而已",2,M
c82bc406-d6e4-4cce-81ad-012ec2fc1c54,228865456,2018-05-12T05:38:37.775Z,2018-05-12T05:38:37.775Z,2,"中國賣家就是一堆騙子阿
下次小心點",1,M
f05c21f5-86e7-4f45-8d2d-0b2fee03ae14,228865456,2018-05-12T12:40:29.234Z,2018-05-12T12:40:29.234Z,3,"建議下次買這種東西直接去官網買
蝦皮小東西可以信任但高單價要慎選",0,F
70e633ea-a781-4a9a-8fdd-56ad54a54491,228865456,2018-05-13T02:54:38.455Z,2018-05-13T02:54:38.455Z,4,"退回蝦皮錢包嗎？
我買到假貨後退貨賣家處理基本都這樣
其中一次包含中國賣家",0,F
26079f47-5a41-43b7-a790-05eca51bbeed,228864968,2018-05-12T03:54:46.653Z,2018-05-12T03:54:46.653Z,1,很棒的素質展現呢,2,F
d96b2a6f-f253-4ea9-880a-1b6715c595fd,228864968,2018-05-12T04:55:45.203Z,2018-05-12T04:55:45.203Z,2,你傳這個還不是只有基層會看到，搞不好還沒人看呢，幼稚,1,F
75b74082-e8f4-467e-8dff-0d8bed44fc8e,228864968,2018-05-12T04:56:45.377Z,2018-05-12T04:56:45.377Z,3,B2 笑你啊 你還不是來看 呵呵,0,M
c753e2e8-ed1e-447b-acfc-ceb4c1ef79d3,228864968,2018-05-12T05:16:53.635Z,2018-05-12T05:16:53.635Z,4,笑死 你能po 我不能點進來喔,1,F
af6366de-0eba-4905-99a0-7cb780913a59,228864968,2018-05-12T05:36:57.541Z,2018-05-12T05:36:57.541Z,5,B4 後面的朋友大聲點 我聽不見,0,M
5e12c725-2ef1-45ed-87ae-766ac4a93ff7,228864968,2018-05-12T05:39:58.095Z,2018-05-12T05:39:58.095Z,6,都一樣爛,0,M
a196bfaa-fb6e-45b3-b8d3-9c87d0c30b9b,228864047,2018-05-12T03:24:25.300Z,2018-05-12T03:24:25.300Z,1,"加油喔 你很棒！
記得珍惜一切 就算沒有擁有
你媽媽一定都感受得到的：）",1,F
e1f1b800-87ed-4fe7-bba1-9e77c4595520,228864047,2018-05-12T16:13:38.582Z,2018-05-13T01:24:45.589Z,2,加油,0,F
6949ac83-0f8c-45ab-a69d-7b99934bedfb,228864047,2018-05-13T11:09:45.446Z,2018-05-13T11:09:45.446Z,3,"B1 B2 謝謝妳們！
祝妳們今天有個美好的母親節❤️",1,F
0b810d52-9804-44e9-8fab-fa41c6efd345,228863661,2018-05-13T03:44:15.106Z,2018-05-13T03:44:15.106Z,1,"23:00😳😳😳
要等到那時候肚子會很餓吧",0,F
d7d21443-cf77-417e-b78c-f770dfa62e5d,228863395,2018-05-11T16:10:43.137Z,2018-05-11T16:29:54.831Z,1,"哈哈
母親節快樂",0,M
eb1ca336-e375-4a51-bcf3-561588248b3b,228863395,2018-05-11T16:23:37.662Z,2018-05-11T16:23:37.662Z,2,"哈哈哈哈哈好可愛喔









我是說那小孩的反應",0,F
1ee2b5d6-65bb-4fbb-a25f-98a499df8ff9,228863395,2018-05-11T16:27:23.409Z,2018-05-11T16:27:23.409Z,3,"ㄣㄣ... 果然是媽媽們最愛的稱號... 



母親節快樂呀🌸🌸",0,F
7abe1050-3ab5-4e83-8c6a-2efeab264393,228863348,2018-05-12T10:52:08.875Z,2018-05-12T10:52:08.875Z,1,要奉上排3年也排不到的千層才是心意,0,M
96363c3f-532e-4468-b915-58987936f780,228863348,2018-05-15T15:45:19.804Z,2018-05-15T15:45:19.804Z,2,媽媽說話好壞XD,0,F
79ba00fb-934b-4764-ad9f-22cdf0043d7f,228863348,2018-05-16T10:48:39.259Z,2018-05-16T10:48:39.259Z,3,"B1 (打死我都不會交出去！


B2 更壞的是  
她發動態寫特別的母親節
照片只有她姊妹幫她做的指甲
完全沒有蛋糕的遺照 跟 提到我😐
-外地生活5年 被棄養的孩子",1,F
140e598e-9643-4a0b-9706-3a19c9e9d409,228863058,2018-05-11T15:12:37.066Z,2018-05-11T16:20:17.381Z,1,"項鍊很美
劇情很狗血",1,M
5a96cc24-4b69-4664-9a73-ecff3d39c7db,228863058,2018-05-11T15:15:38.648Z,2018-05-11T15:15:38.648Z,2,阿嬤表示黑人問號,1,M
0cff410e-ca7e-4b7a-8906-2c8c87ec2a98,228863058,2018-05-11T15:18:15.025Z,2018-05-11T15:18:15.025Z,3,B1 B2 呵 以前太屁了 因為那時候爸媽吵架離婚 剛好進入叛逆期 媽媽那時也因為婚姻很傷心所以沒有對小孩照顧關心比較多,1,M
83430c0d-cacc-4123-8982-9ce3aa6920b2,228862861,2018-05-12T03:25:55.787Z,2018-05-12T03:25:55.787Z,1,母親節? 痾...,0,M
11e47976-c11a-439c-8530-ef1340af7921,228862861,2018-05-15T02:23:39.783Z,2018-05-15T02:23:39.783Z,2,有，我前天才抽到,0,F
6a089427-4818-4a12-b61c-7912482cb046,228861972,2018-05-11T12:21:18.309Z,2018-05-11T12:21:18.309Z,1,加油！陪你~,0,M
fc81c77c-85b9-469a-9732-0936a7126af4,228861972,2018-05-11T12:26:09.531Z,2018-05-11T12:26:09.531Z,2,加油！媽媽會在天上守護妳的,0,M
f3396880-58dc-4cf7-af04-651255ff3c0f,228861972,2018-05-11T12:32:04.459Z,2018-05-11T12:32:04.459Z,3,QQ,0,F
9b4a7b79-d26f-46db-b85c-a9260602a2b9,228861972,2018-05-11T13:13:53.426Z,2018-05-11T13:13:53.426Z,4,加油加油 相信你媽媽一直在守護著你的,0,M
c6d6e5ef-7caf-47d9-b602-9cbb63fd5664,228861972,2018-05-12T19:29:27.510Z,2018-05-12T19:29:27.510Z,5,"我媽媽也在10幾年前去當天使了
我也沒來得及跟她說第一句母親節快樂

大哭過後要記得擦乾眼淚
不要讓媽媽擔心了",0,F
0706e80e-eed0-4562-a0c6-bf1011293d3f,228861972,2018-05-14T06:37:07.968Z,2018-05-14T06:37:07.968Z,6,B1 B2 B3 B4 B5 謝謝大家讓我覺得暖心，很可惜的母親還是沒有來夢裡會面，不過我會擦乾眼淚繼續加油的。也希望大家可以好好孝順各位母親哦,0,F
f5d614ad-450a-4b1b-b732-3207890f5cf4,228861949,2018-05-11T13:19:47.810Z,2018-05-11T13:19:47.810Z,1,好感人！天下的媽媽都好偉大！,1,F
31a13e26-569c-46b7-9bd2-fa36dde071ea,228861826,2018-05-11T12:00:12.931Z,2018-05-11T12:00:12.931Z,1,媽媽會知道你愛她的,1,F
a690d167-f863-446b-ad93-0c1d06a2fc43,228861826,2018-05-12T18:28:30.507Z,2018-05-12T18:28:30.507Z,2,"加油💪
你很棒棒",0,F
bea516d3-afdf-4793-89d8-0390efd51a4f,228861561,2018-05-12T14:05:45.752Z,2018-05-12T14:05:45.752Z,1,笑到肚子好痛😂,1,F
7cd96322-a3e0-4ea9-90b5-05c78b2d0d80,228861112,2018-05-11T09:35:45.570Z,2018-05-11T09:35:45.570Z,1,"這...太猛了！
請收下我的膝蓋吧🙇🙇",1,M
714e149b-9e1c-4f94-a199-c66a510017b3,228861112,2018-05-11T09:50:43.293Z,2018-05-11T10:29:26.019Z,2,"覺得都長得好像…

B3
原來如此！
特徵真的很重要，有抓到整個像。",1,F
78715482-0212-4839-bcc1-827d535fd587,228861112,2018-05-11T10:26:29.446Z,2018-05-11T10:26:29.446Z,3,"B1 謝謝啦！😄😄
B2 裡面其實有人是重覆的沒錯~
最近也在思考畫風慢慢穩定的畫法
其實有觀察過西門町街藝畫過
發現突顯特徵也是一個畫法😋
但也有走安全唯美路線的
其實我也好想放開畫呀(但我怕委託人無法接受哈哈😂😂😂)",0,F
c077c276-5949-4c64-af6b-19e84c21da8d,228861112,2018-05-11T11:21:23.917Z,2018-05-11T11:21:23.917Z,4,,,
