b3cd6437-d4c0-4699-8c98-e2b76d8b9a50,234970922,2020-12-12T19:25:38.525Z,2020-12-12T19:25:38.525Z,1,卡  應該是多到爆炸吧？,0,M
277e49dd-afc7-4d06-939d-c6718e163e9d,234970922,2020-12-12T20:38:49.195Z,2020-12-12T20:38:49.195Z,2,"看一下黑鮑魚照
https://i.imgur.com/tbc5TDO.jpg",0,M
fbf11dbc-0861-4e5e-9aba-9fb0cd1acca3,234965498,2020-12-11T19:22:49.923Z,2020-12-11T19:22:49.923Z,1,.....,1,F
d355acaf-c8f9-42ae-983e-11285ee7fe60,234965498,2020-12-11T20:04:21.407Z,2020-12-11T20:04:21.407Z,2,那個....祝你夢到,1,M
b93e51fa-592c-4105-b6c9-8acb71294629,234965498,2020-12-11T22:07:17.805Z,2020-12-11T22:07:17.805Z,3,不去主動認識在這裡亂什麼洨🤪,1,F
28c0ead4-099f-43c2-9673-18dc594ce933,234965498,2020-12-12T02:33:54.521Z,2020-12-12T02:33:54.521Z,4,有夢最美,1,M
5b4d9efe-ac30-466b-a353-0fa44f43e45e,234965498,2020-12-12T03:42:21.569Z,2020-12-12T03:42:21.569Z,5,睡吧  夢裡什麼都有,1,M
f90042c6-69c8-4af4-8744-5b503c8aa8e9,234965498,2020-12-12T07:01:47.612Z,2020-12-12T07:01:47.612Z,6,https://i.imgur.com/90f8VzI.jpg,1,M
9f49f924-5cff-4643-8f56-fcef59817123,234965498,2020-12-12T07:09:32.678Z,2020-12-12T07:09:32.678Z,7,你為什麼不問問神奇海螺呢？,0,M
294c0c3a-247d-487e-826e-f8ae41406f25,234965498,2020-12-12T13:14:42.868Z,2020-12-12T13:14:42.868Z,8,把妹要靠自己 靠別人幫你追 追到了你安心嗎😏,0,M
65ed7411-7f53-49ce-8b84-67f4b5be4607,234964654,2020-12-12T04:51:09.432Z,2020-12-12T04:51:09.432Z,1,"最少應該也會看出缺席吧
至少要確認你起的來？",0,M
fcccdf71-1a22-4bfa-b206-3bb777457736,234964654,2020-12-12T05:08:23.903Z,2020-12-12T05:08:23.903Z,2,"B1 但我們只填ㄌ，班級、學號、名字、電話
沒問成績跟缺曠，這樣是他們會一個一個查嗎🤔",0,F
e312e5a3-8538-41b2-b396-e007c3d958bb,234964654,2020-12-12T05:14:23.803Z,2020-12-12T05:14:23.803Z,3,"B2 
之前跑去查自己的缺曠
他們也只問學號 然後就幫我查到了",0,M
a44ae376-ffb9-463b-b71d-783680d02209,234962786,2020-12-11T11:43:13.413Z,2020-12-11T11:43:13.413Z,1,"白痴才買車證拉
這兩張圖就送你！
https://i.imgur.com/cTefTgV.jpg
https://i.imgur.com/MODL5Hd.jpg",3,M
dd254991-71da-4371-ac09-9dbb91ab275f,234962786,2020-12-11T11:48:19.461Z,2020-12-11T11:48:19.461Z,2,笑死 可憐吶 有線路聽說這位同學才剛牽車而已,1,M
e581f1b0-04c6-411f-8f19-f4bf285f001a,234962786,2020-12-11T12:00:20.037Z,2020-12-11T12:00:20.037Z,3,跟他講阿杜。上來這裡講幹嘛。俗辣,1,M
6e6c31af-85ee-485d-babc-debe41e6450c,234962786,2020-12-11T12:55:58.533Z,2020-12-11T12:55:58.533Z,4,"所以公審有用嗎
問題還是沒解決",1,F
7032dae3-9869-4931-96ed-3fc0f657da1b,234962786,2020-12-11T12:56:10.237Z,2020-12-11T12:56:10.237Z,5,B2 拉去報廢,0,F
9eb12133-5cd7-46ef-86ab-9947dd3dea14,234962786,2020-12-11T13:10:17.527Z,2020-12-11T13:10:17.527Z,6,B5 坐等拉去。卡一個,0,M
8f945bca-1d1f-4ef0-a32e-111bd181fbdc,234962786,2020-12-11T13:34:39.009Z,2020-12-11T13:34:39.009Z,7,有些人不會貼在車上啊,4,F
a777c2c6-a066-4ef8-a382-7b389d543fc0,234962786,2020-12-11T14:01:48.270Z,2020-12-11T14:01:48.270Z,8,又不是每個人都會貼車上==,6,M
c986e569-9f1b-491b-b0e0-c380fa8fa1b5,234962786,2020-12-11T15:35:46.786Z,2020-12-11T15:35:46.786Z,9,我也不貼車上 會不會下次就看到自己車在上面了 怕.,4,M
869aa84f-5f89-465d-8119-ff828182b8f3,234962786,2020-12-11T16:07:16.129Z,2020-12-11T16:07:16.129Z,10,傻屌，我就買了沒貼在車上，怎麼不去拍其他人的,3,M
a800eb7a-b8e5-4ae8-aeeb-eb291d880d33,234962786,2020-12-11T16:37:23.469Z,2020-12-11T16:37:23.469Z,11,笑死怎麼知道人家沒有買？,3,F
d02c95f1-1f8b-4e3d-8eaa-8bd63f1630ae,234962786,2020-12-11T16:39:32.984Z,2020-12-11T16:39:32.984Z,12,我都放錢包裡,1,M
44e95940-48ca-4583-94dc-91cf45270fad,234962786,2020-12-11T16:48:33.606Z,2020-12-11T16:48:42.227Z,13,"我都放手機殼裡 貼上去等等被幹走
當什麼正義魔人🙄",2,F
78e74c7e-15f6-4282-8e11-7b5130c3b515,234962786,2020-12-11T17:04:16.340Z,2020-12-11T17:04:16.340Z,14,B0 是放上來是要來求溫暖的嗎,1,M
7c014a02-bdc8-4a26-b790-8e777c2ea235,234962786,2020-12-11T17:04:34.060Z,2020-12-11T17:04:34.060Z,15,傻子才買 買了也不一定貼車上 當啥正義魔人低能兒,1,F
0968bf72-cfc5-42bb-9ae7-eb17ba5b8e12,234962786,2020-12-12T02:18:45.071Z,2020-12-12T02:19:13.500Z,16,"爽啊 這學期快結束了才被檢查一次而已

誰要花200買？笑死 200拿去吃宵夜爽啊刺啊",0,M
20b8ce46-0a6a-4c7d-a4bc-b0163f994063,234962786,2020-12-12T04:20:38.586Z,2020-12-12T04:20:38.586Z,17,開心🥳,0,M
ce0d6204-366b-413a-9679-ef8ea738f34e,234962786,2020-12-12T09:06:48.726Z,2020-12-12T09:06:48.726Z,18,不好意思 我有買但沒貼 不行嗎,1,F
01754998-fbf9-4bf4-9d5b-1da2fd410879,234962786,2020-12-12T11:05:06.813Z,2020-12-12T11:05:06.813Z,19,阿不就200塊而已 有差？,0,M
f22d1fa2-8013-4808-88aa-267963139a8f,234962644,2020-12-11T13:42:34.329Z,2020-12-11T13:42:34.329Z,1,有圖片嗎,0,F
c53e97d8-a837-49ad-a58c-fad7803437e7,234962644,2020-12-11T14:15:50.352Z,2020-12-11T14:15:50.352Z,2,B1 方便留聯絡資訊嗎 再私訊妳,0,F
7b35d3d1-6e19-49e1-9188-ac0192509aad,234962539,2020-12-11T10:56:03.352Z,2020-12-11T10:56:03.352Z,1,這家我去過！整體氣氛很好、餐點也很好吃❤️,1,F
a6c7d593-5768-4db7-88fd-872ff220ee58,234962539,2020-12-11T11:39:51.434Z,2020-12-11T11:39:51.434Z,2,感覺好讚！！！,0,F
b72b1f4f-aabb-4ecd-8414-9c15b5727324,234962539,2020-12-11T11:47:10.499Z,2020-12-11T11:47:10.499Z,3,https://i.imgur.com/coV6voC.jpg,0,M
9445f827-c9b0-494a-986c-9496935bccb6,234962539,2020-12-11T13:50:04.487Z,2020-12-11T13:50:04.487Z,4,推推,0,M
00f5e30d-5323-46ad-9095-5017118e1377,234962539,2020-12-11T15:55:06.548Z,2020-12-11T15:55:06.548Z,5,超讚！還有狼犬❤️,0,F
fab37910-72d8-4273-8312-c4aac9cc7dc7,234962539,2020-12-11T16:05:38.178Z,2020-12-11T16:05:38.178Z,6,終於看到有人推了,0,M
4fc424dd-ff24-4474-b3a0-1d47b64ef2d8,234962539,2020-12-11T16:17:00.957Z,2020-12-11T16:17:00.957Z,7,裡面的狼犬真的超級可愛的😍😍,0,F
81082a2c-3b4c-46a7-a14b-696c61f1b833,234962539,2020-12-12T04:24:38.018Z,2020-12-12T04:24:38.018Z,8,"這家很棒
我在隔壁買安全帽哈哈
買完旁邊吃飯很舒服
而且超飽⋯🤣",0,M
68f0be5d-96e1-421b-8209-ff9eaeb17892,234962539,2020-12-12T09:02:44.222Z,2020-12-12T09:02:44.222Z,9,"https://i.imgur.com/o9bGqpo.jpg
上次去有遇到狼犬！好像叫Ace
超可愛超乖的😍😍",0,F
dd0382a6-6e21-4e54-8773-bcf6ddeb98c6,234962539,2020-12-12T10:07:54.382Z,2020-12-12T10:07:54.382Z,10,也可以帶寵物嗎,0,F
9f69cb8a-7675-4473-8a92-a2363814b528,234962539,2020-12-12T10:09:04.746Z,2020-12-12T10:09:04.746Z,11,B10 可以喔！但要牽繩～,0,F
740f3c7a-5822-44be-9f77-97c169c0f133,234962539,2020-12-12T17:10:41.516Z,2020-12-12T17:10:41.516Z,12,大推❤️ 之前去過，餐點真的好吃😋,0,F
856c1964-0307-46db-ae3f-3767670db6e2,234962389,2020-12-11T12:07:12.548Z,2020-12-11T12:07:12.548Z,1,我正在找他😭可以麻煩幫我給警衛室嗎🙏,0,F
ec36bf73-828f-4ba0-b701-90aad25fec5c,234962389,2020-12-11T12:13:00.609Z,2020-12-11T12:13:00.609Z,2,B1 後門的警衛室嗎??,0,F
371965ef-32fa-4fc4-a3dd-6878add32ab4,234962389,2020-12-11T15:26:41.185Z,2020-12-11T15:26:41.185Z,3,B2 可以 謝謝妳喔！,1,F
0d152d1b-99c8-4ae6-89b0-fa25ebc5a61c,234962389,2020-12-11T17:09:28.152Z,2020-12-11T17:09:28.152Z,4,B3 不會😊😊,1,F
5570a4c7-35f0-420f-b3cc-44d825500de0,234961277,2020-12-11T07:18:01.137Z,2020-12-11T07:18:01.137Z,1,下學期來的及，台灣銀行辦理，從2021/1/15日起到開學註冊期間都可以,1,M
32f8772b-9e32-458a-86fd-98637b13e158,234961277,2020-12-11T07:19:28.409Z,2020-12-11T07:19:28.409Z,2,妳是初貸嗎,0,M
50f8294a-ff4f-4969-a654-dee14767e827,234961277,2020-12-11T07:19:47.624Z,2020-12-11T07:19:47.624Z,3,還是第二次辦理,0,M
ac852c37-1a01-42c7-ac47-432c871af074,234961277,2020-12-12T11:50:20.000Z,2020-12-12T11:50:20.000Z,4,是初貸！,0,F
649f8dc2-82a0-4fdc-ac29-b6bc766f12aa,234961277,2020-12-12T11:50:29.430Z,2020-12-12T11:50:29.430Z,5,好的感謝！B1,0,F
77d72377-3b0c-45fa-a796-b35e9f17baec,234961277,2020-12-12T12:11:31.515Z,2020-12-12T12:11:31.515Z,6,那15號那天你先上網到台灣銀行的學貸專區註冊，填資料然後在印下應有的資料後，帶著你的父母到台灣銀行辦理（除非你滿20否則一定要帶家長過去一定要父母兩個都到，單親例外）去台灣銀行時記得帶身分證印章和你印下來的那個單子及戶籍謄本(近三個月的 )即可建議要去辦時建議早上，下午一堆人,0,M
80a2d841-66d6-49e6-adbb-71df826e37ea,234961277,2020-12-12T12:24:44.238Z,2020-12-12T12:24:59.672Z,7,,,
477d37a9-ec1a-4ab3-bb76-9978d0dc49fe,234961244,2020-12-11T09:23:45.213Z,2020-12-11T09:23:45.213Z,1,"啊不會給警覺喔
拍攝者不救",1,M
adde3dbf-d206-4993-b312-6ba16b0355df,234961244,2020-12-11T15:40:51.967Z,2020-12-11T15:40:51.967Z,2,請問現在下落如何可能是我的,0,M
219a2dc9-df00-4e61-acc4-662a7338ca74,234961244,2020-12-11T15:49:34.663Z,2020-12-11T15:49:34.663Z,3,如何跟你聯絡,0,M
289f8fb1-6d37-4d04-8290-c004022eabbb,234961244,2020-12-11T16:22:54.330Z,2020-12-11T16:22:54.330Z,4,"https://i.imgur.com/FsjZMgq.jpg
這是 b2 b3 的airports 可以的話再麻煩原po跟他聯絡了 再麻煩你",0,F
bf21e387-dccc-4fc7-8637-3a9b9d938b3c,234961244,2020-12-12T04:03:05.912Z,2020-12-12T04:03:05.912Z,5,我要怎麼聯絡你呢,0,M
6dfda075-21a1-49b3-9eb4-95a9fea179da,234961244,2020-12-12T05:44:13.958Z,2020-12-12T05:44:13.958Z,6,"B5 
給你line ID的話可以嗎",0,F
937b752b-f029-40ff-9d9a-42885445de1c,234961244,2020-12-12T07:43:10.866Z,2020-12-12T07:43:10.866Z,7,好的，可是我大概半夜才有空,0,M
89e3137b-6249-4d26-b10d-fdd0a2aff2ac,234961244,2020-12-12T08:08:25.709Z,2020-12-12T08:08:25.709Z,8,"沒關係
我的ID:09080000092感謝🙏",0,M
2a5a3781-d968-46e1-be0b-57bc93bdb175,234960645,2020-12-11T05:56:47.099Z,2020-12-11T05:56:47.099Z,1,"希望主人可以趕快來救他，今天很熱又沒有給水，他會中暑啊..
https://i.imgur.com/A5Xu3Ya.jpg
https://i.imgur.com/UZNCzyF.jpg
https://i.imgur.com/aMKa3dx.jpg",1,F
b2ca914f-af53-4bd8-8d98-559c757fa735,234960645,2020-12-11T06:14:45.337Z,2020-12-11T06:14:45.337Z,2,B1 今天沒有那麼誇張熱吧⋯ 剛看有人買罐頭給他吃的樣子 真的有心可以帶他看有沒有晶片 沒有晶片就能先照顧一陣子看有沒有尋狗啟事 再沒有就能開放領養了,0,F
73ef4a48-bf9a-4fad-8be9-b65547047720,234960645,2020-12-11T06:15:11.740Z,2020-12-11T06:15:11.740Z,3,"B1 剛走去看了 狗不在了 
希望是有被救走",0,F
0476358f-6414-479c-9ddb-d8aa3a3ccaab,234960645,2020-12-11T06:18:30.107Z,2020-12-11T06:18:30.107Z,4,"B2 還要考慮一下他毛的厚重量 我沒有能力可以照顧他 所以我也沒辦法做什麼 如果我有 我當然會照你的方式給他更好的

B3 有的 後來有好心人帶他走了 據說他朋友想要養哈士奇 因為也怕他會中暑 所以先牽回去做養個兩天等待他的朋友來接他回家",1,F
b1206d68-36b0-46c7-a1f4-e7798473b3d2,234960645,2020-12-11T06:38:11.497Z,2020-12-11T06:38:11.497Z,5,"https://i.imgur.com/Ob1F5Cw.jpg
先帶走了 他有點笨...",11,M
20aa13bc-05ba-4d25-944d-2bddab854a74,234960645,2020-12-11T06:59:56.709Z,2020-12-11T06:59:56.709Z,6,B5 表示他是可愛的二哈❤️ 謝謝你牽他離開 不然當時我也不知道該怎麼辦,1,F
f3b311df-e2e5-4608-9eb0-672c8fa10311,234960645,2020-12-11T07:32:53.000Z,2020-12-11T07:32:53.000Z,7,B6  B5缺有愛心的女友,1,M
dbd58ebf-11e6-4786-9e5d-dae5f1a75a3d,234960645,2020-12-11T07:36:52.292Z,2020-12-11T07:36:52.292Z,8,B7 噗噗 我跟他今天才見過吧？當時我也在現場,0,F
9ca9e0d9-4a5e-4786-8e78-35a0af5c7a45,234960645,2020-12-11T07:56:07.470Z,2020-12-11T07:56:07.470Z,9,B6 你是給他吃小饅頭那些人ㄇ,0,M
32b4f14f-3024-40e9-ba42-6b60640ab424,234960645,2020-12-11T08:04:23.631Z,2020-12-11T08:04:23.631Z,10,B9 我是給他水的那個(⁎⁍̴̛ᴗ⁍̴̛⁎),0,F
38cd0a2d-de50-4c38-aec1-397f4c202dff,234960645,2020-12-11T09:17:10.712Z,2020-12-11T09:17:10.712Z,11,"https://i.imgur.com/YEiV6Vb.jpg
應該是二校斜對面的麥克喔",1,F
8b674c49-c3bf-45a3-a0a2-3631f0be9134,234960645,2020-12-11T09:20:37.799Z,2020-12-11T09:20:37.799Z,12,B5 找到他家ㄌ,0,M
735961cd-ba57-4a33-9510-3c186378c6a8,234960645,2020-12-11T09:58:35.012Z,2020-12-11T09:58:35.012Z,13,"太好了 有找到家♪( ´θ｀)ノ
既然是二哈 應該是自己掙脫跑了😂",0,F
e7a999f1-23e0-4e07-996e-97e9c94c7c46,234960645,2020-12-11T10:06:39.736Z,2020-12-11T10:13:25.953Z,14,"https://i.imgur.com/7lEjN4W.jpg
B5 主人在找了喔 中台路12之9號",0,M
ff65827c-48ee-464b-bbbb-c2bd91b760c0,234960645,2020-12-11T10:09:24.927Z,2020-12-11T10:09:24.927Z,15,"https://i.imgur.com/IvzqWER.jpg
B5",1,M
67532c36-7034-4789-b3ff-0c5c57bae51f,234960645,2020-12-11T10:12:21.104Z,2020-12-11T10:12:21.104Z,16,B5 他主人也來密我！感覺很擔心！看到希望能趕快回一下！,0,F
a20f3f2b-1a60-4114-baa4-56f36ee8b2bc,234960645,2020-12-11T11:57:17.363Z,2020-12-11T11:57:17.363Z,17,已經找到主人了喔,1,M
ddcbe34e-b3da-4360-bca2-746e4702c389,234960645,2020-12-11T12:53:17.256Z,2020-12-11T12:53:17.256Z,18,那三個男生好像是男籃的,3,M
771b1176-9095-40ab-b2a5-303d61c76366,234960645,2020-12-11T14:57:46.307Z,2020-12-11T14:57:46.307Z,19,B5 好呆好可愛ㄛ⋯,0,F
199caa1b-2b8a-42b9-8934-92cb8d6dbf6f,234960645,2020-12-11T17:53:27.363Z,2020-12-11T17:53:27.363Z,20,今天企管系辦撿到 看到直接放棄上課去撸狗🤣,1,F
6e49433e-064c-454f-9c8e-e18bd213445d,234960645,2020-12-12T09:21:57.086Z,2020-12-12T09:21:57.086Z,21,B18 男籃的長得帥又有愛心,0,M
86959d50-4b96-408a-9a5b-6c7c349aabca,234959028,2020-12-11T03:38:41.730Z,2020-12-11T03:38:41.730Z,1,我想轉租！！不過我還在找之後要住的,0,F
581aa98c-bc80-429b-a050-6818d8cd3dbe,234959028,2020-12-11T06:56:45.167Z,2020-12-11T06:56:45.167Z,2,B1 想問一下你住幾樓 大概什麼時候會找到另一個租屋處～,0,F
db3861ff-3688-4181-9fb0-a7441eff3183,234958404,2020-12-11T04:03:00.194Z,2020-12-11T04:03:00.194Z,1,有時會卡QAQ,0,F
ce8db994-42dc-4394-9fc9-ebec44c0b525,234957442,2020-12-10T17:41:12.971Z,2020-12-10T17:41:12.971Z,1,+1,0,M
9fd4d685-1535-4987-9cca-aabfd7358e54,234957442,2020-12-11T00:56:54.356Z,2020-12-11T00:56:54.356Z,2,24耐？！,0,F
79556cdb-b0f7-41fb-ac6b-67c5e977fb8a,234957442,2020-12-11T06:15:48.510Z,2020-12-11T06:15:48.510Z,3,我我我！！！趁現在還年輕把人生清單完成！,0,M
825812dc-5cbd-4b25-b5a0-92584aedd28e,234957442,2020-12-11T07:57:40.164Z,2020-12-11T07:57:40.164Z,4,走啊,0,M
b020274d-74b5-4190-bcda-8d83fad3603a,234957442,2020-12-11T13:40:47.730Z,2020-12-11T13:40:47.730Z,5,"B1 有什麼想法嗎！？
B2 也行，趁年輕，找一群人做一件事，才值得回憶～
B3 有什麼想法或點子可以一起討論看看
B4 有什麼想法嗎？

我今天剛開始了我的健身房之旅😂😂😂
不論做什麼，首先得要有體力😂😂😂

24耐，腳踏車環島，一天火車旅行之類的
你們有什麼想法嗎？～～",0,M
cc690942-211a-4ec1-8363-2890e7fb94fa,234956604,2020-12-10T14:23:14.284Z,2020-12-10T14:23:14.284Z,1,"https://i.imgur.com/OL8g4K5.jpg

超會蹭人",5,M
17a13530-4154-40c2-b909-e6d15d7c04e4,234956604,2020-12-10T15:01:17.036Z,2020-12-10T15:01:17.036Z,2,是酷羅耶~~~牠超可愛,0,F
ee6fd9b4-d275-4b62-92b7-24cf7928fbd3,234956604,2020-12-10T15:02:10.678Z,2020-12-10T15:02:10.678Z,3,B2 酷羅？,0,M
fa88fd47-5f66-44fa-aaef-bffc8003612e,234956604,2020-12-10T15:03:39.473Z,2020-12-10T15:04:33.765Z,4,"B3 くろ 黑的意思

也會聽到保全叫他庫羅",0,M
ce6a5269-d31d-4453-ae3a-32698971915b,234956604,2020-12-10T15:04:19.268Z,2020-12-10T15:04:19.268Z,5,B4 好吧 我日文不好,0,M
4fdc76e0-aca9-4c0d-8e7f-a1e54e1a6edc,234956604,2020-12-10T15:12:56.314Z,2020-12-10T15:12:56.314Z,6,B2 不是露娜嗎,0,M
4dae9d7c-8e3a-45e1-a51a-b47cc6fb5151,234956604,2020-12-10T15:57:33.622Z,2020-12-10T15:57:33.622Z,7,所以那隻小黑貓是有人的，還是流浪貓？,0,F
420caafb-2dac-409d-a632-9e4c15fc3e71,234956604,2020-12-10T16:04:46.666Z,2020-12-10T16:04:46.666Z,8,"B7 一直住在嶺東的
偶爾才會出現",0,M
fdd6a3d6-ee4d-46ad-9a4b-7e58ddbc3cab,234956604,2020-12-10T16:08:27.033Z,2020-12-10T16:08:27.033Z,9,B8 喔～原來如此，上次想摸他手還被拍了一巴掌QQ,0,F
361345e1-5cce-4016-bdf0-bda1249896d9,234956604,2020-12-10T17:04:26.381Z,2020-12-10T17:04:26.381Z,10,"牠超口愛🥺🥺🥺
而且超級親人嗚嗚",0,F
8183363e-c124-4bb4-9bd2-e7718fbd2ec7,234956604,2020-12-10T18:03:51.786Z,2020-12-10T18:03:51.786Z,11,"https://i.imgur.com/41Xa3Ox.jpg
我都叫他雞腿🍗(´∀｀*)",1,F
4aaf4cbe-a333-44af-9eac-0e7ffc3c789c,234956604,2020-12-10T18:54:11.148Z,2020-12-10T18:54:11.148Z,12,我上次看到牠抓鳥來吃😂,2,F
546bee14-4e76-46ac-8020-34567fe6ea15,234956604,2020-12-10T22:11:38.226Z,2020-12-10T22:11:38.226Z,13,B12 我是看到抓蝴蝶,1,M
96c7d4ea-83f8-467c-9e79-7601252ac6b0,234956604,2020-12-11T00:54:02.566Z,2020-12-11T00:54:02.566Z,14,他會吃鴿子,0,F
a30851f1-98e4-4422-abfb-7979faba9038,234956604,2020-12-11T03:27:07.659Z,2020-12-11T03:27:07.659Z,15,宅急便董事長親自送件,0,M
35d6e8c4-8e2d-4297-bdbc-030df1a5febd,234956604,2020-12-11T03:47:39.822Z,2020-12-11T03:47:39.822Z,16,"https://i.imgur.com/XqaGSe9.jpg
超可愛的啦，我都叫黑黑",2,F
9e2a5147-d4fb-4674-943f-510f2106f708,234956604,2020-12-11T03:58:32.723Z,2020-12-11T03:58:32.723Z,17,"請大家在喂完小黑的時候
把垃圾一併帶走喔，因為很常看到貓罐頭
還有貓咪食物的袋子",5,F
3fbb1ce4-c40d-45aa-988d-8b5e5c8ca9ab,234956604,2020-12-11T03:59:49.204Z,2020-12-11T03:59:49.204Z,18,全世界都幫他取名了🤣,2,F
27143441-8152-472a-b6af-a41de56bcf96,234956604,2020-12-11T04:01:34.744Z,2020-12-11T04:01:34.744Z,19,"我家黑貓也能帶出去6
認識一下😏😏🤣",0,M
c9d724aa-5044-471a-b3a9-80ad86497466,234956604,2020-12-11T04:01:40.882Z,2020-12-11T04:01:40.882Z,20,我看到他從四樓跳下去過,1,M
f5a63b43-2163-489e-b833-24ea11757914,234956604,2020-12-11T04:21:39.129Z,2020-12-11T04:21:39.129Z,21,我也有看過他～,0,F
495e75d5-6f00-400b-b510-52b23c50e338,234956604,2020-12-11T04:32:10.279Z,2020-12-11T04:32:10.279Z,22,B20 好酷哈哈,0,F
161d3294-e89e-460f-801e-563acb033893,234956604,2020-12-11T05:08:50.704Z,2020-12-11T05:08:50.704Z,23,"庫羅...
魔法阿嬤那隻 怕😂",1,F
e41a7af5-aaea-4efa-9009-aa7c7a829e52,234956604,2020-12-11T05:48:37.931Z,2020-12-11T05:48:37.931Z,24,要餵牠可以 但是請不要買偉嘉這種爛貓食...也不要直接給牠用罐頭吃 嘴巴很容易被鋁罐刮到受傷垃圾也要帶走好嗎==,12,F
5a1567c3-b7da-4adb-8b22-b23e7d0d0087,234956604,2020-12-11T07:58:35.593Z,2020-12-11T07:58:35.593Z,25,今天也有遇到~超級口愛~,0,F
beba98cc-35ec-46ce-b6f6-acaf606a38d3,234956604,2020-12-11T19:25:36.995Z,2020-12-11T19:25:36.995Z,26,https://i.imgur.com/t62ttF2.jpg,0,F
5de9bcce-0519-424a-8201-43080f4eef8d,234954272,2020-12-10T07:10:03.712Z,2020-12-10T07:10:03.712Z,1,"填完了 不客氣
https://i.imgur.com/RKalwSL.jpg",0,M
31bb32d0-bd1a-4d82-b8b9-71702cd22cde,234954272,2020-12-10T07:12:49.391Z,2020-12-10T07:12:49.391Z,2,B1 感謝你,0,F
22363ce3-4c7c-4a04-97c3-6c3f1d48b8ca,234953825,2020-12-10T10:52:19.017Z,2020-12-10T10:52:19.017Z,1,去他們說啊 幹嘛跟我說 干我P事,1,M
aadaea81-4718-47a1-a2ec-bf970d5c2899,234953825,2020-12-10T12:52:46.577Z,2020-12-10T12:52:46.577Z,2,B1 我有叫你看？,2,F
8cf79e03-9708-4630-9be0-e0f44d7f335f,234953825,2020-12-10T14:19:19.057Z,2020-12-10T14:19:19.057Z,3,B2 乖別生氣 生氣會變醜的,3,M
c268e82c-ec5c-4d44-bee6-f573d0469be8,234953825,2020-12-11T04:08:36.575Z,2020-12-11T04:08:36.575Z,4,B2 不用跟吃嘴小孩生氣 無視就好😜,4,M
82e16e71-1137-46b2-ad41-a26ee9ed5505,234953494,2020-12-10T07:33:29.234Z,2020-12-10T07:33:29.234Z,1,靠背超醜的圖,5,M
6ebba009-377c-4a20-9f82-838997aaa0b3,234953494,2020-12-10T09:58:42.891Z,2020-12-10T09:58:42.891Z,2,鬼畫符,3,F
fe6294a9-e892-4ef2-b236-5a33f5b7ecfc,234953494,2020-12-10T14:24:59.546Z,2020-12-10T14:24:59.546Z,3,畫得有夠醜,2,M
326f07ed-ac35-45b6-b188-9ca44bf1f64b,234953494,2020-12-10T16:08:07.886Z,2020-12-10T16:08:22.183Z,4,好不容易換新的桌椅 還搞破壞= =,2,F
c7128116-ea6a-4ee6-870f-9b1e90b28e75,234953494,2020-12-11T04:10:01.583Z,2020-12-11T04:10:01.583Z,5,這什麼低端塗鴉,2,M
834cbb09-dabd-4213-8bb9-d11c27980421,234953494,2020-12-11T07:54:57.967Z,2020-12-11T07:54:57.967Z,6,畫得好看就算了...,1,M
43e12c85-7fa0-4b3c-9174-ab484dfcd71c,234953494,2020-12-11T12:25:50.553Z,2020-12-11T12:25:50.553Z,7,"沒毛病
89作畫",2,M
7807e4ec-a488-43a0-8354-6fd0bbce7ea4,234953494,2020-12-11T12:26:10.147Z,2020-12-11T12:26:10.147Z,8,https://i.imgur.com/fVOyatv.jpg,0,M
912ea22d-aad9-456d-97be-0a64d9f00840,234952932,2020-12-10T03:37:11.167Z,2020-12-10T03:37:11.167Z,1,不會~ (已經畢業了,0,F
76c7fa50-7819-4c31-9e1e-1436a833ffa4,234952932,2020-12-10T10:00:32.636Z,2020-12-10T10:00:32.636Z,2,理論上是要繳回的,0,M
4204b548-532f-42b1-b976-014af66ffc57,234952932,2020-12-10T22:48:00.009Z,2020-12-10T22:48:00.009Z,3,還想買學生票ㄚ,0,M
aa2106a9-a8ba-47dd-ba7d-9bf2f62f8d84,234952843,2020-12-10T04:21:01.583Z,2020-12-10T04:21:01.583Z,1,"那間我也還在觀望欸
坐等評論😂",0,F
7447f5e9-312b-4131-a9c2-50c70b9db5e1,234952843,2020-12-10T07:33:40.510Z,2020-12-10T07:33:40.510Z,2,711,0,M
1a491fea-fe4b-44f1-951f-7c018250928a,234952843,2020-12-10T07:45:44.091Z,2020-12-10T07:45:44.091Z,3,現在整修 老闆人很好 是不錯的聚會地點,0,M
c89dd876-e57d-443c-b1bb-645fc4822eed,234952843,2020-12-10T07:46:06.039Z,2020-12-10T07:46:06.039Z,4,現在可以去無敵甜水雞,0,M
2ca946ac-c84a-42fc-9267-2e2d0ccd3d02,234952843,2020-12-10T09:07:28.952Z,2020-12-10T09:07:49.191Z,5,"0
要優質去市區
我推薦準備中、舟舟",0,M
d3aad20a-c25b-40fc-8182-4ee1e6fe2ea7,234952843,2020-12-10T13:42:10.048Z,2020-12-10T13:42:10.048Z,6,阿曼不錯 在市政北七路那邊,1,M
2ef1c3c6-876a-4a04-99b2-cae20d2591f6,234952843,2020-12-10T13:45:36.360Z,2020-12-10T13:45:36.360Z,7,711啊,0,M
aa05ffef-eec8-4dbe-858f-4c5f5440f889,234952843,2020-12-10T14:06:01.140Z,2020-12-10T14:06:01.140Z,8,"老闆人不錯
但上次換菜單後幾乎都漲價了",0,M
eb2e857a-95ea-4220-939a-e411c5b1dc2c,234952843,2020-12-10T14:36:53.688Z,2020-12-10T14:36:53.688Z,9,不要去貳番 老闆欠之前員工一堆錢還不出來結果自己在吃好住好 ==,1,F
47914c2c-8f97-40b5-9052-891307d8ec59,234952843,2020-12-10T15:13:36.159Z,2020-12-10T15:13:36.159Z,10,八嘎囧猴子一堆,0,M
f91973b1-6342-4967-8e21-a8d60fe78f88,234952843,2020-12-10T20:40:41.883Z,2020-12-10T20:40:41.883Z,11,"那些人就還是同一群，每次有新的女客人去的時候，一群男生就會開始找目標下手，
之前我女生朋友有去那吃丼飯玩桌遊說她被幾個來送餐跟射鏢的男生搭訕狂尬聊還有被要聯絡方式真的是不會再去了呢：）",1,M
135d2372-2f11-4f58-9f31-c942d76f7bd5,234952843,2020-12-11T03:53:22.323Z,2020-12-11T03:53:22.323Z,12,求更多掛,0,M
11ceb805-52b4-4cb4-be32-872f9c457e5c,234952843,2020-12-11T06:06:56.497Z,2020-12-11T06:06:56.497Z,13,"B12  我逼九 反正不要去就對了 
要去可以去請老闆還錢ㄛ：D 
大家一人一句應該就會還了",0,F
749ab4ab-72ad-4319-9e30-7485c23052fc,234952843,2020-12-11T06:16:27.870Z,2020-12-11T06:16:27.870Z,14,B13 所以你也是之前在那的員工喔，我印象中老闆是不是有女友也住親家啊🤔,0,M
dd29e510-9399-4f35-8942-9e49d8591318,234952843,2020-12-11T06:25:12.858Z,2020-12-11T06:25:39.560Z,15,"B14 我不是舊員工ㄛ 有這種會欠薪資的老闆我會馬上離職不會讓他欠三個月的薪水欠到現在不還
ㄛ不對 是還不出來 他女友住哪裡我是不知道啦 
但美甲做很爛 不要去給他女友做",0,F
d851d639-6778-4136-a4fd-41cd13e3656a,234952843,2020-12-11T06:41:15.829Z,2020-12-11T06:41:15.829Z,16,B14 B15 是叫史黛西嗎，做美甲的,0,M
73fc7bd0-dd33-41a6-8c47-11147c3e7fba,234952843,2020-12-11T06:47:36.673Z,2020-12-11T06:47:36.673Z,17,B16 ㄟ對欸 你很聰明內,0,F
c1d2f9e0-6f23-4ea6-90a2-6af5a8fa8651,234952843,2020-12-11T11:19:43.666Z,2020-12-11T11:19:43.666Z,18,哈哈好多掛喔,0,M
21c1975f-5949-40d2-b42b-db8a1aaefd5b,234952065,2020-12-10T00:01:05.117Z,2020-12-10T00:01:05.117Z,1,抱歉 我打遊戲太大聲了,0,M
78b75523-27fb-47d6-8c12-0141e12c5b32,234952065,2020-12-10T01:59:28.598Z,2020-12-10T01:59:28.598Z,2,扁下去了啦,0,F
c1b91059-5b5e-42fc-b228-454bf14e875f,234950890,2020-12-09T18:33:20.006Z,2020-12-09T18:33:20.006Z,1,禮拜五,1,F
489e7247-98eb-4f3e-bf5c-6a97ab88d4f6,234950890,2020-12-10T02:19:46.452Z,2020-12-10T02:19:46.452Z,2,謝謝你！B1,0,F
8a9ee86c-b579-4e31-a366-7c0646a1de12,234950890,2020-12-11T00:50:53.358Z,2020-12-11T00:50:53.358Z,3,B1 現在查也沒有欸😅,0,M
29d4151f-5df2-4e38-a86d-a57cd2ed0ffc,234950890,2020-12-11T01:27:40.854Z,2020-12-11T01:27:40.854Z,4,"https://i.imgur.com/buwHmtE.jpg
還沒出來哦",0,F
77c094e7-1b9c-406e-a14c-6a5d3b6c85b0,234950890,2020-12-11T04:57:38.498Z,2020-12-11T04:57:38.498Z,5,"B3 上次語言中心的老師跟我說11號
期待了半天結果還沒有 氣鼠",0,F
474c294c-94c8-4c50-8aae-e55dd6aabd5e,234949852,2020-12-10T04:32:08.109Z,2020-12-10T04:32:08.109Z,1,填完囉,0,F
8841147c-d5a2-49f5-a5d1-2ab465d18766,234949852,2020-12-10T14:50:32.829Z,2020-12-10T14:50:32.829Z,2,感謝您B1,0,M
630b1289-8ecc-4bfc-9806-76d257f07e40,234949169,2020-12-09T12:29:57.990Z,2020-12-09T12:29:57.990Z,1,鑰匙沒拔 誰會沒事幫別人拔走==,1,M
9709eeb2-c9c9-4463-8818-609fa953863f,234949169,2020-12-09T14:19:36.215Z,2020-12-09T14:19:36.215Z,2,請問哪裡找你拿,0,M
6b9fdfb9-fcc1-4887-bb55-3282e5534f4e,234949169,2020-12-09T14:20:29.635Z,2020-12-09T14:20:29.635Z,3,B2 你去大門警衛室拿,0,M
70bf3ec6-c61d-455e-8f89-f232b4c7f85f,234949044,2020-12-11T20:52:49.654Z,2020-12-11T20:52:49.654Z,1,"如果沒有在架上
那個架子是可以掀開來的
我不知道怎麼用口述的方式哈哈哈
總之，就是可以往上掀！
裡面會放上前幾期的雜誌！
希望有幫助到你👍",1,F
65bd951a-7b74-4f29-8590-d34a5885c95f,234949044,2020-12-12T01:54:16.558Z,2020-12-12T01:54:59.276Z,2,"B1 我知道妳的意思～謝謝妳☺🥰
我就是想問 如果是放在掀開來那裡面的,是可以跟他們要的嗎🤔🤔
因為前幾天看到有想買,但外面買不到了🥺🥺👉👈😅",0,F
36a212f8-5982-4c76-ad20-df99bfd2f833,234949004,2020-12-11T04:55:34.142Z,2020-12-11T04:55:34.142Z,1,胖胖的嗎？,0,M
bc741ce2-e377-462d-92d9-da3779f7dd35,234949004,2020-12-11T08:16:13.389Z,2020-12-11T08:16:13.389Z,2,"不是！瘦瘦的 中分頭
換棉花糖的時候也在",0,F
8339c23f-51a5-453f-92a4-b6d7e165bac1,234949004,2020-12-11T09:26:00.002Z,2020-12-11T09:26:45.707Z,3,,,
e495aa44-60c7-4738-8bea-a77d9c6cd038,234949004,2020-12-11T09:27:31.922Z,2020-12-11T09:27:31.922Z,4,"B2 
有戴眼鏡嗎？",0,M
44f7ebcd-1296-4153-b8c3-daf01a497b8a,234949004,2020-12-11T09:56:21.723Z,2020-12-11T09:56:21.723Z,5,換棉花糖那天有戴 圓框眼鏡,0,F
85f96a4c-98c4-4767-9352-1f743c97f2d0,234948001,2020-12-09T08:29:50.496Z,2020-12-09T08:29:50.496Z,1,字打錯囉！,0,M
b4ca4c50-5fbc-45b1-af9e-bcaa8952a5e0,234948001,2020-12-09T08:40:53.310Z,2020-12-09T08:40:53.310Z,2,B1 所以是你嗎？,0,M
aedb8afe-6d93-4d80-b49c-f1fe3435ae17,234948001,2020-12-09T13:55:34.993Z,2020-12-09T13:55:34.993Z,3,B2 不是 路過,0,M
3a761d5f-c1aa-4c5f-9402-efb5ff61ae48,234948001,2020-12-09T15:54:52.151Z,2020-12-09T15:54:52.151Z,4,原PO找我嗎?,0,M
73fc741e-1bb1-4a7e-b5a4-05d47858a9c7,234948001,2020-12-09T18:05:22.287Z,2020-12-09T18:05:22.287Z,5,"B4 能不能夠加你好友 想認識你 可以請你吃飯
你願意嗎？",0,M
a9a2e724-a549-4e29-a2aa-6fccee1d1351,234948001,2020-12-09T18:07:07.862Z,2020-12-09T18:07:07.862Z,6,B4 能夠去你們班上找你嗎？,0,M
9f12f6f3-b5c4-4485-bca3-26f7812430fd,234948001,2020-12-09T18:11:42.285Z,2020-12-11T04:16:06.779Z,7,,,
41c3117b-a2cc-4466-a9b2-10055ade2035,234948001,2020-12-09T18:17:23.464Z,2020-12-09T18:17:23.464Z,8,"B4 能不能夠和你認識
就...想和你交個朋友
這樣
可以嗎？
拜託你加我！！
哈哈",0,M
a98c8cfc-669a-4db4-afe3-d83c77c15779,234948001,2020-12-10T03:17:24.629Z,2020-12-10T03:17:24.629Z,9,原PO為什麼封鎖我 我們之前有加過欸 是在哈嘍🙄🙄🙄,0,M
df631dc4-7b4e-409e-bd6e-ab7466af9855,234948001,2020-12-10T03:18:21.133Z,2020-12-10T03:18:21.133Z,10,B9 到底多可愛 我也很想看看,0,M
d71bad28-103b-4e78-976c-966fb6a5c85b,234948001,2020-12-10T03:53:31.001Z,2020-12-10T03:53:31.001Z,11,"B4 你是企管2B的嗎？
那一天有看到你的？",0,M
31964623-bdbe-4a29-bd61-7c962d3562be,234948001,2020-12-10T03:55:39.411Z,2020-12-10T03:55:39.411Z,12,"B4 能加我Line嗎？
拜託你！",0,M
e4724ab3-c905-4221-9f05-c67c1f731a4b,234948001,2020-12-10T04:05:18.040Z,2020-12-10T04:05:23.780Z,13,我有加了啊 但你把我封鎖了欸,0,M
76a9f4bc-011c-4714-b758-49fde7c6538e,234948001,2020-12-10T07:00:19.228Z,2020-12-10T07:00:19.228Z,14,"B13 你是B4嗎？
你是企管2B的嗎？
你是那一天帶著蘋果耳機的人嗎？",0,M
a7c8556b-ec6d-49b4-b6cf-8f647ba1e5fa,234948001,2020-12-10T07:09:41.572Z,2020-12-10T07:09:41.572Z,15,"B13 你是星期二有帶著晚餐的人嗎？
是嗎？",0,M
9b982cd4-7870-4866-8aca-25de2e9b6289,234948001,2020-12-10T07:12:40.450Z,2020-12-10T07:12:40.450Z,16,"B9 因為你絕對不是我要找的人
而且.....
我根本沒在學校看過你

我是要找那一天星期二在學校電梯裡和我遇到的
一個可愛的男生 
帶著晚餐
iphone耳機
穿高領 外套

★★★是你嗎？？",0,M
3e88d499-a75a-49fe-a01a-66f8ea4cc004,234948001,2020-12-10T07:13:54.878Z,2020-12-10T07:14:12.124Z,17,,,
25bf6017-6b6e-4010-8c14-9d7fdb34742b,234948001,2020-12-10T10:50:48.652Z,2020-12-10T10:50:48.652Z,18,B16 我就是啊,0,M
16206f90-a19e-4f73-aa83-c1c155768d5f,234948001,2020-12-10T11:07:57.626Z,2020-12-10T11:07:57.626Z,19,"B18 
B18 你有加我嗎？",0,M
4b112cc3-07be-4ee1-bcd2-13bd5cd9a5b8,234948001,2020-12-10T11:08:11.372Z,2020-12-10T11:08:11.372Z,20,B18 能不能夠再加一次,0,M
ec01abeb-d0e0-4a69-80ad-1a622952baa4,234948001,2020-12-10T11:09:02.044Z,2020-12-10T11:09:02.044Z,21,B18 🙏🙏拜託你再加一下,0,M
9d39f527-e9f7-4fdf-9db2-58ee1cc52744,234948001,2020-12-10T14:46:14.328Z,2020-12-10T14:46:14.328Z,22,有加啊 你一直都沒回,0,M
fdf024fa-c060-4b25-84f8-c915b0e82905,234948001,2020-12-10T15:22:37.295Z,2020-12-10T15:22:37.295Z,23,"B22 我沒看到耶！
你能不能夠再加一次啊！
拜託你！！",0,M
faf22a19-6147-4a10-87e3-34d2edc6301d,234948001,2020-12-10T17:40:49.552Z,2020-12-10T17:40:49.552Z,24,有加了 我密你好多次你都不回啊,0,M
4c2711e3-ae97-4100-87d0-03eef385a26e,234948001,2020-12-10T18:34:44.528Z,2020-12-10T18:34:44.528Z,25,"B24 有嗎？
我真的沒看到
@@
還是能不能夠讓我加你
拜託！！",0,M
bb10d992-56a3-4979-a5b8-33ea0c94d8eb,234948001,2020-12-10T19:21:06.981Z,2020-12-10T19:21:06.981Z,26,B24 能不能夠讓我加你？？,0,M
5b4baeed-14fc-4c07-8d5b-9476e793c18f,234947211,2020-12-09T05:48:14.684Z,2020-12-09T05:49:50.165Z,1,下雨天真的不要耍帥🙃,0,F
06454d4c-d9b8-4a63-aed0-7bcab22cd389,234947211,2020-12-09T05:48:45.522Z,2020-12-09T05:48:45.522Z,2,查起來！,0,F
1bed88ef-650f-4819-97c4-3c5ebf4844c2,234947211,2020-12-09T07:35:29.126Z,2020-12-09T07:35:29.126Z,3,麥當勞歡樂送喔,1,M
ef85a4fa-3190-424f-94d3-4ebfd084e0e0,234947211,2020-12-09T16:21:50.608Z,2020-12-09T16:21:50.608Z,4,真假 歡樂送還好嗎,0,F
16e4aec1-7e51-4116-8dee-a84d4113c8ed,234947211,2020-12-09T16:22:55.079Z,2020-12-09T16:22:55.079Z,5,是不是我的歡樂送,0,F
8497d2b0-57f8-421c-8ce4-947c551d71da,234947211,2020-12-09T20:24:16.365Z,2020-12-09T20:24:16.365Z,6,"好像是白色勁戰車牌不知道是不是MGL
數字部分印象是182幾吧
他騎走了所以看不清楚",0,F
e1a7699a-f110-4404-906b-cea2c0065f1d,234947211,2020-12-10T16:41:39.613Z,2020-12-10T16:41:39.613Z,7,等等 二校監視器要到一校去調？,0,M
8627c169-4d10-4ef0-a531-359c7dac03e8,234947211,2020-12-12T16:38:51.841Z,2020-12-12T16:38:51.841Z,8,"上次就遇到一個外送員在二校停車場準備下去，我剛好停那個車格，他也剛好要以斜的方式從我要停的車格鑽下來，後來他不爽的就以狗幹快的騎法繞旁邊下去了，真的做人有需要這麼的可憐喔！
不爽就不要做外送啊，去找正職不是比較好!",0,M
b3ec9156-d623-4627-a599-e880187ef045,234946931,2020-12-09T08:43:37.983Z,2020-12-09T08:43:37.983Z,1,你也蠻讓人無言 不會問清楚嗎,3,F
3609dd7f-e3f5-403b-8553-6678561f9869,234946931,2020-12-09T09:07:32.264Z,2020-12-09T09:07:32.264Z,2,"你的問題啊，阿姨都說畫笑臉的是巧克力的了，公主？
而且那個阿姨人超好的好嗎，幹嘛一副怪阿姨的嘴臉==",8,F
ab854fb3-18d6-4e23-ae4a-c8aa986793e6,234946931,2020-12-09T11:38:09.917Z,2020-12-09T11:38:09.917Z,3,還是可以再次確認啦，嘴巴在你身上，阿姨也很辛苦，不要這樣為難她啦,2,F
cc9fad5e-d219-4ea8-a546-4de1b79d92e5,234946931,2020-12-09T12:54:48.372Z,2020-12-09T12:54:48.372Z,4,B2 ㄜ 我沒怪阿姨 而且阿姨說巧克力的 我往前一步想拿 阿姨補了一句 有畫一個可愛的笑臉的 我就說 哦 那不是我的 阿我就沒畫笑臉==,0,F
83903850-7d8b-4d41-ad2a-27c8a0c0fcab,234946931,2020-12-09T13:09:33.630Z,2020-12-09T13:09:33.630Z,5,搞清楚狀況好嗎重點不是阿姨==原po都說了特定畫笑臉不就是要認自己的單，為什麼都特定畫笑臉還要拿走別人的,7,F
31fe6ac0-6ae7-4804-a969-b26f49d54b3c,234946931,2020-12-09T13:11:56.836Z,2020-12-09T13:11:56.836Z,6,無言 樓上到底有沒有看清楚是誰的問題啊？原po說她是有問阿姨的⋯只是阿姨也不清楚有沒有人拿錯，而且她不就是怕拿到別人的嗎？如果今天大家都圈巧克力我覺得沒關係，但是就是對方有特別畫了笑臉，所以她才不敢隨便拿吧⋯⋯而且從頭到尾她只是要拿的人以後要看清楚，到底哪裡有怪阿姨了？呵呵沒看清楚才在那邊亂噴,3,F
08df2ec1-1b8e-4354-b421-8a51f109bda9,234946931,2020-12-10T02:00:16.988Z,2020-12-10T02:00:16.988Z,7,笑死 開口多問一句是很難嗎,0,F
069c146e-6151-4084-a978-7d6713e2b741,234946931,2020-12-10T10:56:48.527Z,2020-12-10T10:56:48.527Z,8,女人的嘴臉真是恐怖極了,1,M
8afc19fe-4c65-4ad4-9f31-b23d4d1aae33,234946931,2020-12-12T03:27:15.927Z,2020-12-12T03:27:15.927Z,9,"就一堆看不懂文章的
她根本沒在怪阿姨好嗎
她是不爽別人拿走她的
多問一句是要問三小啦
她就有問過阿姨了看不懂喔
人家就特地做記號了
阿還亂拿是看不懂喔",1,F
b4a6923d-8153-4cab-8267-653c16ea1e0e,234946684,2020-12-09T11:36:41.416Z,2020-12-09T11:36:41.416Z,1,我看是你想多了,12,M
d85bb056-2942-4760-97d5-9ca5da4ae54c,234946684,2020-12-09T12:29:16.422Z,2020-12-09T12:29:16.422Z,2,是二校嗎 我好像有經過看到 她們其實是在笑兩隻跑過去的小黑狗喔！,18,F
65f3fa18-47fc-41ca-acf1-4901a45782d7,234946684,2020-12-09T14:08:46.869Z,2020-12-09T14:08:46.869Z,3,"應該是你想多ㄌ
他們是在笑狗狗",2,M
2e1ed9ea-a804-47de-8aae-9e2913aee57e,234946684,2020-12-09T14:16:40.608Z,2020-12-09T14:16:40.608Z,4,是一校啦 一校沒有狗狗( ･᷄ὢ･᷅ ),1,F
5eb5543f-fbf2-438d-b02c-faba1d0fbdbe,234946684,2020-12-09T17:39:46.001Z,2020-12-09T17:39:46.001Z,5,自卑感作祟,7,M
3d9b9443-e4df-4b0d-a15b-06ed8436670c,234946684,2020-12-09T17:59:01.618Z,2020-12-09T17:59:01.618Z,6,呃有 B4,0,F
d481820a-89b8-4ea7-bdc5-7b8d2b7dc545,234946684,2020-12-10T04:28:33.131Z,2020-12-10T04:28:33.131Z,7,有自信連你淋雨淋到全身都是都會覺得自己美,3,M
219cc254-8596-4326-86f3-612dfdf4c00d,234946684,2020-12-10T05:12:30.246Z,2020-12-10T05:12:30.246Z,8,B7 我都會覺得自己好性感,8,F
9b7fb52a-3c26-47fa-b885-93587ce6ea11,234946684,2020-12-10T05:49:35.536Z,2020-12-10T05:49:35.536Z,9,B8 我無話可說,0,M
06b975ad-f229-4195-ba46-e691a07fc61a,234946684,2020-12-10T06:40:47.075Z,2020-12-10T06:40:47.075Z,10,好好笑,0,F
992ce62e-858f-428b-988d-5af5ba422102,234946684,2020-12-10T16:09:17.483Z,2020-12-10T16:09:17.483Z,11,想太多,0,F
b36a9d06-acad-4511-aa81-dccb034dff78,234943978,2020-12-08T14:36:44.488Z,2020-12-08T14:36:44.488Z,1,只有我看到的聽到的都是機車聲嗎🤔🤔🤔,0,M
59c576dc-1017-43f0-be16-5084f02cab14,234943978,2020-12-08T14:40:30.953Z,2020-12-08T14:40:30.953Z,2,"叫他們閉嘴沒用之後要拍的時候他們聊爽了就走了 留下不爽的住戶🙂
影片只是為了讓兩男一女知道是他們",2,F
62207113-42a8-4d24-9497-9a56db8b1a20,234943978,2020-12-08T15:12:53.340Z,2020-12-08T15:12:53.340Z,3,妳可以下去跟他們一起聊,0,M
6f79b796-c981-4234-a396-12965563a833,234943978,2020-12-08T15:12:55.918Z,2020-12-08T15:12:55.918Z,4,B2 很生氣,0,M
6df7d9a2-c49f-46f4-b7b9-6fdae0896dbe,234943978,2020-12-08T15:23:12.589Z,2020-12-08T15:23:12.589Z,5,有種發文 沒種下去講？,0,M
c3694555-f94b-4496-acd3-7a7954528a71,234943978,2020-12-08T15:31:55.495Z,2020-12-08T15:31:55.495Z,6,"B5 拜託他們誰啊 
我他媽幹嘛為了他們從四樓下去🙄️
誰像你一樣閒
阿不是說了有喊耳包沒聽到
也不是第一次了 就說聊爽人都走了我還要等他們下次跑來吵再告訴他們是不是",4,F
00cee563-7a07-408f-bc1c-e1cef45f482d,234943978,2020-12-08T15:56:16.387Z,2020-12-08T15:56:16.387Z,7,潑水,1,F
7d5d6b39-cf3b-4f8f-8cc8-b70005266be6,234943978,2020-12-08T16:07:13.005Z,2020-12-08T16:07:13.005Z,8,潑屎跟新聞那個一樣作法ok吧老鐵,0,M
a78924fd-0d74-454e-9b8c-f0c03a3b6d19,234943978,2020-12-08T18:26:46.253Z,2020-12-08T18:26:46.253Z,9,某樓有三條腿的很喜歡去回覆上來求助問題跟提問題請教的人，都會潑發問者冷水，忽視牠吧,0,M
a7744168-1e8d-498f-909f-42b5e1a37db3,234943978,2020-12-09T09:03:33.187Z,2020-12-09T09:03:33.187Z,10,"報警 看誰丟臉
擾民沒素質",1,F
09aa1351-0dd0-48dd-861d-9bc01afa5d6e,234941861,2020-12-08T11:00:22.185Z,2020-12-08T11:00:22.185Z,1,二校大和後排桌上有鑰匙不知道是不是你的,1,M
0180a4a8-d8e0-4c14-92ac-8a9d5159a3dc,234941861,2020-12-08T11:29:05.571Z,2020-12-08T11:29:05.571Z,2,謝謝！B1,1,M
ca4fed4f-af38-40f3-8451-ce15640c55f5,234939838,2020-12-08T10:03:32.093Z,2020-12-08T10:03:32.093Z,1,之前有問過老師 但他只說學期末之後,0,F
32d5d7df-415f-4ef9-9263-5f84053bc769,234939838,2020-12-08T14:46:53.679Z,2020-12-08T14:46:53.679Z,2,選課的時候,1,F
d770a1ff-487b-4736-9bbd-9a22c84c59ec,234939718,2020-12-08T02:24:15.942Z,2020-12-08T02:24:15.942Z,1,真的沒差==,0,F
b92a4be2-3f58-4469-aaf7-c05b2b6cbf53,234939718,2020-12-08T04:53:37.299Z,2020-12-08T04:53:37.299Z,2,真的沒差==,0,F
970f6e78-6204-44d1-a26b-b425640e8bf3,234939718,2020-12-08T14:43:32.968Z,2020-12-08T14:43:32.968Z,3,學長 真的沒差==,0,M
b35c742c-de9a-4e55-b610-4f002d4a3288,234939718,2020-12-08T17:52:05.348Z,2020-12-08T17:52:05.348Z,4,砸掉啦,0,M
f5ba75b5-cf82-4652-bb84-76009b471ed8,234939718,2020-12-10T02:00:47.953Z,2020-12-10T02:00:47.953Z,5,有差嗎拉去報廢換台新的啦,0,F
7815e143-61f1-493d-a60c-ab56d7df1fc6,234938592,2020-12-07T17:25:41.829Z,2020-12-07T17:25:41.829Z,1,就是有不照規定走的那些人：）,4,F
de7f9b95-6d25-4ca9-a9d0-516403cdcef9,234938592,2020-12-07T17:26:45.386Z,2020-12-07T17:26:45.386Z,2,一定是有人跟別人借房卡啊再借給非住宿生 呵呵,1,F
991ee3c1-bd1e-4f82-bcd0-7191a1bddc80,234938592,2020-12-08T01:05:31.050Z,2020-12-08T01:06:05.775Z,3,"真的好誇張，拜託要看演唱會的去買票，
不要在宿舍吵！",4,F
d761c653-2cb0-4ad2-9ec5-0e2dc4309b4e,234938592,2020-12-08T01:06:45.290Z,2020-12-08T01:06:45.290Z,4,建議你們跟樓長或樓下辦公室老師反映！☺️☺️,2,F
aa125532-b71b-4d84-b47a-6791c0dfb73e,234938592,2020-12-08T01:12:54.552Z,2020-12-08T01:12:54.552Z,5,B4 進出不都是他們控管嗎，感覺講了也沒用,0,F
22729ea4-48a3-4ed4-b01b-659afa4ce446,234938592,2020-12-08T01:26:15.535Z,2020-12-08T01:26:15.535Z,6,B5 開學的時候樓長好像說學校監視器很強 你把發生的大概時間跟老師說 就會有辦法去抓那些不守規矩的人 我記得帶非住宿生進去好像蠻嚴重的 不知道是會記申誡還是什麼,1,F
1e084ecb-3591-46a2-9901-e029ee35499f,234938592,2020-12-08T06:54:00.108Z,2020-12-08T06:54:00.108Z,7,幸好我住二校 二校都有在管 進大門要有房卡 所以讓我住的很安心,1,M
dd3ab5a8-149f-49f1-9e91-1db8225aedc2,234938592,2020-12-08T08:40:02.937Z,2020-12-08T08:40:02.937Z,8,辦公室的根本看不出是不是住宿生，要有人檢舉才知道，所以真的要讓宿舍有動作的話，你就照三餐檢舉吧,0,F
6a58e4da-27ec-4e24-babc-f4bc218c86e4,234938592,2020-12-08T16:09:40.142Z,2020-12-08T16:09:40.142Z,9,他就是說二校B7,0,M
a43ec05b-b7a3-4e5c-ba04-0b1cebd6044d,234938592,2020-12-09T02:42:19.067Z,2020-12-09T02:42:19.067Z,10,我室友也這樣ㄏㄏ超無奈,0,F
07e78047-3c56-43eb-988b-f4bcf85dd920,234938592,2020-12-09T02:45:50.526Z,2020-12-09T02:45:50.526Z,11,想知道樓主是住幾樓的,0,F
46cd3914-57d9-45bc-b8da-6cfc31b9d8a7,234938592,2020-12-09T04:20:07.134Z,2020-12-09T04:20:07.134Z,12,妳不覺得直接檢舉比在這發文有用嗎-.-,3,M
e8ec1351-52b4-429d-b023-c6a8362dc0dd,234938592,2020-12-09T04:33:44.369Z,2020-12-09T04:33:44.369Z,13,https://i.imgur.com/RhvbJLY.jpg,3,F
99e6037a-8f6d-4a7d-bd09-939d9634d827,234938592,2020-12-09T04:40:50.411Z,2020-12-09T04:40:50.411Z,14,原po是幾樓的呀想知道～～,0,F
e21fe52b-3801-437f-8f09-00fd887a7b06,234938592,2020-12-09T04:52:59.311Z,2020-12-09T04:52:59.311Z,15,B13 他不是已經說了有跟他們說了嗎？😅😅 第三行的第四個字開始🤣,0,F
d8ad6535-07ca-44d5-afc8-3f8c8006beaf,234938592,2020-12-09T04:56:04.516Z,2020-12-09T04:57:04.626Z,16,B15 我知道啊 講都沒用了在這講會有用嗎？,0,F
3e08c857-6c90-4e50-a919-1d2975ada222,234938592,2020-12-09T05:01:12.403Z,2020-12-09T05:01:12.403Z,17,室友好自私喔，擅自帶外人違規也都沒先講直接帶到房間...爛人,1,F
ac7cfbfc-28ce-44bb-b63e-de475e88b4fc,234938592,2020-12-09T05:39:38.243Z,2020-12-09T05:39:38.243Z,18,下來跟老師講啊，跟我們講幹嘛。俗辣😜😜,1,M
0a4626f6-f965-4563-9d3a-10ef13f63987,234938592,2020-12-09T05:40:09.856Z,2020-12-09T05:40:09.856Z,19,拍照，跟樓長講啊。幾歲了，不會思考事情怎麼處理嗎？？,0,M
4b6c187a-5ae2-4d14-a347-f1cd24b0996f,234938592,2020-12-09T05:43:13.947Z,2020-12-09T05:43:13.947Z,20,沒差是吧，那就帶下去辦公室講啊，宿舍禁止非住宿生進入。很難懂？可見長外表不長腦啊。喔等等，我忘了她沒有,0,M
2ea6f3cf-f346-4535-a203-e28bc506ca4e,234938592,2020-12-09T05:47:09.041Z,2020-12-09T05:47:09.041Z,21,B5 那是你覺得，不要沒試過就亂講,0,M
600b6dc3-fa15-40ac-84c6-db78c30be710,234938592,2020-12-09T06:35:59.492Z,2020-12-09T06:35:59.492Z,22,乾我屁事,0,F
842e93cf-0927-48af-86c3-64f639b53f5e,234938592,2020-12-09T15:58:37.982Z,2020-12-09T15:58:37.982Z,23,所以原PO是幾樓ㄉ,0,F
87c2f672-abbc-471e-a3c6-46c3547295c9,234938592,2020-12-10T02:02:26.368Z,2020-12-10T02:02:26.368Z,24,"宿舍部分是影響到你的權益
就去反應",1,F
3df7e737-0f7d-465a-aeb5-f9e9d40358e6,234938592,2020-12-10T04:50:04.962Z,2020-12-10T04:50:20.571Z,25,沒辦法，學店的各位都db2,0,M
01944309-ea42-4594-a3b7-6baa47f8f1c2,234938592,2020-12-10T04:53:41.772Z,2020-12-10T04:53:41.772Z,26,不是我再說，宿舍裡的89一個樣哪一樓都一樣，看了噁心,0,M
5b42ac42-b520-44fd-b403-6606155c1947,234938592,2020-12-10T04:56:22.702Z,2020-12-10T04:56:22.702Z,27,真的可以7414,0,M
176e5dc8-ef70-40b7-a05f-49d211ce0d07,234938592,2020-12-10T05:02:32.776Z,2020-12-10T05:02:32.776Z,28,B17 學店的學生一大步份都這樣別意外，習慣那些翻吧！反正那些人就是爛人，影響別人也敢出來哭夭,0,M
60bf226d-ac5c-4f1b-9577-040539f624bb,234938592,2020-12-10T05:07:06.257Z,2020-12-10T05:07:06.257Z,29,B28 讓我想到那些違停在人行道被檢舉還敢抱怨的王八蛋,2,F
12c85e49-215e-4677-99d8-bff8dba439e9,234938592,2020-12-10T07:47:11.074Z,2020-12-10T07:47:11.074Z,30,B29 太中肯了吧 自己做錯事被罵被檢舉結果又在那邊靠北,0,F
774ae726-1fed-453b-82dd-14fd936e0b15,234938592,2020-12-10T09:32:50.489Z,2020-12-10T09:32:50.489Z,31,中肯爆B29,0,M
4ee0dd00-df67-4101-a573-22bb4d741fce,234936780,2020-12-07T19:00:31.948Z,2020-12-07T19:00:31.948Z,1,我色弱而已,1,M
b9d9adc9-64f5-4ce0-9680-66eb255e66d8,234936780,2020-12-08T16:29:46.015Z,2020-12-08T16:29:46.015Z,2,B1 可以幫我填一下嗎謝謝,0,F
197b0f92-0f1d-4d3b-9125-692fcb81ddea,234936216,2020-12-08T04:31:10.050Z,2020-12-08T04:31:10.050Z,1,填完囉,0,F
e834c95e-e34b-4faf-8fd2-324825a4cda5,234936216,2020-12-08T06:11:21.629Z,2020-12-08T06:11:21.629Z,2,B1 非常感謝🥺🥺🥺,1,F
21eb19b1-375e-4f65-b2bb-ac4a33d9513b,234936216,2020-12-08T18:04:14.533Z,2020-12-08T18:04:14.533Z,3,好了,0,M
5f6f386b-a5f8-48eb-a27e-3bd9891d7bb7,234936216,2020-12-12T16:46:47.586Z,2020-12-12T16:46:47.586Z,4,填完了，專題一起All Pass～😁😁😁,0,M
55fa95ea-b432-48f6-971c-07cca1f353a4,234936110,2020-12-07T12:08:05.545Z,2020-12-07T12:08:05.545Z,1,填好嘍！,2,F
5acd4fbd-dd20-4455-89f9-b15e3f94714c,234936110,2020-12-08T03:37:19.254Z,2020-12-08T03:37:19.254Z,2,B1 感謝你！,0,F
67e6c5ac-55b0-4da8-afaf-34914100e4f7,234935165,2020-12-07T11:46:51.783Z,2020-12-07T11:46:51.783Z,1,抓出來打,0,M
844bcbe8-8137-4ab6-86ec-528753fd40ba,234935165,2020-12-07T16:02:38.787Z,2020-12-07T16:02:38.787Z,2,把腳踏車停在他機車上啊,0,M
8a2b3023-3248-45cf-a2cf-500cf401b426,234935165,2020-12-07T16:45:18.973Z,2020-12-07T16:45:18.973Z,3,雷霆素質,0,M
eef532ad-e081-4cc5-bc3a-869a4af0bb77,234934386,2020-12-07T05:05:42.752Z,2020-12-07T05:05:42.752Z,1,賣多少,0,M
e5ddadab-4994-4d2c-8967-a61bb815ecba,234934386,2020-12-07T05:15:41.071Z,2020-12-07T05:15:41.071Z,2,300！,0,F
e8527e2c-bc2e-4725-8d6a-d5d5df21e887,234934386,2020-12-07T05:19:20.033Z,2020-12-07T05:19:20.033Z,3,沒事啦 我請你吃飯,1,M
12eaa1c1-c960-41bf-8ca9-c65844754c94,234934386,2020-12-07T05:20:00.707Z,2020-12-07T05:20:00.707Z,4,？？怎麼突然,0,F
5854ed50-ad67-4401-8e4d-dfc766b26c77,234934386,2020-12-07T05:20:37.191Z,2020-12-07T05:20:37.191Z,5,"收👍👍👍😆😆
B2",1,M
86d07729-ad32-4f4d-bd6f-91753c26b685,234934386,2020-12-07T05:59:24.154Z,2020-12-07T05:59:24.154Z,6,B5 請問明天中午前方便嗎,0,F
fa1965b2-cb78-4d9e-a5ba-cde4347f9a00,234934386,2020-12-07T05:59:49.371Z,2020-12-07T05:59:49.371Z,7,可以B6,0,M
9897f0a9-fdcf-4fea-bbb2-1cdb9884cf3d,234934386,2020-12-07T06:00:27.112Z,2020-12-07T06:00:27.112Z,8,那我約您亞萍館 12:20？,0,F
5f32b686-1127-4abf-b943-0e0ef00acb52,234934386,2020-12-07T06:02:50.102Z,2020-12-07T06:02:50.102Z,9,可以👌B8,1,M
80602291-c17a-49e5-813f-64ea2db811c3,234934386,2020-12-07T07:51:21.997Z,2020-12-07T07:51:21.997Z,10,B3 請我吃飯😳,0,F
c714584b-0fa1-4dc5-9095-73ed9107e9cc,234934386,2020-12-07T14:16:51.895Z,2020-12-07T14:16:51.895Z,11,大屌萌妹可以嗎B3,0,M
dbcfe384-aabd-43e4-9f36-e07ed8f56112,234934386,2020-12-07T15:02:32.958Z,2020-12-07T15:02:32.958Z,12,"B10 
B11 
星期5吃火鍋",0,M
667e8fae-b022-4485-8354-02efc3da640f,234934386,2020-12-08T02:28:38.996Z,2020-12-08T02:28:38.996Z,13,B9 抱歉 我今天有點小感冒 請問方便約明天嗎？,0,F
79a89014-2de6-415f-aa46-b311fe4869f0,234934386,2020-12-08T03:09:42.630Z,2020-12-08T03:09:42.630Z,14,....痾ok還是我騎車直接去找妳B13,0,M
46d266f0-776c-47e4-bafb-3a426f1a5b85,234934386,2020-12-08T03:33:59.118Z,2020-12-08T03:33:59.118Z,15,B14 哇勒我家到嶺東蠻遠的哈哈哈,0,F
d02659c9-42ef-4d99-a831-05874698da62,234934386,2020-12-08T03:44:17.083Z,2020-12-08T03:44:17.083Z,16,沒在怕的💪在哪沒在台中以外都因該到的了🤣B15,0,M
a099011a-52f7-4a47-a849-6b78c7a88955,234934386,2020-12-09T04:07:31.723Z,2020-12-09T04:07:31.723Z,17,所以改到什麼時候😅,1,M
b833bf7a-6ec9-46f5-8dbc-9a1fad25c69a,234934386,2020-12-09T04:35:34.628Z,2020-12-09T04:45:04.697Z,18,現在方便嗎,0,F
d754f4bb-5dbd-4bd5-b10f-294ce7f13596,234934386,2020-12-09T04:35:52.619Z,2020-12-09T04:35:52.619Z,19,剛剛手機沒電,0,F
b22b0c95-3c45-4880-b285-6bce608975f9,234934386,2020-12-09T04:45:15.136Z,2020-12-09T04:45:15.136Z,20,B17 在嗎🤣,0,F
3b16e7d4-1993-48ed-b1df-5d00004768e4,234934386,2020-12-09T04:46:45.358Z,2020-12-09T04:46:45.358Z,21,在,0,M
f8170112-fc81-4dac-ba20-db22700509f3,234934386,2020-12-09T04:46:50.842Z,2020-12-09T04:46:50.842Z,22,下午都沒課,1,M
16001af5-6939-4dc3-944d-c65a8bb5c2cb,234934386,2020-12-09T04:50:47.185Z,2020-12-09T04:50:47.185Z,23,B22 請問1.10分方便約在書局前面嗎🥺,0,F
29326e4b-b00e-4412-ac99-f94eda0619ed,234934386,2020-12-09T05:05:07.368Z,2020-12-09T05:05:07.368Z,24,可以但我在二校現在趕過去👍,1,M
69996bf9-ae05-44e1-af38-3d44567dcaf2,234934386,2020-12-09T05:07:18.293Z,2020-12-09T05:07:18.293Z,25,"哇不要趕啦 慢慢來B24 
外面下雨ㄟ",0,F
9a321808-7c15-4b14-be8a-97edc618d999,234934010,2020-12-07T03:49:18.586Z,2020-12-07T03:49:18.586Z,1,已填,0,F
01112221-793a-42e9-9b03-67a3b54318ab,234934010,2020-12-07T03:50:44.061Z,2020-12-07T03:50:44.061Z,2,填嘍,0,F
3702815e-c608-49a7-9fde-f780dedbf888,234934010,2020-12-07T03:51:56.667Z,2020-12-07T03:51:56.667Z,3,填好了👏,0,F
d994f9be-fc24-4626-b951-cd3289f8ca3d,234934010,2020-12-07T03:52:42.462Z,2020-12-07T03:52:42.462Z,4,B1 B2 B3 感謝以上三位美女❤️,0,F
30e0d9e7-76c4-4d85-b4ce-c8042babb45c,234934010,2020-12-07T04:08:36.595Z,2020-12-07T04:08:36.595Z,5,已填！,0,F
78ca8498-3065-41eb-b809-10ae7f7cebcf,234934010,2020-12-07T04:24:15.169Z,2020-12-07T04:24:15.169Z,6,好了！阿我是帥哥,0,F
a7352dea-7487-41c3-b529-ae1341545b88,234934010,2020-12-07T04:41:07.303Z,2020-12-07T04:41:07.303Z,7,填,0,M
b24f273e-f35c-455d-a97d-06d818e4b07e,234934010,2020-12-07T05:06:15.499Z,2020-12-07T05:06:15.499Z,8,"B5 感謝美女
B6 B7 感謝兩位帥哥🤣",1,F
b4743ee5-d9e1-475a-adf9-9f991db733a5,234934010,2020-12-08T04:39:02.208Z,2020-12-08T04:39:02.208Z,9,填好了,0,F
9556c443-e4a4-437f-9c9f-828d0505582d,234934010,2020-12-08T04:47:38.322Z,2020-12-08T04:47:38.322Z,10,填了,0,F
efe5d0d1-df53-426a-994a-e474a6abd6e4,234934010,2020-12-08T08:42:12.623Z,2020-12-08T08:42:12.623Z,11,填囉,0,F
1522667a-cec3-4f98-ab62-2802884353ef,234934010,2020-12-08T10:15:28.304Z,2020-12-08T10:15:28.304Z,12,填好嘍,0,F
98e713da-5ada-4109-add7-09a6a6d3e6da,234934010,2020-12-08T15:57:29.576Z,2020-12-08T15:57:29.576Z,13,B9 B10 B11 B12 感謝4位美女🥺🥺🥺,0,F
f0bf3ea7-9971-43ff-9175-eaac0bfb8ad0,234934010,2020-12-08T18:26:36.322Z,2020-12-08T18:26:36.322Z,14,已填,0,M
ffaec7cf-0ed3-41ec-992e-00ae790f6f6b,234934010,2020-12-09T14:26:50.894Z,2020-12-09T14:26:50.894Z,15,B14 感謝你😊,0,F
4aadbe71-b61d-4f0c-8798-abf9711b502e,234933902,2020-12-07T03:41:32.484Z,2020-12-07T03:41:32.484Z,1,所以有圖嗎,3,F
d9fb0313-24a3-4e39-8be2-23c5f19ea429,234933902,2020-12-07T03:46:56.814Z,2020-12-07T03:46:56.814Z,2,B1 我也想看圖,2,M
e74a1bf6-1372-4627-b544-7cb8c36a73c0,234933902,2020-12-07T04:28:47.513Z,2020-12-07T04:28:47.513Z,3,哈哈 我啦幹,0,M
acca20dd-ad69-4848-94d7-eb3a4c52a9b5,234930587,2020-12-07T04:14:18.473Z,2020-12-07T04:14:18.473Z,1,老師上課應該有發考卷ㄅ  看那個就可以ㄌ,1,F
5ccad40c-ac03-4bc5-82db-9a46257b8601,234930587,2020-12-08T03:29:28.625Z,2020-12-08T03:29:28.625Z,2,B1 是那種只有10題考卷的那張嗎,0,F
2e095a3a-a8af-436b-8833-7f668d4cae1b,234930587,2020-12-08T11:18:17.465Z,2020-12-08T11:18:17.465Z,3,老師給的題庫+課題考試10題就可以囉,0,F
ec97d1eb-c881-45c7-91c2-86bf50371757,234930587,2020-12-08T15:06:54.526Z,2020-12-08T15:06:54.526Z,4,題目基本都是一樣的嗎 會不會可能正確變錯誤的這樣(>﹏<),0,F
f1fab307-1fcc-4bf2-a72b-808a369c5621,234930271,2020-12-06T11:36:26.642Z,2020-12-06T11:36:26.642Z,1,https://i.imgur.com/HfM15SY.jpg,1,M
667662da-97be-4d98-8c4f-ba33f39391a1,234930271,2020-12-06T11:44:26.424Z,2020-12-06T11:44:26.424Z,2,？！舊太子,0,F
60c9a916-f3e6-4694-ac23-8af17e7c4346,234930271,2020-12-06T11:50:49.128Z,2020-12-06T11:50:49.128Z,3,"我家樓上住戶⋯⋯
希望沒事🙏🙏🙏",0,F
a2c89624-8e21-45bb-bd0b-519fedbb91cb,234930271,2020-12-06T12:03:28.239Z,2020-12-06T12:03:28.239Z,4,自殺 什麼鬼⋯⋯,0,M
b63fff9b-4ecd-4a70-9ffb-628496f180b0,234930271,2020-12-06T12:12:45.758Z,2020-12-06T12:12:45.758Z,5,應該不是舊太子,0,F
ca430d5d-b7af-4c65-b2e1-512c1cfa45d0,234930271,2020-12-06T12:39:56.156Z,2020-12-06T12:39:56.156Z,6,舊太子旁邊那棟吧⋯都往裡面走,0,M
824a9e90-098a-4599-bbdb-8baf4708cb04,234930271,2020-12-06T12:51:19.036Z,2020-12-06T12:51:19.036Z,7,B6 萬寶？,0,F
2ec845b9-f9e2-4028-9f04-5183aa98a11c,234930271,2020-12-06T13:44:37.045Z,2020-12-06T13:44:37.045Z,8,B3 聽說是15樓的,0,F
280c5977-2ba4-4f49-b9af-84f5dbf4cf59,234930271,2020-12-06T14:28:51.607Z,2020-12-06T14:28:51.607Z,9,B2 B6 B7 是萬寶沒錯,0,F
f893bf03-7e75-4c8b-b173-0183152e5728,234930271,2020-12-06T14:30:09.743Z,2020-12-06T14:30:09.743Z,10,B8 那應該就是吧😱,0,F
354546c3-a546-46a1-aab5-cde5ecf352d0,234930271,2020-12-06T14:46:31.486Z,2020-12-06T14:46:31.486Z,11,萬寶 15-1,0,M
f0f767ac-aaa9-4de0-8516-048f5aa7516a,234930271,2020-12-06T14:47:19.813Z,2020-12-06T14:47:19.813Z,12,學生自殺？,0,M
717b0f7e-96b2-46e2-b119-092badaa9fff,234930271,2020-12-06T14:48:23.318Z,2020-12-06T14:48:23.318Z,13,現在怎麼樣啊..,0,F
c3dc9b89-f6c2-4fd7-976f-447a020f002d,234930271,2020-12-06T14:48:45.964Z,2020-12-06T14:48:45.964Z,14,阿彌陀佛🙏,0,F
bf590320-7a03-483f-81cb-63f03ad7cd8d,234930271,2020-12-06T15:12:07.537Z,2020-12-06T15:12:07.537Z,15,"7.多的時候經過
人看起來沒跳
消防隊就收隊了",0,F
3f0e3fef-5270-48c6-ad0f-6810f2761270,234930271,2020-12-06T15:14:11.325Z,2020-12-06T15:14:11.325Z,16,父母又白養了,2,M
dc435abb-81f0-4204-85f4-13de9b873d1a,234930271,2020-12-07T01:54:26.557Z,2020-12-07T01:54:26.557Z,17,在打房了ㄇ,1,M
3cf36b9d-73af-44f1-96eb-58a194437989,234930261,2020-12-06T11:47:08.821Z,2020-12-06T11:47:08.821Z,1,👌,0,F
a0a033ec-7c37-4463-b67f-f1272f89c8d4,234930261,2020-12-06T11:58:52.536Z,2020-12-06T11:58:52.536Z,2,填完了,0,F
a8d641ee-f4e6-4ec4-a852-05eae25b78b2,234930261,2020-12-06T12:05:57.775Z,2020-12-06T12:05:57.775Z,3,填,0,M
693314cc-349f-4969-84e2-2a58e006f5a1,234930261,2020-12-06T12:10:02.707Z,2020-12-06T12:10:02.707Z,4,B1 B2 B3 非常謝謝你們！！,0,F
64fb5c8d-262d-4550-8807-79b6a9e5ad7d,234930261,2020-12-06T12:23:00.298Z,2020-12-06T12:23:00.298Z,5,我也填好囉～,0,F
5ddf30cd-d9bc-4be8-a350-0db7d77d8d5e,234930261,2020-12-06T13:33:37.983Z,2020-12-06T13:33:37.983Z,6,B5 太感謝了🥺🥺,0,F
8b5e8297-09b2-40cd-b902-795d21c2d2d2,234930261,2020-12-06T14:24:39.077Z,2020-12-06T14:24:39.077Z,7,好了,0,M
0a933c49-af43-4151-b958-0303c861ee09,234930261,2020-12-06T14:55:30.726Z,2020-12-06T14:55:30.726Z,8,填(*´∇｀*),0,F
fb3f6af4-4409-4549-968d-51df609fbc7d,234930261,2020-12-06T15:07:58.043Z,2020-12-06T15:07:58.043Z,9,B7 B8 謝謝你們！！！,0,F
1bd5d7b1-9aff-4e58-8520-3a7574f92cee,234930261,2020-12-06T15:23:34.174Z,2020-12-06T15:23:34.174Z,10,已填,0,F
14b8b172-90f9-4e6a-8c2a-3aa1049eff18,234930261,2020-12-06T16:35:03.750Z,2020-12-06T16:35:03.750Z,11,完,0,M
9b001e23-fc3d-4882-b379-286d1b3705e9,234930261,2020-12-08T04:36:52.210Z,2020-12-08T04:36:52.210Z,12,填完囉,0,F
ffe4e1c7-4894-4e73-9f98-cadeabe7d2ab,234930261,2020-12-12T18:12:36.098Z,2020-12-12T18:12:36.098Z,13,B10 B11 B12 非常感謝🙏🙏,0,F
b204bdaa-5944-45e1-a0cc-2d8ece2e3925,234929449,2020-12-06T10:00:59.811Z,2020-12-06T10:00:59.811Z,1,這種事交給資訊科的工具人我來做就好,0,M
ac11f46a-0fac-4334-9805-a20a2add7684,234929449,2020-12-06T12:01:20.104Z,2020-12-06T12:01:20.104Z,2,"B1 
謝謝這麼熱心的你 😂",0,F
c8a17c86-3b42-4cb9-a246-0064055064a0,234929449,2020-12-06T14:57:00.625Z,2020-12-06T14:57:00.625Z,3,印象中好像有在以前的文章裡頭看到 那時候看是有的唷~（？ 不然跑一趟去問問吧~,0,F
483fbd5e-017f-48af-b6ba-3ea3482eb114,234929449,2020-12-06T15:36:14.141Z,2020-12-07T04:42:58.464Z,4,去資訊網路中心3樓維修室那裡，有工程師幫你灌要收費（上次我去那灌office+Adobe 要800元，是正版的）啊記得帶充電線免得中途沒電，我是用windows,1,F
9ab4ba60-dd01-48c6-8fae-28a9a742046a,234929449,2020-12-06T16:04:29.006Z,2020-12-06T16:04:29.006Z,5,自己上網灌沒問題啦,0,F
770fea22-2f70-4725-b6cd-1318bacb705a,234929449,2020-12-07T04:15:15.299Z,2020-12-07T04:15:15.299Z,6,Mac好像是1000,0,F
ceb2157d-cd9e-4363-8ec6-e4124d900010,234929449,2020-12-07T07:53:07.417Z,2020-12-07T07:53:07.417Z,7,B1 ❤️,0,F
647a0ad4-185a-4a6c-9373-7a95bd3fbce7,234929449,2020-12-07T07:53:45.359Z,2020-12-07T07:53:45.359Z,8,"B3 
好的謝謝妳💖",0,F
5410d2d5-5190-445d-b67d-0f17f3f52fe7,234929449,2020-12-07T07:54:24.092Z,2020-12-07T07:54:24.092Z,9,"B4 
好的👌太謝謝妳了！！",0,F
7507f9db-e04e-4f1b-a154-5f7c13cb6a78,234929449,2020-12-07T07:55:01.487Z,2020-12-07T07:55:01.487Z,10,"B5 
之前上網找過不是無法破解就是過期無法下載😅",0,F
04accf67-1aa1-4ae6-9f34-dc1b45dbd34a,234929449,2020-12-07T07:55:19.038Z,2020-12-07T07:55:19.038Z,11,"B6 
好的謝謝妳💖",0,F
2ccdca86-bd06-4b12-8d52-d372a3f22e73,234929449,2020-12-07T08:15:20.053Z,2020-12-07T08:15:20.053Z,12,B9 不會喔，啊有問題都可以問他們，他們人很好的（我是B4的）,0,F
b562e311-17e5-4e5b-90d4-5caf5207f477,234929449,2020-12-07T08:18:34.149Z,2020-12-07T08:18:34.149Z,13,"B12 
謝謝妳😭妳人也很好！",0,F
56271f8f-b283-4288-b2df-6f3fff26e149,234929449,2020-12-07T08:34:53.814Z,2020-12-07T08:34:53.814Z,14,B7  哈囉,0,M
656a3774-87eb-4bae-b329-2eec7d335c67,234929449,2020-12-07T10:29:28.493Z,2020-12-07T10:29:28.493Z,15,B14 單身嗎,0,F
16051b61-b9ff-471c-b04a-467980cbafde,234929449,2020-12-07T11:38:08.841Z,2020-12-07T11:38:08.841Z,16,想請問我的序號過期現在是試用版，這樣去那找工程師也行嗎,0,F
71fd8a14-fe30-49ea-9898-6a030fe53734,234929449,2020-12-07T13:26:17.935Z,2020-12-07T13:26:17.935Z,17,B15 這是必須的,0,M
67159412-8197-4f49-848d-a847d52567e2,234929449,2020-12-07T13:31:13.966Z,2020-12-07T13:31:13.966Z,18,B16 工程師是一台電腦固定價錢，不管是灌幾個程式都是喔，我那時候是有些過期了就請工程師幫我全部重新灌，工程師會請你寫需要的程式、科系、姓名、電話，我是連未來可能會用到的程式一起寫上，隔天就灌好了。,1,F
fa9f1bab-baba-446c-b59e-6709a345387a,234929449,2020-12-07T15:18:09.081Z,2020-12-07T15:18:09.081Z,19,B18 好喔大概了解了，謝謝你,0,F
859b1058-ee8b-44ba-be0f-be21d438fdf7,234927796,2020-12-06T02:34:38.045Z,2020-12-06T02:34:38.045Z,1,請問這間在哪～,0,F
6f977628-2f85-4ccc-8ff4-1a2d3e782729,234927796,2020-12-06T02:56:43.158Z,2020-12-06T02:56:43.158Z,2,B1 文山三街，寶雅附近,0,F
03cd1309-0ee0-459c-8d54-cedab35650d3,234927796,2020-12-06T02:57:42.160Z,2020-12-06T02:57:42.160Z,3,想看照片！,0,F
03f91768-11b5-449c-a67c-fc1680932e52,234927796,2020-12-06T06:05:50.553Z,2020-12-06T06:05:50.553Z,4,房租呢～,0,F
48e5e48e-7fca-4350-b948-b3a3817d1509,234927796,2020-12-06T06:13:02.192Z,2020-12-06T06:13:02.192Z,5,"https://forms.gle/QB36r42jRgRvzRpt7

麻煩幫我填一下～會聯絡你
B3 
B4",0,F
4c82847a-9d67-40ab-a3d1-3a5d43bfe9c4,234927796,2020-12-06T09:54:16.853Z,2020-12-06T09:54:16.853Z,6,可以兩個人住嗎?,0,M
44ab9b27-5b32-471c-926f-6ad09653f69d,234927796,2020-12-06T09:59:03.514Z,2020-12-06T09:59:03.514Z,7,B6  可以,0,F
4ebef045-b172-4a22-80d7-3ff408b8f2e0,234927796,2020-12-06T10:51:14.473Z,2020-12-06T10:51:14.473Z,8,B7  想看格局    填表單了哦~,0,M
30845dc6-175d-45b9-8f25-527a7ffc54f9,234927796,2020-12-10T14:39:03.020Z,2020-12-10T14:39:03.020Z,9,有填表單ㄌ 再麻煩你們～,0,F
4d9fd30a-b185-43f4-a430-fad61c943216,234927796,2020-12-11T08:01:50.426Z,2020-12-11T08:01:50.426Z,10,已填,0,M
7f6846a5-48c8-4470-b73f-ba18e8e05032,234926581,2020-12-05T16:55:25.256Z,2020-12-05T16:55:25.256Z,1,女生短髮可以嗎 頭髮剪到耳上的那種,0,F
d20aacec-81e2-45b2-af68-9d73e8adcf89,234926581,2020-12-05T17:50:02.386Z,2020-12-05T17:50:02.386Z,2,男生頭可以嗎,0,F
22fcd72f-4093-442c-a27a-e8f83cad120a,234926581,2020-12-06T02:47:54.660Z,2020-12-06T02:47:54.660Z,3,有限人數嗎,0,F
ae2a3a97-c109-4df1-9e3c-4a0c5ca4fe9f,234926581,2020-12-06T12:44:10.795Z,2020-12-06T12:44:10.795Z,4,請問有長度限制嘛？謝謝,0,F
a2f03724-154b-43bf-95c7-4145db4c31d0,234926581,2020-12-06T13:29:33.300Z,2020-12-06T13:29:33.300Z,5,B3 只徵一位哦,0,F
6a521083-ecb4-423e-a4aa-9e4fd5082b94,234926581,2020-12-06T16:05:10.404Z,2020-12-06T16:05:10.404Z,6,選我選我好想染！！！,0,F
4ea0e6f5-6245-4e1c-8601-1760de88b238,234926581,2020-12-06T16:05:27.149Z,2020-12-06T16:05:27.149Z,7,雖然沒限制長度 不過朋友希望以長髮為優先（到肩膀或肩膀以下）,0,F
048c8c40-97ce-41bf-879e-aa0f10604b27,234926581,2020-12-06T16:06:21.799Z,2020-12-06T16:06:21.799Z,8,我肩下大概15公分～,0,F
3fe262e2-f10f-465c-ad98-02c32e882609,234926581,2020-12-06T19:19:53.400Z,2020-12-06T19:20:01.193Z,9,"我大概到腰～ 可以修剪 
原生髮只燙過一次",0,F
2e28b442-781b-47fa-aef1-df62284db688,234926581,2020-12-07T04:25:43.306Z,2020-12-07T04:25:43.306Z,10,有收費哦 會依長度計算 估計1000-1500,0,F
60868191-20c7-4a98-9d9b-02d46bbcb6c5,234924231,2020-12-05T11:08:52.662Z,2020-12-05T11:08:52.662Z,1,抱歉 昨天跟女友吵架,0,M
8979032a-9ae3-4dcd-a353-aa37795897e6,234924231,2020-12-05T15:38:46.741Z,2020-12-05T15:38:46.741Z,2,B1 寶貝不要跟別人講啦🤭🤫,0,M
201c9897-6dd3-46d8-a1ce-be9ecdb1274a,234924231,2020-12-06T03:02:23.073Z,2020-12-06T03:02:23.073Z,3,什麼恐怖故事,0,M
6a63896a-c06b-44bd-9e08-1ed9cb970408,234923554,2020-12-05T13:37:11.423Z,2020-12-05T13:37:11.423Z,1,可以去他們的IG問,0,F
3ba2a3b3-d066-434d-8d04-750b54a027b9,234923554,2020-12-06T15:37:55.666Z,2020-12-06T15:39:04.538Z,2,"他們唉居在這邊呦～( • ̀ω•́ )✧
https://instagram.com/ltu_bakery?igshid=ibr4bf1tv19v",0,M
dbefa673-2b93-4f05-974d-701ba3f26126,234921240,2020-12-05T02:28:17.653Z,2020-12-05T02:28:17.653Z,1,為什麼不是從外面踩回來的,0,M
dba2d545-e609-43d3-9414-c37bb2fc2ee6,234921240,2020-12-05T02:56:28.732Z,2020-12-05T02:56:28.732Z,2,B1 那樣大廳電梯應該沿路都會有痕跡，不會只有廁所到淋浴間的路上有，而且我就曾經在刷牙看到有個小胖妹上完廁所一副走路怪怪的，往淋浴間去洗腳，邊刷牙都要吐了，根本不知道他是踩到什麼自己那麼害怕,2,F
f6e2c5b6-661a-44ec-9285-48142abf91ee,234921240,2020-12-05T04:07:43.034Z,2020-12-05T04:07:43.034Z,3,我去過4樓廁所，超級臭...,2,F
bf69b552-723c-4c78-9645-22f86971c958,234921240,2020-12-05T06:25:56.902Z,2020-12-05T06:25:56.902Z,4,"來到四樓才發現，原本住的那樓其實算乾淨了⋯⋯
B2 至少知道要洗（？ 我遇過廁所出來看到腳超濕然後直接走出去回房間，沿路地上都是像水的痕跡⋯尬ㄉ^_^",0,F
60e37bf2-b569-4c01-bd9e-dc1ec0af530d,234921240,2020-12-05T07:07:56.793Z,2020-12-05T07:08:13.673Z,5,好險寶文女宿4樓不會..好愛寶文女宿4樓❤️,5,F
5fe81f1d-799a-4c9c-bc43-1ae036751b77,234921240,2020-12-05T13:03:31.022Z,2020-12-05T13:05:49.180Z,6,"部分女生的衛生素質妳現在才發現嗎？
大一住過一整個學年後大二果斷住外面
女生髒起來真的不輸男生🤫
像是用過的髒衛生棉放在浴室裡架子上啦
或是屎拉在馬桶外面
一堆三八女晚上十點過後還在房裡或房外大聲說說笑笑
最可惡的是～自己樓層洗衣機不用，跑去其他樓層插隊搶洗衣機用
妳他媽不知道洗衣機要等多久嗎？

部分女生啊～真的是個很擊敗的生物😉

-已畢業的學姐路過～",4,F
e3f7d8e5-d398-4166-b568-f66c18a2535c,234921240,2020-12-05T14:15:37.734Z,2020-12-05T14:15:37.734Z,7,四樓真的不是普通的可怕,2,F
84b53928-d8c0-4907-9ada-0352501aa349,234921240,2020-12-05T15:08:54.583Z,2020-12-05T15:09:18.810Z,8,"真的住過就知道有的女生多可怕了
你要睡覺故意一直用塑膠袋製造噪音還有音樂都用喇叭播 真的沒在尊重欸
帶一堆豬朋狗友回來吵得要命
跟他們說要畫作業希望可以不要太激動（指跑來跑去亂撞）結果他媽還是撞到我了 隨便說個抱歉繼續吵^_^ 我尬林拿整張重畫

死命撐到大二果斷租屋",3,F
39315ee0-95fa-4041-9a36-1f8d7b253337,234921240,2020-12-06T05:41:53.128Z,2020-12-06T05:42:29.061Z,9,住四樓的，會繼續住下學期嗎？,0,F
7947ebc7-7f83-46f0-abc0-25f8204a6025,234921240,2020-12-06T05:43:36.332Z,2020-12-06T05:43:36.332Z,10,噁爆,0,F
bc05b58a-e3e1-4eed-90ca-2c582175fc5c,234921240,2020-12-06T11:24:32.385Z,2020-12-06T11:24:32.385Z,11,B9 為了拿回保證金，我會，不過室友已經決定放棄2000保證金跑去外面租房子了,0,F
c1c37fc5-2108-4d30-9b4e-52e2bfd3e5ff,234919380,2020-12-04T21:18:16.643Z,2020-12-04T21:18:16.643Z,1,你好！請問可以養寵物+可看看照片嘛？謝謝！,0,F
4e5a2f20-f2e5-4693-9203-3ff3bd953560,234919380,2020-12-06T12:07:05.861Z,2020-12-06T12:07:05.861Z,2,B1 已更新妳要的內容，可以參考看看~,0,M
dc4dad67-0463-4c95-b486-d7f72cc21996,234919380,2020-12-06T12:43:16.778Z,2020-12-06T12:43:16.778Z,3,B2 好的！非常謝謝你！！,0,F
73752eb0-2729-4efe-a07b-fbff53836bab,234919380,2020-12-07T13:52:12.761Z,2020-12-07T13:52:12.761Z,4,我想看實體,0,F
58bf5272-21b9-421b-9fbf-4f78c3b085c2,234919380,2020-12-07T13:54:02.207Z,2020-12-07T13:54:02.207Z,5,B4 那妳什麼時候方便呢？,0,M
f6ca0358-1c67-4f06-a61c-0db481a97efc,234919380,2020-12-07T13:57:04.212Z,2020-12-07T13:57:04.212Z,6,星期四可以嗎？,0,F
75f25a60-98fa-412b-a98d-4e7fd623a802,234919380,2020-12-07T13:58:40.858Z,2020-12-07T13:58:40.858Z,7,星期四的什麼時候呢？,0,M
08f105a7-b377-41ce-9853-a71dd8910eb5,234919380,2020-12-08T04:43:08.268Z,2020-12-08T04:43:08.268Z,8,如果禮拜三的下午可以嗎？,0,M
5c3e162c-cb3d-400b-8aae-4ee5ea86a2af,234918330,2020-12-04T11:42:51.279Z,2020-12-04T11:42:51.279Z,1,什麼時候開打的呢,0,M
af72d481-eba1-4fd2-b32a-1eb85cd863ec,234918330,2020-12-04T14:37:59.853Z,2020-12-04T14:37:59.853Z,2,12.00有人要嘛,0,M
18560606-e79a-40db-8b0a-ece188da432c,234918330,2020-12-04T16:00:59.480Z,2020-12-04T16:00:59.480Z,3,QQ 我都打早上居多🤣 下次有打早上準時報到,0,M
b7d70a90-cd65-4a10-89d5-3752b0bd50f1,234917808,2020-12-04T12:42:51.468Z,2020-12-04T12:42:51.468Z,1,Indesig “n”,0,F
fa6341ec-4a76-49b3-8964-c13b46ef3b2b,234917808,2020-12-05T05:33:35.908Z,2020-12-05T05:33:35.908Z,2,其實也能用自己的電腦去下載Indesign軟體回家練，不然就要跟同學或朋友借電腦練了,0,F
310bef8d-875a-4c33-b2f6-d433f795735e,234917808,2020-12-05T15:08:34.114Z,2020-12-05T15:08:34.114Z,3,去找快樂學習版的下載就好了,0,M
91a4fc7b-9cce-4e91-9722-741bb504bf7c,234917808,2020-12-07T16:07:45.124Z,2020-12-07T16:07:45.124Z,4,其實很簡單不用練,0,M
3a0a8e3a-de74-4cdb-8242-f178287fec1d,234916374,2020-12-04T01:28:37.728Z,2020-12-04T01:28:37.728Z,1,這件外套很多人穿，可能不好找，但祝你可以找到！,1,F
35044673-04f2-4938-9318-099ffb9fb27d,234916374,2020-12-04T05:39:46.153Z,2020-12-04T05:39:46.153Z,2,B1 感謝嗚嗚,0,F
fcbe0ae0-335d-40f8-b36e-7c5ff79cfd30,234916374,2020-12-08T17:54:26.345Z,2020-12-08T17:54:26.345Z,3,愛亂丟外套ㄋㄟ,1,F
b0693486-4e4e-4167-83ec-f20c3936c46a,234915940,2020-12-03T18:27:50.508Z,2020-12-03T18:27:50.508Z,1,還可以啊,0,M
36471e6e-4f83-4a8e-9af1-8a4b910b2636,234915940,2020-12-04T01:04:03.491Z,2020-12-04T01:04:03.491Z,2,機車停的地方比日校多,0,M
11335593-1aed-4cbc-a29b-01bdac2d8dd3,234915940,2020-12-04T01:46:20.363Z,2020-12-04T01:46:20.363Z,3,夜校很多有錢人,0,M
37021fca-bbdb-46a5-9d86-51dff4adb299,234915940,2020-12-04T02:33:35.054Z,2020-12-04T02:33:35.054Z,4,聽說某棟大樓晚上不能上去5還6樓,0,M
80a78717-ec95-4129-a28c-7e509d79877e,234915940,2020-12-04T03:35:21.980Z,2020-12-04T03:35:21.980Z,5,很多裝屌89,1,M
7a816381-254e-437b-94b2-a888d6b401ea,234915940,2020-12-04T04:04:27.992Z,2020-12-04T04:04:27.992Z,6,B5你嗎,1,M
8946a25c-a5de-4964-bb5a-52614161f259,234915940,2020-12-04T19:54:49.751Z,2020-12-04T19:54:49.751Z,7,"不用討論評價如何啦！
你有心想讀
就會自主學習
在班上，
有心跟沒心會有很明顯的差距在
許多人選擇讀夜校不是因為成績差
而是白天或是大夜要工作沒什麼時間
又必須趁著空檔完成學歷
才會選擇讀進修部",2,M
096f9f9e-b51a-4c77-bbee-27b5156af42c,234915940,2020-12-05T06:32:16.559Z,2020-12-05T06:32:36.264Z,8,"夜校生在這🙋🏻‍♀️
讀下來還可以啊～主要就像 B7 講的～而且上完班接著上課回來其實很好入睡(˶‾᷄ ⁻̫ ‾᷅˵)（？",0,F
5a951f08-6d2e-49d1-bbd2-cf89729f2f42,234915940,2020-12-06T02:36:04.537Z,2020-12-06T02:36:04.537Z,9,"B8 哈哈哈哈😂
我跟大家顛倒啦🙃️
我是做大夜的
所以上課前剛睡飽
上課精神都很好💪",0,M
b3df375d-ff49-4bce-99c9-557faaa4cc9c,234915940,2020-12-06T13:32:27.111Z,2020-12-06T13:32:27.111Z,10,B9 然後沒朋友 因為白天朋友要找你出去玩出去逛 你都在睡覺,0,M
115bc7be-8ee1-48d9-937a-1db98fda5f1c,234915940,2020-12-06T13:48:34.480Z,2020-12-06T13:48:34.480Z,11,"B10 不會唷～
雖然像你說的
出社會後
生活沒辦法像當學生時
想走就走，想去哪就去哪
但價值觀相似的我們
就算不能生活在一起
以及每次見面都會有不一樣話題

真正心意相通的的朋友
在你有需要時
或是你有空能夠幫助他人時
可以不必猶豫的
就主動獻出一份心

看你如何定義你的朋友啦
至少我身邊的朋友們
大家是相互進步的
不會因為自己當下忙碌
而失去了關係
反而見面時間越少
越懂得如何珍惜🤔",0,M
506973fa-9033-4951-96c8-18b9482e5099,234915940,2020-12-07T14:58:44.190Z,2020-12-07T14:58:44.190Z,12,"日轉夜會很智障嗎
我跟我朋友說我要轉夜校他們都說智障",0,M
c166b3b3-8fec-4e1b-aa1d-6263813aa15d,234914944,2020-12-03T15:11:05.135Z,2020-12-03T15:11:05.135Z,1,這裡是嶺東欸 開玩笑,1,M
25159f4d-e548-44b6-80c4-db25998e90a9,234914944,2020-12-03T15:58:11.935Z,2020-12-03T15:58:11.935Z,2,有錢都可以的沒問題,0,M
acb46737-d5a7-43fb-a8b3-6f09d3e632a2,234914944,2020-12-04T11:44:13.424Z,2020-12-04T11:44:13.424Z,3,你找隻猴子幫妳考都能的,0,M
f5fd42d7-09e7-46ac-a638-f8889e1547d5,234914944,2020-12-04T12:50:18.224Z,2020-12-04T12:50:18.224Z,4,轉夜校不用考試== 報名表寫一下就可以了,0,M
c5158578-dc8e-4385-b128-d45870612324,234913920,2020-12-03T13:03:16.987Z,2020-12-03T13:03:16.987Z,1,日文組沒有哦,0,F
7c4bae85-5e79-416b-bc32-360579dce4d4,234913920,2020-12-03T13:38:41.499Z,2020-12-03T13:38:41.499Z,2,有日文課,0,F
c8c8fae6-ef81-4f2e-81ee-0d3d2b06c8cf,234913920,2020-12-03T14:18:39.594Z,2020-12-03T14:18:39.594Z,3,B1 B2 請問只有英文對嗎😣😣,0,F
4f09548e-fc8e-4b2b-a761-d3dee5a723cb,234913920,2020-12-03T14:22:50.804Z,2020-12-03T14:22:50.804Z,4,B3 對哦,0,F
b6a0d219-b5ca-4cfc-ae17-d839968aaf74,234913920,2020-12-03T15:16:40.051Z,2020-12-03T15:16:40.051Z,5,B4 那英文還是可以選取日文課對嗎 謝謝你！,0,F
3fcc7f48-bdb8-40c1-957e-3110b6f2a37d,234913920,2020-12-04T12:44:10.268Z,2020-12-04T12:44:10.268Z,6,B5 夜校我不確定有沒有開欸,0,F
73ec7bf7-6806-48fd-89ce-b079558cf1e2,234913449,2020-12-03T14:03:53.228Z,2020-12-03T14:03:53.228Z,1,同樣的問卷已經發過很多次了耶～～～建議你去FB問卷互助社發文，然後記得打為什麼做這份專題，指導老師、科系、名字都要打，然後不會洩漏個資等等的東西，就像是你在外面發問卷什麼都沒有誰會幫你？,1,F
3d883fdd-7b7a-4c79-bf3b-40e12f548c9b,234909026,2020-12-02T15:09:50.134Z,2020-12-02T15:09:50.134Z,1,幾乎每天都有,1,M
52612247-d5f2-4efd-93d4-595945658679,234909026,2020-12-02T15:11:03.338Z,2020-12-02T15:11:03.338Z,2,不意外，不是飆車出車禍就是，學生下課，過馬路不走斑馬線的。再不然就是火災,2,M
a1144217-f082-43f6-9bdf-294b934e25e1,234909026,2020-12-02T15:11:21.315Z,2020-12-02T15:11:21.315Z,3,這次好多台車的感覺哦,0,F
61a2da53-a73f-4d9e-babb-647f4febeba2,234909026,2020-12-02T15:13:59.168Z,2020-12-02T15:13:59.168Z,4,"應該是忠勇路那
https://i.imgur.com/uHwL2F2.jpg",0,F
4266b593-c34d-42e3-b770-89a9667e8c8c,234909026,2020-12-02T15:15:01.540Z,2020-12-02T15:15:23.905Z,5,B4 妳那什麼App啊,0,M
21bad018-4f2f-453b-ae7f-7d0682212958,234909026,2020-12-02T15:18:26.057Z,2020-12-02T15:18:26.057Z,6,"B5 
不是app 是上網找ㄉ
https://www.fire.taichung.gov.tw/caselist/index.asp?Parser=99,8,226",0,F
5e0f90d0-fe40-498d-8c2d-c63fa082eac6,234909026,2020-12-02T15:19:12.625Z,2020-12-02T15:19:12.625Z,7,B5 那是網站,0,M
06b5ca78-6df1-4367-bfb1-a5c8de0a6aab,234909026,2020-12-02T15:39:02.063Z,2020-12-02T15:39:02.063Z,8,ㄛㄛ～,0,M
89419e0b-bf1a-449b-a99c-e023b40c7bda,234909026,2020-12-02T16:12:11.885Z,2020-12-02T16:12:11.885Z,9,https://i.imgur.com/OUAsUPn.jpg,0,M
79200d5d-91d9-4e80-9b4c-09ed2b1dccab,234909026,2020-12-02T16:20:44.002Z,2020-12-02T16:20:44.002Z,10,夜間車聚,0,M
34aedea7-b8c7-4646-9597-054eaea33543,234909026,2020-12-02T18:12:25.220Z,2020-12-02T18:12:25.220Z,11,B9 11:30經過只有兩台消防車 怎麼越來越多....,0,M
e349c409-b43f-4760-b833-71ab18f92ab6,234907794,2020-12-02T14:02:29.551Z,2020-12-02T14:02:29.551Z,1,"我記得這條路蠻寬的阿
而且那個時間應該也沒什麼車
視野那麼好還能撞上迴轉車喔
應該超速40公里以上了吧
新聞標題雖然是遭車撞
但那個監視器我怎麼看都是車子被撞",2,M
e2fa9f9c-0b32-4856-81bc-449e40660710,234907794,2020-12-02T14:37:41.713Z,2020-12-02T14:37:41.713Z,2,B1 路一定比你腦子寬,34,M
7d8c6e37-a83f-479a-b55d-5a77d1c4e551,234907794,2020-12-02T14:41:30.546Z,2020-12-02T14:43:12.793Z,3,"B1 🙄雙黃線可以迴轉？
你確定他不是沒看說有看在脫罪嗎？
這種話你講的出來？
我記得、應該？是怎樣你是當事者嗎？
今天沒撞到你，可以說風涼話？",48,F
6eeb2431-7acf-46c4-9af2-52188c3901d1,234907794,2020-12-02T16:14:11.176Z,2020-12-02T16:14:11.176Z,4,B1 可悲華國呱呱🐸,6,M
61caa2e7-f61e-433a-8aba-d0841120cdda,234907794,2020-12-02T18:29:21.482Z,2020-12-02T18:29:21.482Z,5,"B1 那個時間 （應該）沒什麼車？？ 
這邏輯死了吧",4,F
f81d5e65-9e16-46f6-bde3-77552696bc3c,234907794,2020-12-02T21:15:31.130Z,2020-12-02T21:15:31.130Z,6,三寶奧迪,3,M
e876a6bb-8e1c-4fb7-92d0-4addc90a4d9b,234907794,2020-12-03T01:00:41.862Z,2020-12-03T01:00:41.862Z,7,說個笑話 雙黃線迴轉怪車速快B1,3,F
97eb2a1f-1d3f-4a04-8355-56ca370a0762,234907794,2020-12-03T01:08:12.457Z,2020-12-03T01:08:12.457Z,8,"那個地方看得出是雙黃線嗎
因為我昨天看新聞的照片是已經被磨到看不出來了
但也可能是拍照角度的問題

-畢業多年的女子 好久沒到學校那邊了",2,F
841bb1c8-ad31-4016-b810-e4f3bc734375,234907794,2020-12-03T01:10:52.198Z,2020-12-03T01:10:52.198Z,9,"上次半夜遇到對向車直接轉彎要進我這車道的加油站
我直接急煞 媽的 一堆死三寶",2,F
901365a0-0450-4614-867e-6a356808efc6,234907794,2020-12-03T01:11:04.106Z,2020-12-03T01:11:04.106Z,10,B1 視野那麼好？你就試試看外車道突然迴轉看你能不能反應過來不被撞,2,F
a6cd868a-e67d-4211-bb1a-3244c76d51da,234907794,2020-12-03T01:25:43.118Z,2020-12-03T01:25:43.118Z,11,B8 那裡的雙黃線是真的很淡，但真的要看出來有雙黃線真的不困難⋯,1,F
8da98b94-7017-43eb-8d39-58796b5f4849,234907794,2020-12-03T01:33:11.655Z,2020-12-03T01:33:11.655Z,12,三寶不要出來害人好嗎,1,M
c1354ec9-cca2-4fca-822c-9d26f66a7a1e,234907794,2020-12-03T01:33:50.512Z,2020-12-03T01:33:50.512Z,13,該不會你開車吧 B1,3,M
33d81a84-1fa5-46b3-a247-bfdc89647f61,234907794,2020-12-03T03:12:40.761Z,2020-12-03T03:12:40.761Z,14,B1 講什麼鬼話,1,M
39f127bf-a2f9-4602-84b7-b0c167f5f700,234907794,2020-12-03T03:29:58.354Z,2020-12-03T03:29:58.354Z,15,你駕照確定有考過欸 不是雞腿換的？B1,1,M
057253e5-23e5-4dfc-b50f-ce25d4f89d2c,234907794,2020-12-03T03:41:11.720Z,2020-12-03T03:41:21.203Z,16,昨天才看二校門口前面那條路 就有兩起車禍,0,F
7f99ee7e-ef92-442e-b9fb-448e217229ce,234907794,2020-12-03T04:56:54.305Z,2020-12-03T04:56:54.305Z,17,"雙黃線迴轉：） 幹嘛 別人的命不是命嗎
真的是不用開車了欸 車也不用修了啦 報廢算了：）",1,F
1a97a7c6-c449-4243-a416-d21c0812fdcb,234907794,2020-12-03T05:21:16.940Z,2020-12-03T05:21:16.940Z,18,"居然是LTU⋯
RIP⋯⋯台中部分的駕駛方式真的有問題",0,M
aac51544-0573-4b04-a3c6-c04fc788e6c8,234907794,2020-12-03T07:14:50.518Z,2020-12-03T07:14:50.518Z,19,"那條路的雙黃線的確被摩到不明顯
但白天至少還看得出來線=_=",2,F
a759435b-6b4d-49f0-9539-198f2c5b6ea6,234907794,2020-12-03T13:54:06.429Z,2020-12-03T13:54:06.429Z,20,違規還屁話一堆,2,M
3e3c5f03-8619-4015-affd-bcd43d6a0204,234907794,2020-12-04T08:09:39.402Z,2020-12-04T08:09:39.402Z,21,"就算今天真的真的看不到雙黃線了，你外車道要回轉直接切跨車道？
而且通常如果沒有雙黃線，也都會有網格線
代表那邊是路口什麼之類的，直接過車道迴轉怎麼看都有問題吧？",0,M
114f4163-e67a-4220-bf8f-c178a89a2e49,234907455,2020-12-02T10:48:16.855Z,2020-12-02T10:48:16.855Z,1,應外系夜間部一年級的,1,M
73d46d76-a0c6-4e4d-b2da-7a86da789cd4,234907455,2020-12-02T10:51:53.035Z,2020-12-02T10:51:53.035Z,2,大家要時刻小心啊⋯寧願開慢點QQ,0,M
8a90680f-f5b9-483d-87e7-452c7a08b14b,234907455,2020-12-02T10:54:47.357Z,2020-12-02T10:54:47.357Z,3,RIP,0,F
42a58fae-1754-40f4-bb63-8f7d2511304e,234907455,2020-12-02T11:06:35.679Z,2020-12-02T11:06:35.679Z,4,汽車太危險了 開那麼快又愛亂迴轉亂切車道 希望汽車禁止上路🙏🙏,6,F
2353fdc5-d8e9-4fd7-b918-2fc44bf71849,234907455,2020-12-02T11:15:14.966Z,2020-12-02T11:15:14.966Z,5,R.I.P🙏🏻,2,F
5a096962-b130-4a36-b522-e9cd33a6bc53,234907455,2020-12-02T12:55:58.193Z,2020-12-02T12:55:58.193Z,6,我都騎永春路，雖然路很爛,0,M
55e822f9-b02e-4e30-b6f1-84d3a7488ec4,234907455,2020-12-02T13:07:51.765Z,2020-12-02T13:07:51.765Z,7,根本不是路口迴轉，他是雙黃線迴轉,4,M
9e5defe5-05c4-44cd-bbf2-7735a93b571d,234907455,2020-12-02T16:18:43.964Z,2020-12-02T16:22:23.119Z,8,,,
cbc7395d-a67f-4726-9e47-0f306119c753,234907455,2020-12-02T16:22:37.694Z,2020-12-02T16:22:37.694Z,9,B4 說汽車禁止上路，但騎車也一堆一直鑽的沒好到哪去吧？根本是自己駕駛的問題,1,F
42171caa-7b11-43dc-8efb-7cdd9f5786ab,234907455,2020-12-02T18:10:16.957Z,2020-12-02T18:10:16.957Z,10,算了 我沒在騎車的 最安全,0,M
76cee2ab-7273-4a28-9fde-e683b758b1bd,234907455,2020-12-02T18:51:04.197Z,2020-12-02T18:51:43.496Z,11,"B9 反串看不出來嗎🈹️😢😢
我在諷刺那些整天重機出事就說重機怎樣怎樣的四輪大爺",2,F
e98e5589-81e1-4b3f-bb35-0877ecada913,234907455,2020-12-05T17:27:44.557Z,2020-12-05T17:27:44.557Z,12,B11 反串不是這樣用的 妳用反了 去考中檢 不管四輪二輪都還是注意安全吧,1,M
83638c44-99c8-433c-9632-404c81bc8246,234906547,2020-12-02T10:08:09.652Z,2020-12-02T10:08:09.652Z,1,"我的！！！！
太感謝了哇⋯",0,F
b22eb506-f046-4834-a800-40a88c1ec942,234906547,2020-12-02T10:08:24.398Z,2020-12-02T10:11:48.742Z,2,,,
b76675be-4745-4363-b041-d6ad71eba48b,234906547,2020-12-02T10:08:50.830Z,2020-12-02T10:11:53.015Z,3,,,
a7387695-2db4-4758-b2eb-a55344e9b687,234906547,2020-12-02T10:09:04.652Z,2020-12-02T10:12:05.596Z,4,,,
50617200-0860-415c-a80f-1d47c8a29c3e,234906547,2020-12-02T10:10:22.879Z,2020-12-02T10:12:29.135Z,5,"我找了半天終於😭😭
想請問怎麼跟你認領⋯
明天方便嗎🥺",0,F
ce2b93a9-9d33-4108-829d-3d534753e2a7,234906547,2020-12-02T10:23:12.367Z,2020-12-02T10:23:12.367Z,6,我明天都在二校B5,1,M
8ad72e72-b5b2-4b78-98c6-10cd2b50b79a,234906547,2020-12-02T10:38:03.006Z,2020-12-02T10:38:03.006Z,7,"B6 好那請問中午方便嗎！
這裡跟您約12.30？",0,F
66edb853-3d89-4fe3-9bd4-3e5200058eed,234906547,2020-12-02T12:36:52.936Z,2020-12-02T12:36:52.936Z,8,二校哪裡B7,0,M
8d7b7975-68e0-45f0-adfa-c72c538b4f41,234906547,2020-12-02T13:47:49.093Z,2020-12-02T13:47:49.093Z,9,B8 大禾請問方便嗎(⁎⁍̴̛ᴗ⁍̴̛⁎),0,F
9c4ef9cf-e638-4ba7-85e8-1fcd47d292b0,234906547,2020-12-02T13:48:39.078Z,2020-12-02T13:48:39.078Z,10,好喔B9,1,M
950cdc5d-855d-4761-868d-4ab9987f4404,234906547,2020-12-03T04:30:14.069Z,2020-12-03T04:30:14.069Z,11,"抱歉QQ
我鑰匙跟外套一起不見了
我先去找一下",0,F
42902151-7e9f-4102-9f93-bf7c50838c2c,234906547,2020-12-03T04:46:35.827Z,2020-12-03T04:46:35.827Z,12,您好,0,F
8acccd6a-2768-49ca-8f5a-56d5bf6f993d,234906547,2020-12-03T04:46:40.058Z,2020-12-03T04:46:40.058Z,13,我到了,0,F
7d6a4262-5123-4212-9e28-c648bd7bb2f7,234906547,2020-12-03T04:48:09.099Z,2020-12-03T04:48:09.099Z,14,B10 rrr你在哪裏哇,0,F
30298c81-8d77-40aa-a602-51879ba9d0b0,234906547,2020-12-03T04:57:41.553Z,2020-12-03T04:57:41.553Z,15,啊這⋯,0,F
b3d3bd72-83af-47a8-8e28-4b3ba262eca2,234906547,2020-12-03T04:58:17.319Z,2020-12-03T04:58:17.319Z,16,救命我今天要用到裡面的東西😂,0,F
a856a5f2-4260-4691-a840-25d0c30fe88b,234906547,2020-12-03T05:04:18.979Z,2020-12-03T05:04:18.979Z,17,同學哇 我要上課😭,0,F
580c10f4-c6b6-4f59-b01c-6a5123350462,234906547,2020-12-03T05:06:32.155Z,2020-12-03T05:06:32.155Z,18,同學我手機剩6%😭😭,0,F
711fa200-5f0b-4fbd-b18e-52066dae8491,234906547,2020-12-03T05:07:05.124Z,2020-12-03T05:16:18.966Z,19,還是你直接拿去一校的失物招領哇,0,F
e58a8b40-2758-4cb6-96cf-5a1886e0ed40,234906547,2020-12-03T05:32:09.135Z,2020-12-03T05:32:09.135Z,20,抱歉 早上家裡突然有急事 我沒去上課 QAQ抱歉 還是我晚點拿去失物招領B19,0,M
553b2632-826b-40b6-bf5d-2fafcdd37d10,234906547,2020-12-03T06:14:43.680Z,2020-12-03T06:14:43.680Z,21,啊這 麻煩你了,0,F
7219fc08-66c2-4577-9a7f-66115af572bd,234906547,2020-12-03T07:33:00.896Z,2020-12-03T07:33:00.896Z,22,我已經拿去登記了 B19,1,M
fcccda03-99ab-4520-8a07-360193ab86c8,234906029,2020-12-04T23:39:22.411Z,2020-12-04T23:39:22.411Z,1,可惜畢業了,0,F
08d89dca-2c87-4776-b377-45846b675f19,234905107,2020-12-02T03:27:22.603Z,2020-12-02T03:27:22.603Z,1,啊就怕被罵啊，就不會牽車啊，就忘記帶腦出門啊，喔。我忘了，他沒有😜😜😜,0,M
03737ca8-c0d4-481d-b6fb-76fd3e31e700,234905107,2020-12-02T03:32:31.042Z,2020-12-02T03:32:31.042Z,2,"B1 
就是沒有
所以才有這種人做這些🙄️事",0,M
8d146a49-0235-424a-8694-afe7430e405c,234905107,2020-12-02T04:02:28.555Z,2020-12-02T04:02:36.319Z,3,B2 不氣不氣，反正也只是代步的工具，別弄成什麼破殼還是折斷那種都還好。來到嶺東我已經換了兩次車殼嘍，不意外拉。那幾個調監視器要賠償的同學都嘛說沒差，結果送他們傳票拉😜😜😜,0,M
564bdbac-3f7f-4b7d-b7a8-39552f8fdd23,234905107,2020-12-02T04:04:33.557Z,2020-12-02T04:04:33.557Z,4,"B3 
傳票送得好👍
反正他們也不在乎😂",0,M
38682557-b0f0-490d-b594-a3591b106a3f,234905107,2020-12-02T04:50:57.594Z,2020-12-02T04:50:57.594Z,5,B4 去年的事了😜😜😜，結果判賠一人8000。賺16000，爽啦,0,M
6c90dd47-6e50-4fb9-a5e6-10cf3b3b3da9,234905107,2020-12-02T05:35:11.458Z,2020-12-02T05:35:11.458Z,6,"B5 
但是車殼維修💰⋯⋯😂",0,M
83e393bd-ec8a-4148-bc85-2f54647f35e0,234905107,2020-12-02T05:43:29.169Z,2020-12-02T05:43:29.169Z,7,B6 車殼維修也才5000而已😜😜😜,0,M
b02015f2-6261-427d-9313-dfbf05af0cc7,234905107,2020-12-02T05:58:24.594Z,2020-12-02T05:58:24.594Z,8,"B7 
還是賺🤣",0,M
197d56c1-54e7-453a-b73c-e30f6a87f8aa,234902992,2020-12-01T15:53:20.773Z,2020-12-01T15:53:20.773Z,1,好像是餒 要把證照印出來然後去申請,0,M
fe1ec8d5-0455-45af-8983-6d1da8988d68,234902992,2020-12-01T16:46:01.860Z,2020-12-01T16:46:01.860Z,2,3樓通識教育中心填申請書 +列印證書,1,F
04984e54-e075-4e80-9989-2fd3555ba266,234902992,2020-12-04T03:54:32.964Z,2020-12-04T03:54:32.964Z,3,疑，可是他不是換門檻了嗎？換mos ppt了,0,F
76bd089c-8afb-4343-bbe1-371cef6ed48e,234902922,2020-12-01T15:00:43.242Z,2020-12-01T15:00:43.242Z,1,仁仁中醫,0,F
b232cbf9-354e-4c2d-a3d3-ac90e4aa208c,234902922,2020-12-01T15:01:52.946Z,2020-12-01T15:01:52.946Z,2,"直接估狗打電話就好~
請攜帶簡易履歷
稍微介紹一下你的科系年級之類的
讓醫師醫師娘稍微認識你~",0,F
146dca59-e196-463f-8732-59402f163f6d,234902922,2020-12-01T15:32:16.347Z,2020-12-01T15:32:16.347Z,3,請問有比較希望幾年級的嗎～,1,F
091fb640-a295-4562-af0f-17fbc1c35b61,234902922,2020-12-01T16:03:59.616Z,2020-12-01T16:13:09.347Z,4,"B3 你好~
因為四年級同學可能很快就畢業了所以比較偏向123年級
如果有實習時間卡到的問題也可以提出詢問醫師及醫師娘喔~
或是已經實習完的同學都可以投履歷喔!",1,F
8f65bac9-17b9-4614-9210-137ab6732d99,234902922,2020-12-01T16:40:08.320Z,2020-12-01T16:40:08.320Z,5,推推超溫柔有耐心醫師 曾經受傷時定期去這間針灸覺得很有用,1,F
2fdcf203-9ccb-4c4f-97ad-737ed2b3b643,234902922,2020-12-01T16:49:48.644Z,2020-12-01T16:49:48.644Z,6,想請問針傷科協助是什麼,1,F
bc92d274-c2a5-421a-b67d-48898b1d1fa9,234902922,2020-12-01T16:53:37.524Z,2020-12-01T16:53:37.524Z,7,"B6 簡單的包紮 抹藥布 協助醫師電療之類的！
之後也會有櫃檯的部分 詳情可以直接聯絡診所詢問喔❤️",0,F
258de182-d5ba-41c2-80c7-8a68fbf3db5d,234902922,2020-12-02T01:49:49.163Z,2020-12-02T01:49:49.163Z,8,"推 這間中醫診所
醫生人超好 很細心❤️",4,F
3250a347-fd23-4911-817d-6ddb8005786c,234902922,2020-12-02T04:03:22.353Z,2020-12-02T04:03:22.353Z,9,推這間中醫很棒👍🏼,3,M
8c8e711d-c6a5-40f7-aa02-70a70e1668f4,234902922,2020-12-02T05:09:45.311Z,2020-12-02T05:09:45.311Z,10,男生也可以應徵嗎,1,M
74cf8ce1-112d-4fd7-9b4e-89314f1b2fad,234902922,2020-12-02T06:08:17.659Z,2020-12-02T06:08:17.659Z,11,B10 可以打電話詢問喔！,1,F
5d292feb-cd6c-4b9c-b83d-4a4d352766d8,234902922,2020-12-02T12:13:43.380Z,2020-12-02T12:13:43.380Z,12,你是被🪳嚇到的那個搜集微醺的女生嗎😆,0,F
3e258bc9-ba0e-4058-802b-651da8bbd847,234902922,2020-12-02T13:50:34.942Z,2020-12-02T13:50:46.332Z,13,請問不是本科生可以應徵嗎,0,F
75ca1f6c-589d-419c-b27f-262141f34374,234902922,2020-12-02T14:05:13.876Z,2020-12-02T14:05:13.876Z,14,等等我484認識你 B12,0,F
0715532b-84d5-49d6-bde0-b5bcda7cffdd,234902922,2020-12-02T14:05:48.244Z,2020-12-02T14:05:48.244Z,15,可以喔！B13,0,F
a8fd9bf8-d63b-441e-a973-ff6a255dd419,234902922,2020-12-10T15:20:09.665Z,2020-12-10T15:20:09.665Z,16,請問有找到人了嗎？,0,F
cccc0181-f264-44b5-bc5e-6c3db211aafd,234902922,2020-12-11T01:51:33.722Z,2020-12-11T01:51:33.722Z,17,上次去說找到人了B16,0,F
4245fa1f-20ed-4241-bdb4-dd572ecb1958,234902074,2020-12-01T13:04:03.656Z,2020-12-01T13:04:03.656Z,1,與其在這裡講屁話 還不如實際作為,1,M
f3a19308-bea3-4f1a-9434-5d73ab4da918,234902074,2020-12-01T13:05:42.044Z,2020-12-01T13:06:21.767Z,2,"B1 我也想啊 但我個性就
比較內向 不敢直接的去交朋友
應該說也很慢熟 久了之後就覺得是肖ㄟ",0,M
8f80ccc5-ebd0-465d-b2bd-647af6972d78,234902074,2020-12-01T14:17:33.734Z,2020-12-01T14:17:33.734Z,3,有app可以找人聊阿,0,F
f8cd1f54-6975-457a-b60c-315c035c9f5e,234902074,2020-12-01T14:18:17.971Z,2020-12-01T14:18:17.971Z,4,B3 有點擔心害怕哈哈哈,0,M
0dfbea47-e1e8-442a-9ca9-fa7656f242ec,234902074,2020-12-01T14:38:38.931Z,2020-12-01T14:38:38.931Z,5,笑死   那我這邊公開找女生一起過聖誕節,0,M
9f6c4623-da9d-47e8-bdb9-1be42d957627,234902074,2020-12-01T14:55:24.694Z,2020-12-01T14:55:24.694Z,6,我可以陪你,0,M
77d67f01-7f78-4531-a214-5a8856de6c75,234902074,2020-12-01T14:56:10.629Z,2020-12-01T14:56:10.629Z,7,B6 真的嗎🥺,0,M
5bffc8ad-9720-46f8-9d23-5d32c9bae622,234902074,2020-12-01T15:58:51.778Z,2020-12-01T15:58:51.778Z,8,B7可以阿~~沒問題,0,M
cd5904f1-71a7-4387-8605-c8c8a46e37dc,234902074,2020-12-01T15:59:57.654Z,2020-12-01T15:59:57.654Z,9,B8 那我們要不要交換一下哀居之類的,0,M
47cbdb1f-65b4-4a2b-9a4b-0205031df5c8,234902074,2020-12-01T16:35:37.824Z,2020-12-01T16:35:37.824Z,10,我也想😭,0,M
5fc9981f-5946-4ad7-a843-83c276a89de0,234902074,2020-12-01T18:40:22.172Z,2020-12-01T18:40:22.172Z,11,噁,0,M
a1f96f24-b938-4638-94ba-2cbea2364a93,234902074,2020-12-02T01:42:12.441Z,2020-12-02T01:42:12.441Z,12,==,0,M
7f894566-1089-4eed-9723-76924e84fa16,234902074,2020-12-02T01:54:47.743Z,2020-12-02T01:54:47.743Z,13,B11 尊重好嗎,3,M
cd9a392f-59e5-4a5b-a114-d627fbbec4a4,234902074,2020-12-02T04:06:15.111Z,2020-12-02T04:06:15.111Z,14,B9交換賴好了~~丟你的條碼用PTT縮網址,0,M
b0a98292-36db-434f-b54c-7a67e9173b26,234902074,2020-12-02T08:44:04.909Z,2020-12-02T08:44:04.909Z,15,來啊,0,M
aa6e8afa-dcd9-4cf2-9be1-f1622dfe6d23,234902074,2020-12-02T14:13:20.259Z,2020-12-02T14:13:20.259Z,16,B14 我不會,0,M
89189885-5e18-4b17-8bbb-2685408ddec9,234902074,2020-12-02T14:13:49.599Z,2020-12-02T14:13:49.599Z,17,B11 說出這種話的人最可悲,0,M
2dab9480-2ed7-4197-bee4-c0f566d70eb5,234902074,2020-12-02T14:14:05.819Z,2020-12-02T14:14:05.819Z,18,B13 感謝愛你😂,0,M
939b9f23-c8e2-4823-ad75-c8db61c39552,234902074,2020-12-02T14:14:19.026Z,2020-12-02T14:14:19.026Z,19,B15 嗷,0,M
fda85a3d-d5a8-485e-a4e1-e18490051da8,234902074,2020-12-02T14:14:54.000Z,2020-12-02T14:14:54.000Z,20,夜校生還是日校B19,0,M
2ba90ef0-4392-493b-a915-078f97c16be4,234902074,2020-12-02T14:15:18.607Z,2020-12-02T14:15:18.607Z,21,B20 日,0,M
e45651cc-d0a4-4043-bced-228ccd42b678,234902074,2020-12-02T14:32:38.045Z,2020-12-02T14:32:38.045Z,22,我是夜校的哈哈,0,M
2b409386-78ea-4e61-8686-a5c8264f608f,234902074,2020-12-02T14:33:40.300Z,2020-12-03T15:55:59.672Z,23,,,
8cb94d49-5cf7-4260-b469-6e3dda72e43f,234902074,2020-12-02T14:34:49.323Z,2020-12-02T14:34:49.323Z,24,B23 好,0,M
99533771-e16a-4524-b6d7-c59af9a0e34c,234902074,2020-12-02T18:08:57.510Z,2020-12-02T18:08:57.510Z,25,那原PO的IG呢,0,M
d3686e64-6d71-4d18-a255-13d5f7dcaba7,234902074,2020-12-03T01:17:02.055Z,2020-12-03T01:17:02.055Z,26,B25 我追了啊,0,M
80b95bbc-1121-4c6b-9055-29ec683c60b0,234902074,2020-12-03T15:53:49.182Z,2020-12-03T15:53:49.182Z,27,B26我是問原PO的IG是??不然我要怎麼追,0,M
3727caea-3d57-4a85-8029-0e36dfb02119,234902074,2020-12-03T16:10:05.809Z,2020-12-04T01:45:59.029Z,28,,,
6ffab849-d2d3-49c3-bf50-45fdd46efe02,234900835,2020-12-01T12:49:55.780Z,2020-12-01T12:49:55.780Z,1,"差不多再一個月就放寒假了
這學期就貸的校外住宿費也還沒下來..",0,F
54f38e19-3c01-4c43-8c35-2c17f57090ba,234900835,2020-12-01T14:10:26.887Z,2020-12-01T14:10:55.673Z,2,"好像是這週退費，應該10日前可以收到吧
我說的是日間部...",0,F
818bce8a-ab4d-40eb-9cb8-78ffe36e0683,234900835,2020-12-01T15:14:01.786Z,2020-12-01T15:14:01.786Z,3,B2 是真的嗎 已經等很久了😢,0,M
cef0bec8-7c82-418a-91b1-aad98cf824da,234900835,2020-12-01T15:16:31.860Z,2020-12-01T15:16:44.808Z,4,"B3 
可以明天再打電話去課指組問，我星期一是得到這個答案

之前問台銀，也說還沒撥款給學校🥱

填問卷是為了下學期對保方便啦，不然放假還要跑一趟回學校",0,F
50f3e1b3-7d8f-4f0c-a0bb-007157be28cd,234900835,2020-12-01T15:37:51.362Z,2020-12-01T15:37:51.362Z,5,"https://i.imgur.com/ggPO8Tk.jpg
學校是說預計10號前，不知道會不要又拖，每次都一直拖都快吃土了.......",0,F
02a2e184-ecf4-4a5e-ad96-e3cc036ba247,234900835,2020-12-01T15:40:42.115Z,2020-12-01T15:40:42.115Z,6,B5 學校逢5才出帳，再來就看銀行的入帳時間，基本上說就是這時間，除非上傳的帳號寫錯了🧐 希望順利,0,F
8e6ce184-bae1-4d2f-8db9-95a637d2c94e,234900835,2020-12-02T16:13:52.364Z,2020-12-02T16:13:52.364Z,7,"https://i.imgur.com/FcSquLn.jpg
夜間部應該是12/9吧",0,F
c69bb665-26ed-4e81-9af2-232f08b46a42,234900835,2020-12-04T13:38:59.251Z,2020-12-04T13:38:59.251Z,8,12/9可能有一半的人在找土吃了吧,0,M
abe96bc9-4fce-46bd-87ec-23f8c623781d,234900835,2020-12-07T23:13:36.927Z,2020-12-07T23:13:36.927Z,9,早上想說登看看網銀發現已經撥款下來了,0,F
af10c1c0-0cf0-4a4d-8d4d-ce41d26156e2,234900835,2020-12-08T00:50:39.803Z,2020-12-08T00:50:39.803Z,10,終於肯發了,0,M
b765b807-5149-4f5a-8b35-5ed0fbe1fcc8,234900835,2020-12-08T05:46:17.563Z,2020-12-08T05:46:17.563Z,11,我也收到校外住宿費了,0,F
e630374e-b534-4f17-bcd4-751b9211f055,234896742,2020-11-30T15:18:22.948Z,2020-11-30T15:18:22.948Z,1,沒事拉，腦子忘記帶出門拉，喔我忘了。他沒有😜😜,4,M
d8d089c7-06c0-416d-97c8-d11cd3240242,234896742,2020-11-30T15:30:38.688Z,2020-11-30T15:30:38.688Z,2,https://i.imgur.com/BErLYNA.jpg,0,M
ace29927-ddec-4d1a-bd7d-108f2dcb657f,234896742,2020-12-01T12:09:42.708Z,2020-12-01T12:09:42.708Z,3,指甲好美,0,M
55ca6658-cfbb-41fd-9e7b-e498db37aa80,234896742,2020-12-01T23:54:24.633Z,2020-12-01T23:54:24.633Z,4,又是愛管事的婊子,0,M
5d798a5a-386c-4eb3-9800-c445bb72e56c,234896742,2020-12-02T15:12:12.853Z,2020-12-02T15:12:12.853Z,5,樓上嘴巴可以乾淨一點哦,0,F
dd0d9783-48ee-42dd-a78d-f910224a1fac,234896742,2020-12-02T16:15:43.050Z,2020-12-02T16:15:43.050Z,6,是他讓裡面的車都出不去：）包括我的車：）他存在感太大了不管真的都難😅而且我還幫他移車停到旁邊 好讓其他車好出入以及他的車不會被碰撞😊不客氣B4,0,F
7d5bd13f-317a-4d72-a592-a69a80df22d7,234896742,2020-12-02T16:17:01.817Z,2020-12-02T16:42:04.460Z,7,,,
72a3c4ce-d92f-47df-bdf6-881e97c1ee26,234896742,2020-12-02T16:18:10.535Z,2020-12-02T16:18:18.237Z,8,,,
16c0b0c7-87b1-4d3c-bd0b-ad980a5f98c5,234896742,2020-12-02T16:19:03.509Z,2020-12-02T16:19:03.509Z,9,B5 他不是當事人我不會跟他計較的🥰,0,F
aebb65cc-1d46-4f95-9a21-20288c78c816,234894725,2020-11-30T10:01:49.243Z,2020-11-30T10:01:49.243Z,1,所以是哪裡,2,F
30ba98ff-fd20-444e-b6e1-62b2f4137558,234894725,2020-11-30T10:22:32.066Z,2020-11-30T10:22:32.066Z,2,所以是哪裡,0,M
6fa88e35-53e1-44d7-8233-7634b07b9578,234894725,2020-11-30T10:25:46.051Z,2020-11-30T10:25:46.051Z,3,到底在哪,0,M
07872da8-2de2-4ea5-83f8-9210e5216661,234894725,2020-11-30T17:31:45.166Z,2020-11-30T17:31:45.166Z,4,哪裡,0,M
1df3dbf2-6d09-4694-8c37-56b1a6f1d29d,234894725,2020-11-30T17:55:56.755Z,2020-11-30T17:55:56.755Z,5,哪,0,F
bf57dc65-082c-4fdc-abc3-a4b3440af6ae,234894725,2020-11-30T22:24:56.244Z,2020-11-30T22:24:56.244Z,6,講的好像我知道在哪,2,M
db30e4f2-2d78-4ebc-91db-9348330d4e82,234894725,2020-12-01T03:06:18.132Z,2020-12-01T03:06:18.132Z,7,到底在哪啦,0,M
7150470b-4c08-4844-ae08-56b002000a5a,234894725,2020-12-01T03:19:45.785Z,2020-12-01T03:19:45.785Z,8,哪,0,F
ec20c463-c493-4bc0-998f-3a19b062c8a0,234894725,2020-12-01T07:21:08.603Z,2020-12-01T07:21:08.603Z,9,哪裡,0,M
514ace3a-c523-488d-a69e-ab52312e227d,234894725,2020-12-01T08:25:27.202Z,2020-12-01T08:25:27.202Z,10,哪裡啦幹,0,F
35fde9d8-03cd-43f9-ab14-75d1e3afe534,234894725,2020-12-01T08:25:55.899Z,2020-12-01T08:25:55.899Z,11,到底要不要講,0,F
3071fee9-6215-4be6-a58c-7c0574c79b96,234894725,2020-12-01T14:28:58.686Z,2020-12-01T14:28:58.686Z,12,所以在哪,0,F
e3d76aa1-1dc8-44dc-9ecc-cc8ee04c5506,234894725,2020-12-01T14:55:57.434Z,2020-12-01T14:55:57.434Z,13,重點在哪,0,M
a74493f5-121d-4c47-9b5e-84991903f821,234894725,2020-12-01T17:36:53.999Z,2020-12-01T17:36:53.999Z,14,https://i.imgur.com/g3mAvvA.jpg,6,M
c7c90df8-8752-4e2d-aac9-ee86765b2966,234894725,2020-12-03T01:19:48.079Z,2020-12-03T01:19:48.079Z,15,美廣外面那條吧,1,F
57e4c3c0-2bf7-4f26-978f-47698404ec88,234889316,2020-12-01T04:52:30.720Z,2020-12-01T04:52:30.720Z,1,二校對面那一排可以去問問,0,F
3c54b6f3-a489-46fe-af29-1ad38096c757,234889316,2020-12-03T06:21:22.922Z,2020-12-03T06:21:22.922Z,2,我這間需要轉租 就在二校對面那排134號,0,F
a9f01c30-ef8d-4691-90cd-cb89cd3d6968,234889316,2020-12-03T14:07:41.744Z,2020-12-03T14:07:41.744Z,3,"B2 請問房間多大 水電怎麼算 租金多少
謝謝",0,F
8b2f862a-581e-4a37-87bf-abf07a807176,234889316,2020-12-03T14:11:02.314Z,2020-12-03T14:11:02.314Z,4,B3 房租5000$ 電一度5$ 水跟網路費是一學期1500$唷 房間大概5～6坪左右吧,0,F
f211f5e4-f75b-4c9b-84d9-e55983444e28,234889316,2020-12-03T14:43:43.732Z,2020-12-03T14:43:43.732Z,5,B4 請問有照片嗎～,0,F
a3ab92e2-5c6e-4ebe-8e17-65111ae2a984,234889316,2020-12-03T14:54:07.988Z,2020-12-07T04:56:56.911Z,6,,,
ea382601-48e3-4cfc-91d6-79d8cb6c2eac,234884930,2020-11-29T17:00:36.503Z,2020-11-29T17:00:36.503Z,1,填,1,F
6e5eae7c-7678-4177-baf7-14906c277683,234884930,2020-12-01T08:04:20.114Z,2020-12-01T08:04:20.114Z,2,填囉,1,F
363e09c9-3a2b-4708-b0bc-08e78d45abde,234884930,2020-12-01T08:18:55.290Z,2020-12-01T08:18:55.290Z,3,填完囉,1,F
96754e4d-4acd-4cb6-9956-a83637c2f428,234884922,2020-11-29T17:43:21.886Z,2020-11-29T17:43:21.886Z,1,這時候難啊難啊 只剩路邊了,0,M
37c7051b-ab10-4881-ba5a-0c8633dcd873,234884922,2020-11-29T22:32:49.245Z,2020-11-29T22:32:49.245Z,2,房租一萬能接受嗎,1,M
c67de577-19a1-40f4-a641-0c9599a90775,234884922,2020-12-01T07:12:38.779Z,2020-12-01T07:12:38.779Z,3,親家問問？,0,M
c8351e04-5c56-4180-9284-050310ec2f59,234884922,2020-12-01T07:50:16.204Z,2020-12-01T07:50:16.204Z,4,伸手牌ㄛ 自己去找啦==,0,F
16895828-70a4-4b9a-92f8-87c68f2b3a10,234884922,2020-12-01T08:05:19.865Z,2020-12-01T08:05:19.865Z,5,B4 他最後一句不是已經說找過了 很難找了嗎🤣,1,F
d2c75380-72f1-4a96-9151-5feed2212c83,234884922,2020-12-01T12:07:10.625Z,2020-12-01T12:07:15.002Z,6,,,
5f6e8b66-ebd5-4700-8a2c-392d15fd0c4d,234884922,2020-12-01T12:07:38.359Z,2020-12-01T12:07:38.359Z,7,B2 一萬是哪裡的租屋呢？,0,F
a9b0350e-4b78-4966-beef-847e6c1a193c,234884922,2020-12-01T12:08:03.891Z,2020-12-01T12:08:03.891Z,8,B3 感謝感謝我會再去問看看的,0,F
56381b7b-0977-45be-80b7-b685f1673ed3,234884922,2020-12-01T12:10:01.172Z,2020-12-01T12:11:25.052Z,9,,,
378a2596-0573-42f3-ac70-89c743d5960f,234884922,2020-12-01T12:11:04.169Z,2020-12-01T12:11:04.169Z,10,B5 感謝感謝qwq 真的本人求門無助 有都用租屋網站搜尋了嶺東這邊真的是要靠認識才住得到好房子(இωஇ ),0,F
06089c91-a9e3-41db-b1f9-03c83e328821,234884922,2020-12-01T13:34:30.325Z,2020-12-01T13:34:30.325Z,11,B4 很派欸,0,F
a985ad98-4227-48f7-b1c9-6d0e605f7e30,234884922,2020-12-01T17:17:31.503Z,2020-12-01T17:17:31.503Z,12,我是四樓啦 當初我也是找了快一年才找到房子 沒伸過手 說很難找blablabla 用講的誰都會講啊 笑死 所有門路都找過了再來講好不好 有貼出租的問過了嗎 請問？,0,F
445f4b48-2218-4898-a92a-a72adc017d5d,234884922,2020-12-01T18:36:03.656Z,2020-12-01T18:36:03.656Z,13,B12 那你當初是找那種路邊貼電話的嗎！是不是都在小巷子內，那你現在住的地方很讚讚嗎！？感謝你願意告訴我別的找法耶〒▽〒,0,F
8d41b3cb-821e-4e9a-93c8-873a156d170a,234884922,2020-12-01T22:57:27.223Z,2020-12-01T22:57:27.223Z,14,臉書有個嶺東租屋網社團可以上去找找,0,F
63e4d4f9-6fc1-4abb-a6d2-9a25f9b9ac91,234884922,2020-12-03T13:42:16.030Z,2020-12-03T13:42:30.880Z,15,成功牛排巷子進去有棟彩虹玻璃7200$的如何,0,F
bb41f73a-1e8c-407e-92db-d66587ee9f76,234884922,2020-12-03T16:26:53.124Z,2020-12-03T16:26:53.124Z,16,B13  店面很多樓上都有在租 問店家基本上都會講 有電話有東西可以問就打 有問有機會,0,F
d74a8a9d-b1ec-4130-b8e9-c49b3fce92aa,234884922,2020-12-04T06:48:18.911Z,2020-12-04T06:48:18.911Z,17,"B14 好耶謝謝你！٩(•̤̀ᵕ•̤́๑)ᵒᵏᵎᵎᵎᵎ

B15 那棟我有在看！但一直沒有聯絡方式qq 是需要推薦人嗎？
B16 了解！謝謝你！！！嶺東租屋真的很神秘

謝謝你們人實在太棒了！(இωஇ )（下跪",0,F
42edd88d-8b02-4386-8b7a-484dc48f136d,234884922,2020-12-04T11:07:54.343Z,2020-12-04T11:07:54.343Z,18,我是b15 玻璃有貼喔 可以去看看,0,F
438ed081-85dc-4bb8-ac20-8c2d561a4f2b,234884922,2020-12-09T18:15:35.711Z,2020-12-09T18:15:35.711Z,19,B18 親家可以嗎？我的是VIP房，但因為是兩間打通的，然後有兩個車位，所以是10000,0,F
f02ef436-d5a0-4e03-b3c4-abac567b02fc,234880301,2020-11-27T16:38:53.548Z,2020-11-27T16:38:53.548Z,1,是的,1,M
88e16c50-91c7-47c9-84dc-96d927d7ded8,234880301,2020-11-29T10:32:59.718Z,2020-11-29T10:32:59.718Z,2,看你東西毀損程度喔,1,F
4ab21090-a069-4345-a634-e65e5a1c231c,234880301,2020-11-30T02:04:44.931Z,2020-11-30T02:04:44.931Z,3,好的 感謝你們的回應,0,F
9af7521b-90e6-4c9d-8d65-67216d1cd0db,234877453,2020-11-30T04:37:34.741Z,2020-11-30T04:37:53.829Z,1,,,
9e10b0d7-41f2-4136-bfab-b6be8f5a5e4b,234877453,2020-11-30T08:58:10.171Z,2020-11-30T08:58:10.171Z,2,再不拔鑰匙啊,0,M
f2b30142-8d6a-48e2-b126-91424e073304,234876275,2020-11-27T17:36:20.640Z,2020-11-27T17:36:20.640Z,1,嘴巴都是血,0,M
d586411d-5fc4-42da-a4db-0c258e0280b6,234876275,2020-11-28T02:23:08.903Z,2020-11-28T02:23:08.903Z,2,我剛開學在二校前面也被小黃送下去,0,M
200aee2c-9607-44eb-8753-86061ef45809,234876275,2020-11-28T02:30:09.637Z,2020-11-28T02:30:09.637Z,3,車爛了,0,M
0d8cadf7-8518-48d8-8527-d44bb0549175,234876275,2020-11-28T03:49:57.948Z,2020-11-28T03:49:57.948Z,4,他沒事了,1,F
2fe80d1b-88ff-4914-a2a2-2a6accbdffca,234876096,2020-11-27T02:44:12.340Z,2020-11-27T02:44:12.340Z,1,今天車超多停到後面了,1,F
8461b255-4a7e-4896-a6ea-0c6277a38154,234876096,2020-11-27T03:01:32.302Z,2020-11-27T03:01:32.302Z,2,水拉。活該被開單拉😜😜😜,8,M
70f96ca1-4d32-4f73-9532-8083d4357139,234876096,2020-11-27T04:47:14.777Z,2020-11-27T04:47:14.777Z,3,"好棒 真的欠開單
那邊本來就不能停
每次能走的地方都很小條
有的機車還會在人的後面催
也不想想自己是違規的==",23,F
09db457c-aec8-4873-9fbe-9762cb42f74f,234876096,2020-11-27T06:29:37.437Z,2020-11-27T06:29:37.437Z,4,水啦,2,F
f65fb112-d1c1-4a37-9503-f610c2c197db,234876096,2020-11-27T06:31:02.320Z,2020-11-27T06:31:02.320Z,5,"B3 真的
大一的時候我還會乖乖讓機車
後來想想不對rrr 本來這裡就不能停
之後碰到機車要出入，我就自己走自己
完全不想鳥有沒有車😂",2,F
4c7f1c11-4baf-4fed-a594-285e0eb39978,234876096,2020-11-27T10:36:40.230Z,2020-11-27T10:37:13.976Z,6,"爽啦！
不過下次妳要等警察開完單再po
不要給那些還沒被開到單的一個機會
躲過一次還是會有下次，讓他們被多開幾次才會懂得找位置停",3,M
46ba1006-b576-4646-88a5-16fdcd6fb630,234876096,2020-11-28T04:16:45.035Z,2020-11-28T04:16:45.035Z,7,開起來真爽,1,F
196a648c-aa40-43d4-824a-214870ab4d72,234876096,2020-11-28T15:54:12.874Z,2020-11-28T15:54:12.874Z,8,很好啊，那裡本來就不能停機車,1,F
802b3204-8dd6-4431-9748-d2c64f52dcf2,234874847,2020-11-26T17:56:01.656Z,2020-11-26T17:56:01.656Z,1,請問房租？,0,F
ef40793a-ed83-4ee9-b847-355fecd6c3ad,234874847,2020-11-27T02:33:04.770Z,2020-11-27T02:33:04.770Z,2,可以養寵物嗎？,0,F
2081c24d-c74b-423c-acbe-811aa4af2558,234874847,2020-11-27T05:26:24.518Z,2020-11-27T05:26:24.518Z,3,比較好奇租金的部分,0,F
5ea8f47e-1dbc-4142-bd7e-dac957d1b1ff,234874847,2020-11-27T05:35:55.689Z,2020-11-27T05:35:55.689Z,4,房租$$,0,F
6077d137-b7ac-44ab-9611-7ea307b62201,234874847,2020-11-27T06:08:00.045Z,2020-11-27T06:08:00.045Z,5,"B1 
B3 
B4 
房租的話是11300哦",0,F
765f21d4-c75f-4a54-91f8-0934f3d8119d,234874847,2020-11-27T06:08:29.682Z,2020-11-27T06:08:29.682Z,6,B2 寵物的話沒辦法,0,F
9961144c-21a5-4b77-a0e2-da95074964a3,234874847,2020-11-27T15:36:42.782Z,2020-11-27T15:36:42.782Z,7,"B5 租金是指一個學期嗎？還是一個月？
地址在哪裡呢？",0,F
32edf89a-3b86-4e2b-8165-d4a0d7686450,234874847,2020-11-27T15:41:10.081Z,2020-11-27T15:41:10.081Z,8,"B7 
當然是一個月～
在嶺東寶雅附近",0,F
ec57ecab-9c4e-47d7-b203-e14e9f566b95,234874847,2020-11-28T14:03:45.357Z,2020-11-28T14:03:45.357Z,9,請問有房間的照片嗎？,0,F
ac8a1071-149a-4179-a96f-c0ed6604ca52,234874847,2020-11-28T16:21:26.243Z,2020-11-28T16:21:26.243Z,10,請問有限性別嗎？,0,F
91065bf3-5c1b-45e1-a29c-0853219efc25,234874847,2020-11-28T18:20:17.812Z,2020-11-28T18:20:17.812Z,11,B9 有但是我想說不要直接放上來哈哈,0,F
cbeb850a-c85d-471d-9b38-9ffb13bafdc4,234874847,2020-11-28T18:20:38.090Z,2020-11-28T18:20:38.090Z,12,B10 沒有限制性別哦！,0,F
4ada6ada-21f7-41e3-aad5-ba533a373d53,234874847,2020-11-29T06:28:37.511Z,2020-11-29T06:28:37.511Z,13,還是方便哪裡可以看或是傳照片的～,0,F
2505c832-1a43-4f1a-9dd4-a6434a602945,234874847,2020-11-29T20:58:22.122Z,2020-11-29T20:58:22.122Z,14,B13 還是賴可以嗎,0,F
42dd183a-ef7c-42d9-8a15-2334e081231c,234874847,2020-11-30T17:47:07.624Z,2020-11-30T17:47:07.624Z,15,我也想看照片,0,F
03892fec-0e3d-4cbb-b1c2-fbd831b565fc,234874847,2020-11-30T18:50:55.490Z,2020-11-30T18:50:55.490Z,16,您好 想問是領袖昇華那棟嗎～是的話有興趣～,0,F
e610bd18-228b-48d0-a8be-5f183ca0a6c2,234874847,2020-12-01T04:53:41.188Z,2020-12-01T04:53:41.188Z,17,B16 不是欸,0,F
fe3bd7ac-68b3-4144-b434-e9fcf6e45256,234874847,2020-12-01T10:59:14.200Z,2020-12-01T10:59:14.200Z,18,B17 你可以➕賴看一下嗎～～～謝謝你！！,0,F
42e6403e-2ab1-41b8-b250-a597e48deac1,234874847,2020-12-01T14:14:23.322Z,2020-12-01T14:14:23.322Z,19,B18 可以,0,F
5e22575b-71b2-4101-bcad-e2fea0b95a4f,234874847,2020-12-01T16:05:29.124Z,2020-12-01T18:50:30.284Z,20,"B9 
B13 
B15 
B18 
照片的話麻煩幫我填一下表單我給你們(⁎⁍̴̛ᴗ⁍̴̛⁎)

https://docs.google.com/forms/d/e/1FAIpQLScSIi9EeelFdckt52MwMN2BRM2zQRTsqQswPYns6jhLPoT-Mg/viewform?usp=pp_url",0,F
cde2769f-7955-40f2-ab01-b44bed608c1f,234874847,2020-12-01T16:16:34.018Z,2020-12-01T16:16:34.018Z,21,B20 表單在哪裡😂😂😂,0,F
fcd4522d-f806-4bc3-b0cc-f219bb5f9962,234874847,2020-12-01T18:50:59.227Z,2020-12-01T18:50:59.227Z,22,忘記放 我補了 B21,0,F
bd84763c-33e3-4325-9874-15a2db2752c8,234874349,2020-11-26T16:10:13.922Z,2020-11-26T16:10:13.922Z,1,誰啊，幹，太白痴了吧😂😂😂😂,1,M
195b1f4d-d46b-447b-8d98-7f053d2574c4,234874349,2020-11-26T16:11:45.379Z,2020-11-26T16:11:45.379Z,2,還有人養古曼童呢！,1,M
8953f7f5-c13c-439f-9b44-32c05daa6efc,234874349,2020-11-26T16:20:54.343Z,2020-11-26T16:20:54.343Z,3,B2 古曼童？？那是什麼😐😐養小鬼？？,1,M
6cf94bbd-3e8f-4d7c-9e3a-469e2f92485e,234874349,2020-11-26T16:21:31.069Z,2020-11-26T16:21:31.069Z,4,B3 差不多 可以上網查一下,0,M
fc61acc7-2fe0-4e91-9372-0b7c10372ba5,234874349,2020-11-26T16:21:47.920Z,2020-11-26T16:21:47.920Z,5,B4 我的天。好醜喔😐😐😐,0,M
a30ec4d2-8c1a-4d46-927a-ac60530ddf12,234874349,2020-11-26T16:22:17.072Z,2020-11-26T16:22:17.072Z,6,B5 好醜？,0,M
a4858633-fd2e-4567-aea1-c05a4c7fb074,234874349,2020-11-26T16:23:07.710Z,2020-11-26T16:23:07.710Z,7,B6 對啊，就類似小鬼的東西。然後那個木頭像還真的黑爆。好醜。沒有美感,0,M
cd3cc120-1e5f-4737-b2a8-ad2eaba0362b,234874349,2020-11-26T16:24:02.072Z,2020-11-26T16:24:02.072Z,8,就跟小時候女生的八比娃娃一樣啊，拿個蠟筆跟水彩可能都畫的比他好看欸,0,M
cb5751e9-7ed5-425e-95b6-3fa8ebc4b775,234874349,2020-11-26T17:44:02.395Z,2020-11-26T17:44:02.395Z,9,醜人多作怪,1,M
53ca08a4-6b21-4d3b-94d1-34e208f496e7,234874349,2020-11-26T17:44:40.447Z,2020-11-26T17:44:40.447Z,10,醜人多做怪 帥哥都是低調的 我帥我驕傲,0,M
951399b2-ae7b-48b9-b283-fd9639d82ffa,234874349,2020-11-29T14:35:25.128Z,2020-11-29T14:35:25.128Z,11,笑死,0,M
3b012269-6885-4f29-afc5-27b484c86906,234872314,2020-11-26T11:17:41.519Z,2020-11-26T11:17:41.519Z,1,在哪辦啊，卡一個😐😐,0,M
69f5196a-9901-4271-8e84-04017271deae,234872314,2020-11-26T11:18:35.589Z,2020-11-26T11:18:35.589Z,2,上面那一排是怎⋯,9,F
32670dd3-b7e0-4363-8637-1cb2ff93d132,234872314,2020-11-26T11:22:42.871Z,2020-11-26T11:22:42.871Z,3,無感🤣,4,F
1ae578d1-71e4-4377-8168-d722c1e7c9a4,234872314,2020-11-26T12:14:42.887Z,2020-11-26T12:14:42.887Z,4,"為了怕胖團勉強去一下...
畢竟聽團仔",3,M
8e75f26d-890b-499b-b541-1cb67d47343c,234872314,2020-11-26T12:20:59.978Z,2020-11-26T12:20:59.978Z,5,沒有合辦 沒有繳錢 850....,1,F
5e6fb70b-8a49-4714-8a9a-5436025069bc,234872314,2020-11-26T17:14:29.529Z,2020-11-26T17:14:29.529Z,6,這價格我都能去洞穴嗨了^_^.....,4,F
f50b3530-a26f-413c-9315-339696eab15a,234872314,2020-11-26T23:29:26.764Z,2020-11-26T23:29:26.764Z,7,今年🙂🙂🙂🙂,1,F
5d0386b3-0baa-4223-8e0e-e22e2959f3e5,234872314,2020-11-27T03:22:45.571Z,2020-11-27T03:22:45.571Z,8,B5 有繳錢的加上去也差不多,0,M
5b48bd5a-90bb-4ea6-b24a-faeecf076d55,234872314,2020-11-27T04:36:22.484Z,2020-11-27T04:36:22.484Z,9,"https://i.imgur.com/E0mmn8P.jpg
票價資訊在此",0,M
cf3c6a54-fa60-4cbb-a89d-5a868734e0fc,234872314,2020-11-27T12:54:12.306Z,2020-11-27T12:54:12.306Z,10,B4和我去中科聽阿，中科也有怕胖,0,F
099b4814-ad17-44fe-9181-527962fb0bcc,234872314,2020-11-27T13:19:21.566Z,2020-11-27T13:19:21.566Z,11,校外人士應該是不能參加的吧？,0,F
872cc8b8-5026-48f9-bcdf-e4838a6f6a05,234872314,2020-11-27T19:39:36.691Z,2020-11-27T19:39:36.691Z,12,"最上面那排無言
其他都不錯",0,F
b8e1cf97-4877-48a9-bb0c-a8f1c44e6cfa,234872314,2020-11-27T23:19:58.607Z,2020-11-27T23:19:58.607Z,13,海鮮是怎麼回事？？,0,M
1acacd3e-77f5-46b0-a3c6-89c19c28852a,234872314,2020-11-28T07:36:11.544Z,2020-11-28T07:36:11.544Z,14,"B12 他們也有去勤益演唱 我有去看
我一開始也覺得無言 但看完覺得其實蠻可愛ㄉ",0,F
4a719eff-cd67-4a9c-9666-50901e4d9eee,234872314,2020-11-28T12:36:38.969Z,2020-11-28T12:36:38.969Z,15,除了婁跟凡其他好像還好,1,M
8be70932-bb05-4c97-be85-39fe05f0ff49,234872314,2020-11-28T15:52:02.400Z,2020-11-28T15:55:23.033Z,16,不是嶺東的可以來看嗎？還是有票就能看？,0,F
89879d63-0b09-42db-8f38-3bbb6b1e60b3,234872314,2020-11-28T17:00:42.117Z,2020-11-28T17:00:42.117Z,17,臥槽憑什麼夜校要850⋯,0,M
093f4e23-ad11-49a0-a8db-1b4725ab061a,234872314,2020-11-28T17:54:24.594Z,2020-11-28T17:54:24.594Z,18,"B17 因為夜校也沒有系會費這種東西啊

至於夜校學生會那邊可能沒跟日校學生會合辦吧

沒拿錢出來合辦也等於就算你有繳夜校學生會費
但日校那邊沒有辦法算你們有繳錢啊",0,M
6d9115c7-fd01-4bbd-8771-d269fad40f6b,234872314,2020-11-29T02:23:50.589Z,2020-11-29T02:23:50.589Z,19,為什麼嶺東都請沒看過的==,4,M
e6bb36cf-4dbd-4262-b9be-28c128d98742,234872314,2020-11-30T13:46:32.589Z,2020-11-30T13:46:32.589Z,20,藝人我覺得不錯，至少有有看過的,0,F
f6f2a0ad-3c79-4ef3-a8b1-2f1f30cd1945,234871251,2020-11-26T13:47:30.331Z,2020-11-26T13:47:30.331Z,1,拍的真不錯,0,M
fc52daf9-f273-4617-9bb1-70ee212ca3c9,234871251,2020-11-27T03:04:49.687Z,2020-11-27T03:04:49.687Z,2,懂拍🤣我感覺到安全帽跳脫世俗的框架了,0,M
99444a32-05a4-44ab-a8fb-e02595adbbe1,234871019,2020-11-26T07:30:56.740Z,2020-11-26T07:30:56.740Z,1,等到放寒假中間，學校會公告時段，上網列印繳費單,0,M
94f1ba93-dd48-413a-bb9d-5c30570200a3,234871019,2020-11-28T15:20:50.954Z,2020-11-28T15:20:50.954Z,2,"你是指學貸的書籍費嗎？
如果是學貸的書籍費學校表示預計12/10前",0,F
623fa114-0dfd-4db3-a7a3-959920819cef,234871019,2020-11-30T03:06:55.909Z,2020-11-30T03:06:55.909Z,3,"還沒拿到，爛死了
記得之前都會期中準時下來的，現在等到都要吃土了，還沒下來=-=",1,F
5929bed6-adba-49b1-bde8-b095f92e6540,234871019,2020-12-07T23:20:00.111Z,2020-12-07T23:20:00.111Z,4,我的錢今天撥款下來了,0,F
af2a03ee-5353-4e32-ad86-3070b6d1ea41,234871019,2020-12-08T08:07:09.710Z,2020-12-08T08:07:09.710Z,5,我的帳戶是郵政也收到了,0,F
74a2a2d1-8eb8-4926-b0f7-9909917aa116,234870100,2020-11-26T05:17:09.013Z,2020-11-26T05:17:09.013Z,1,帥耶！皮鞋丟在關東煮店頭一次聽到,0,M
